Case_ID,Activity,Timestamp,Resource,Department,Incident_Type
INC_1000,Ticket Created,2026-04-03 11:00:00.000000,Alex,Tier 1,Software Bug
INC_1000,Escalated,2026-04-03 12:49:12.093493,Alex,Tier 1,Software Bug
INC_1000,In Progress,2026-04-03 13:04:12.093493,Frank,Tier 2 - Software,Software Bug
INC_1000,Resolved,2026-04-04 02:06:05.416188,Frank,Tier 2 - Software,Software Bug
INC_1000,Closed,2026-04-04 03:06:05.416188,Alex,Tier 1,Software Bug
INC_1001,Ticket Created,2026-04-28 09:00:00.000000,Alex,Tier 1,Software Bug
INC_1001,Resolved,2026-04-28 09:59:00.000000,Alex,Tier 1,Software Bug
INC_1001,Closed,2026-04-28 10:09:00.000000,Alex,Tier 1,Software Bug
INC_1002,Ticket Created,2026-04-19 17:00:00.000000,Charlie,Tier 1,Hardware Failure
INC_1002,Escalated,2026-04-19 18:38:43.432317,Charlie,Tier 1,Hardware Failure
INC_1002,In Progress,2026-04-19 18:53:43.432317,Grace,Tier 2 - Software,Hardware Failure
INC_1002,Resolved,2026-04-19 20:45:46.693674,Grace,Tier 2 - Software,Hardware Failure
INC_1002,Closed,2026-04-19 21:45:46.693674,Charlie,Tier 1,Hardware Failure
INC_1003,Ticket Created,2026-04-14 16:00:00.000000,Charlie,Tier 1,Password Reset
INC_1003,Resolved,2026-04-14 16:26:00.000000,Charlie,Tier 1,Password Reset
INC_1003,Closed,2026-04-14 16:36:00.000000,Charlie,Tier 1,Password Reset
INC_1004,Ticket Created,2026-04-13 17:00:00.000000,Brea,Tier 1,Password Reset
INC_1004,Resolved,2026-04-13 17:42:00.000000,Brea,Tier 1,Password Reset
INC_1004,Closed,2026-04-13 17:52:00.000000,Brea,Tier 1,Password Reset
INC_1005,Ticket Created,2026-04-08 11:00:00.000000,Charlie,Tier 1,Password Reset
INC_1005,Resolved,2026-04-08 11:44:00.000000,Charlie,Tier 1,Password Reset
INC_1005,Closed,2026-04-08 11:54:00.000000,Charlie,Tier 1,Password Reset
INC_1006,Ticket Created,2026-04-11 10:00:00.000000,Alex,Tier 1,Network Issue
INC_1006,Resolved,2026-04-11 11:06:00.000000,Alex,Tier 1,Network Issue
INC_1006,Closed,2026-04-11 11:16:00.000000,Alex,Tier 1,Network Issue
INC_1007,Ticket Created,2026-04-15 16:00:00.000000,Charlie,Tier 1,Software Bug
INC_1007,Escalated,2026-04-15 17:57:00.863672,Charlie,Tier 1,Software Bug
INC_1007,In Progress,2026-04-15 18:12:00.863672,Frank,Tier 2 - Software,Software Bug
INC_1007,Resolved,2026-04-16 13:48:43.495593,Frank,Tier 2 - Software,Software Bug
INC_1007,Closed,2026-04-16 14:48:43.495593,Charlie,Tier 1,Software Bug
INC_1008,Ticket Created,2026-04-04 10:00:00.000000,Alex,Tier 1,Software Bug
INC_1008,Escalated,2026-04-04 10:59:41.410997,Alex,Tier 1,Software Bug
INC_1008,In Progress,2026-04-04 11:14:41.410997,Frank,Tier 2 - Software,Software Bug
INC_1008,Resolved,2026-04-04 23:54:00.522082,Frank,Tier 2 - Software,Software Bug
INC_1008,Closed,2026-04-05 00:54:00.522082,Alex,Tier 1,Software Bug
INC_1009,Ticket Created,2026-04-20 11:00:00.000000,Dani,Tier 1,Software Bug
INC_1009,Escalated,2026-04-20 12:00:00.000000,Dani,Tier 1,Software Bug
INC_1009,Awaiting Info,2026-04-20 14:00:00.000000,Frank,Tier 2 - Software,Software Bug
INC_1009,In Progress,2026-04-21 08:52:01.327002,Dani,Tier 1,Software Bug
INC_1009,Resolved,2026-04-21 13:19:30.979529,Frank,Tier 2 - Software,Software Bug
INC_1009,Closed,2026-04-21 15:19:30.979529,Dani,Tier 1,Software Bug
INC_1010,Ticket Created,2026-04-20 10:00:00.000000,Dani,Tier 1,Network Issue
INC_1010,Escalated,2026-04-20 10:31:11.681132,Dani,Tier 1,Network Issue
INC_1010,In Progress,2026-04-20 10:46:11.681132,Elena,Tier 2 - Network,Network Issue
INC_1010,Resolved,2026-04-21 04:25:51.956571,Elena,Tier 2 - Network,Network Issue
INC_1010,Closed,2026-04-21 05:25:51.956571,Dani,Tier 1,Network Issue
INC_1011,Ticket Created,2026-04-27 16:00:00.000000,Dani,Tier 1,Network Issue
INC_1011,Escalated,2026-04-27 17:00:00.000000,Dani,Tier 1,Network Issue
INC_1011,Awaiting Info,2026-04-27 19:00:00.000000,Elena,Tier 2 - Network,Network Issue
INC_1011,In Progress,2026-04-28 13:57:19.475293,Dani,Tier 1,Network Issue
INC_1011,In Progress,2026-04-28 17:57:19.475293,Henry,Tier 3 - Management,Network Issue
INC_1011,Resolved,2026-04-28 20:51:44.712699,Elena,Tier 2 - Network,Network Issue
INC_1011,Closed,2026-04-28 22:51:44.712699,Dani,Tier 1,Network Issue
INC_1012,Ticket Created,2026-04-29 14:00:00.000000,Alex,Tier 1,Software Bug
INC_1012,Escalated,2026-04-29 15:00:00.000000,Alex,Tier 1,Software Bug
INC_1012,Awaiting Info,2026-04-29 17:00:00.000000,Grace,Tier 2 - Software,Software Bug
INC_1012,In Progress,2026-04-30 10:38:41.826082,Alex,Tier 1,Software Bug
INC_1012,Resolved,2026-04-30 14:17:14.036115,Grace,Tier 2 - Software,Software Bug
INC_1012,Closed,2026-04-30 16:17:14.036115,Alex,Tier 1,Software Bug
INC_1013,Ticket Created,2026-04-14 11:00:00.000000,Charlie,Tier 1,Hardware Failure
INC_1013,Escalated,2026-04-14 12:10:54.016187,Charlie,Tier 1,Hardware Failure
INC_1013,In Progress,2026-04-14 12:25:54.016187,Frank,Tier 2 - Software,Hardware Failure
INC_1013,Resolved,2026-04-14 16:34:10.865580,Frank,Tier 2 - Software,Hardware Failure
INC_1013,Closed,2026-04-14 17:34:10.865580,Charlie,Tier 1,Hardware Failure
INC_1014,Ticket Created,2026-04-09 15:00:00.000000,Charlie,Tier 1,Password Reset
INC_1014,Resolved,2026-04-09 16:30:00.000000,Charlie,Tier 1,Password Reset
INC_1014,Closed,2026-04-09 16:40:00.000000,Charlie,Tier 1,Password Reset
INC_1015,Ticket Created,2026-04-11 10:00:00.000000,Dani,Tier 1,Password Reset
INC_1015,Resolved,2026-04-11 11:02:00.000000,Dani,Tier 1,Password Reset
INC_1015,Closed,2026-04-11 11:12:00.000000,Dani,Tier 1,Password Reset
INC_1016,Ticket Created,2026-04-17 15:00:00.000000,Charlie,Tier 1,Password Reset
INC_1016,Resolved,2026-04-17 15:38:00.000000,Charlie,Tier 1,Password Reset
INC_1016,Closed,2026-04-17 15:48:00.000000,Charlie,Tier 1,Password Reset
INC_1017,Ticket Created,2026-04-20 09:00:00.000000,Brea,Tier 1,Software Bug
INC_1017,Escalated,2026-04-20 10:00:00.000000,Brea,Tier 1,Software Bug
INC_1017,Awaiting Info,2026-04-20 12:00:00.000000,Frank,Tier 2 - Software,Software Bug
INC_1017,In Progress,2026-04-21 00:16:37.520850,Brea,Tier 1,Software Bug
INC_1017,Resolved,2026-04-21 02:48:17.221506,Frank,Tier 2 - Software,Software Bug
INC_1017,Closed,2026-04-21 04:48:17.221506,Brea,Tier 1,Software Bug
INC_1018,Ticket Created,2026-04-21 17:00:00.000000,Alex,Tier 1,Network Issue
INC_1018,Escalated,2026-04-21 17:54:40.103724,Alex,Tier 1,Network Issue
INC_1018,In Progress,2026-04-21 18:09:40.103724,Elena,Tier 2 - Network,Network Issue
INC_1018,Resolved,2026-04-21 23:32:58.631326,Elena,Tier 2 - Network,Network Issue
INC_1018,Closed,2026-04-22 00:32:58.631326,Alex,Tier 1,Network Issue
INC_1019,Ticket Created,2026-04-05 13:00:00.000000,Dani,Tier 1,Software Bug
INC_1019,Escalated,2026-04-05 14:00:00.000000,Dani,Tier 1,Software Bug
INC_1019,Awaiting Info,2026-04-05 16:00:00.000000,Grace,Tier 2 - Software,Software Bug
INC_1019,In Progress,2026-04-06 07:44:38.223845,Dani,Tier 1,Software Bug
INC_1019,Resolved,2026-04-06 11:42:55.467441,Grace,Tier 2 - Software,Software Bug
INC_1019,Closed,2026-04-06 13:42:55.467441,Dani,Tier 1,Software Bug
INC_1020,Ticket Created,2026-04-17 09:00:00.000000,Charlie,Tier 1,Network Issue
INC_1020,Escalated,2026-04-17 09:49:42.002016,Charlie,Tier 1,Network Issue
INC_1020,In Progress,2026-04-17 10:04:42.002016,David,Tier 2 - Network,Network Issue
INC_1020,Resolved,2026-04-17 16:51:42.009649,David,Tier 2 - Network,Network Issue
INC_1020,Closed,2026-04-17 17:51:42.009649,Charlie,Tier 1,Network Issue
INC_1021,Ticket Created,2026-04-20 17:00:00.000000,Charlie,Tier 1,Password Reset
INC_1021,Resolved,2026-04-20 17:21:00.000000,Charlie,Tier 1,Password Reset
INC_1021,Closed,2026-04-20 17:31:00.000000,Charlie,Tier 1,Password Reset
INC_1022,Ticket Created,2026-04-25 10:00:00.000000,Brea,Tier 1,Hardware Failure
INC_1022,Resolved,2026-04-25 11:21:00.000000,Brea,Tier 1,Hardware Failure
INC_1022,Closed,2026-04-25 11:31:00.000000,Brea,Tier 1,Hardware Failure
INC_1023,Ticket Created,2026-04-21 15:00:00.000000,Charlie,Tier 1,Password Reset
INC_1023,Resolved,2026-04-21 16:16:00.000000,Charlie,Tier 1,Password Reset
INC_1023,Closed,2026-04-21 16:26:00.000000,Charlie,Tier 1,Password Reset
INC_1024,Ticket Created,2026-04-24 15:00:00.000000,Brea,Tier 1,Hardware Failure
INC_1024,Escalated,2026-04-24 16:01:11.022295,Brea,Tier 1,Hardware Failure
INC_1024,In Progress,2026-04-24 16:16:11.022295,Frank,Tier 2 - Software,Hardware Failure
INC_1024,Resolved,2026-04-24 20:32:08.432993,Frank,Tier 2 - Software,Hardware Failure
INC_1024,Closed,2026-04-24 21:32:08.432993,Brea,Tier 1,Hardware Failure
INC_1025,Ticket Created,2026-04-09 16:00:00.000000,Dani,Tier 1,Software Bug
INC_1025,Resolved,2026-04-09 17:03:00.000000,Dani,Tier 1,Software Bug
INC_1025,Closed,2026-04-09 17:13:00.000000,Dani,Tier 1,Software Bug
INC_1026,Ticket Created,2026-04-08 16:00:00.000000,Dani,Tier 1,Password Reset
INC_1026,Resolved,2026-04-08 17:24:00.000000,Dani,Tier 1,Password Reset
INC_1026,Closed,2026-04-08 17:34:00.000000,Dani,Tier 1,Password Reset
INC_1027,Ticket Created,2026-04-06 14:00:00.000000,Dani,Tier 1,Hardware Failure
INC_1027,Escalated,2026-04-06 15:48:19.059794,Dani,Tier 1,Hardware Failure
INC_1027,In Progress,2026-04-06 16:03:19.059794,Grace,Tier 2 - Software,Hardware Failure
INC_1027,Resolved,2026-04-06 17:08:07.595739,Grace,Tier 2 - Software,Hardware Failure
INC_1027,Closed,2026-04-06 18:08:07.595739,Dani,Tier 1,Hardware Failure
INC_1028,Ticket Created,2026-04-27 09:00:00.000000,Alex,Tier 1,Network Issue
INC_1028,Escalated,2026-04-27 09:30:24.550706,Alex,Tier 1,Network Issue
INC_1028,In Progress,2026-04-27 09:45:24.550706,Elena,Tier 2 - Network,Network Issue
INC_1028,Resolved,2026-04-28 03:22:00.080383,Elena,Tier 2 - Network,Network Issue
INC_1028,Closed,2026-04-28 04:22:00.080383,Alex,Tier 1,Network Issue
INC_1029,Ticket Created,2026-04-14 16:00:00.000000,Brea,Tier 1,Network Issue
INC_1029,Escalated,2026-04-14 17:00:00.000000,Brea,Tier 1,Network Issue
INC_1029,Awaiting Info,2026-04-14 19:00:00.000000,David,Tier 2 - Network,Network Issue
INC_1029,In Progress,2026-04-15 10:21:54.803481,Brea,Tier 1,Network Issue
INC_1029,In Progress,2026-04-15 14:21:54.803481,Henry,Tier 3 - Management,Network Issue
INC_1029,Resolved,2026-04-15 18:07:01.870140,David,Tier 2 - Network,Network Issue
INC_1029,Closed,2026-04-15 20:07:01.870140,Brea,Tier 1,Network Issue
INC_1030,Ticket Created,2026-04-02 13:00:00.000000,Charlie,Tier 1,Hardware Failure
INC_1030,Resolved,2026-04-02 13:27:00.000000,Charlie,Tier 1,Hardware Failure
INC_1030,Closed,2026-04-02 13:37:00.000000,Charlie,Tier 1,Hardware Failure
INC_1031,Ticket Created,2026-05-01 11:00:00.000000,Dani,Tier 1,Network Issue
INC_1031,Escalated,2026-05-01 12:00:00.000000,Dani,Tier 1,Network Issue
INC_1031,Awaiting Info,2026-05-01 14:00:00.000000,Elena,Tier 2 - Network,Network Issue
INC_1031,In Progress,2026-05-02 05:31:45.968389,Dani,Tier 1,Network Issue
INC_1031,In Progress,2026-05-02 09:31:45.968389,Henry,Tier 3 - Management,Network Issue
INC_1031,Resolved,2026-05-02 12:05:52.597702,Elena,Tier 2 - Network,Network Issue
INC_1031,Closed,2026-05-02 14:05:52.597702,Dani,Tier 1,Network Issue
INC_1032,Ticket Created,2026-04-25 14:00:00.000000,Charlie,Tier 1,Software Bug
INC_1032,Escalated,2026-04-25 14:55:06.572535,Charlie,Tier 1,Software Bug
INC_1032,In Progress,2026-04-25 15:10:06.572535,Frank,Tier 2 - Software,Software Bug
INC_1032,Resolved,2026-04-26 05:43:40.608854,Frank,Tier 2 - Software,Software Bug
INC_1032,Closed,2026-04-26 06:43:40.608854,Charlie,Tier 1,Software Bug
INC_1033,Ticket Created,2026-04-20 13:00:00.000000,Charlie,Tier 1,Password Reset
INC_1033,Resolved,2026-04-20 13:27:00.000000,Charlie,Tier 1,Password Reset
INC_1033,Closed,2026-04-20 13:37:00.000000,Charlie,Tier 1,Password Reset
INC_1034,Ticket Created,2026-05-01 11:00:00.000000,Dani,Tier 1,Hardware Failure
INC_1034,Resolved,2026-05-01 11:50:00.000000,Dani,Tier 1,Hardware Failure
INC_1034,Closed,2026-05-01 12:00:00.000000,Dani,Tier 1,Hardware Failure
INC_1035,Ticket Created,2026-04-16 09:00:00.000000,Charlie,Tier 1,Password Reset
INC_1035,Escalated,2026-04-16 10:46:49.101009,Charlie,Tier 1,Password Reset
INC_1035,In Progress,2026-04-16 11:01:49.101009,Grace,Tier 2 - Software,Password Reset
INC_1035,Resolved,2026-04-16 15:29:35.501432,Grace,Tier 2 - Software,Password Reset
INC_1035,Closed,2026-04-16 16:29:35.501432,Charlie,Tier 1,Password Reset
INC_1036,Ticket Created,2026-04-12 14:00:00.000000,Dani,Tier 1,Network Issue
INC_1036,Resolved,2026-04-12 15:08:00.000000,Dani,Tier 1,Network Issue
INC_1036,Closed,2026-04-12 15:18:00.000000,Dani,Tier 1,Network Issue
INC_1037,Ticket Created,2026-04-15 10:00:00.000000,Alex,Tier 1,Software Bug
INC_1037,Resolved,2026-04-15 11:12:00.000000,Alex,Tier 1,Software Bug
INC_1037,Closed,2026-04-15 11:22:00.000000,Alex,Tier 1,Software Bug
INC_1038,Ticket Created,2026-04-10 10:00:00.000000,Charlie,Tier 1,Hardware Failure
INC_1038,Escalated,2026-04-10 11:52:05.493928,Charlie,Tier 1,Hardware Failure
INC_1038,In Progress,2026-04-10 12:07:05.493928,Grace,Tier 2 - Software,Hardware Failure
INC_1038,Resolved,2026-04-10 16:18:40.854441,Grace,Tier 2 - Software,Hardware Failure
INC_1038,Closed,2026-04-10 17:18:40.854441,Charlie,Tier 1,Hardware Failure
INC_1039,Ticket Created,2026-04-09 14:00:00.000000,Brea,Tier 1,Hardware Failure
INC_1039,Escalated,2026-04-09 15:12:39.112326,Brea,Tier 1,Hardware Failure
INC_1039,In Progress,2026-04-09 15:27:39.112326,Grace,Tier 2 - Software,Hardware Failure
INC_1039,Resolved,2026-04-09 19:11:27.578830,Grace,Tier 2 - Software,Hardware Failure
INC_1039,Closed,2026-04-09 20:11:27.578830,Brea,Tier 1,Hardware Failure
INC_1040,Ticket Created,2026-04-29 15:00:00.000000,Alex,Tier 1,Password Reset
INC_1040,Resolved,2026-04-29 15:53:00.000000,Alex,Tier 1,Password Reset
INC_1040,Closed,2026-04-29 16:03:00.000000,Alex,Tier 1,Password Reset
INC_1041,Ticket Created,2026-04-24 13:00:00.000000,Alex,Tier 1,Network Issue
INC_1041,Escalated,2026-04-24 13:45:38.552953,Alex,Tier 1,Network Issue
INC_1041,In Progress,2026-04-24 14:00:38.552953,David,Tier 2 - Network,Network Issue
INC_1041,Resolved,2026-04-25 03:15:40.738666,David,Tier 2 - Network,Network Issue
INC_1041,Closed,2026-04-25 04:15:40.738666,Alex,Tier 1,Network Issue
INC_1042,Ticket Created,2026-04-02 16:00:00.000000,Brea,Tier 1,Software Bug
INC_1042,Escalated,2026-04-02 17:21:10.340214,Brea,Tier 1,Software Bug
INC_1042,In Progress,2026-04-02 17:36:10.340214,Grace,Tier 2 - Software,Software Bug
INC_1042,Resolved,2026-04-03 12:18:27.952980,Grace,Tier 2 - Software,Software Bug
INC_1042,Closed,2026-04-03 13:18:27.952980,Brea,Tier 1,Software Bug
INC_1043,Ticket Created,2026-05-01 16:00:00.000000,Brea,Tier 1,Network Issue
INC_1043,Escalated,2026-05-01 16:53:00.405424,Brea,Tier 1,Network Issue
INC_1043,In Progress,2026-05-01 17:08:00.405424,Elena,Tier 2 - Network,Network Issue
INC_1043,Resolved,2026-05-02 05:08:14.794922,Elena,Tier 2 - Network,Network Issue
INC_1043,Closed,2026-05-02 06:08:14.794922,Brea,Tier 1,Network Issue
INC_1044,Ticket Created,2026-04-18 10:00:00.000000,Dani,Tier 1,Network Issue
INC_1044,Escalated,2026-04-18 11:05:59.513452,Dani,Tier 1,Network Issue
INC_1044,In Progress,2026-04-18 11:20:59.513452,Elena,Tier 2 - Network,Network Issue
INC_1044,Resolved,2026-04-19 04:28:36.640309,Elena,Tier 2 - Network,Network Issue
INC_1044,Closed,2026-04-19 05:28:36.640309,Dani,Tier 1,Network Issue
INC_1045,Ticket Created,2026-04-10 09:00:00.000000,Brea,Tier 1,Network Issue
INC_1045,Escalated,2026-04-10 10:14:31.364177,Brea,Tier 1,Network Issue
INC_1045,In Progress,2026-04-10 10:29:31.364177,Elena,Tier 2 - Network,Network Issue
INC_1045,Resolved,2026-04-10 22:56:24.840313,Elena,Tier 2 - Network,Network Issue
INC_1045,Closed,2026-04-10 23:56:24.840313,Brea,Tier 1,Network Issue
INC_1046,Ticket Created,2026-04-26 12:00:00.000000,Brea,Tier 1,Network Issue
INC_1046,Escalated,2026-04-26 13:37:50.948780,Brea,Tier 1,Network Issue
INC_1046,In Progress,2026-04-26 13:52:50.948780,Elena,Tier 2 - Network,Network Issue
INC_1046,Resolved,2026-04-26 20:24:03.102742,Elena,Tier 2 - Network,Network Issue
INC_1046,Closed,2026-04-26 21:24:03.102742,Brea,Tier 1,Network Issue
INC_1047,Ticket Created,2026-04-18 13:00:00.000000,Charlie,Tier 1,Password Reset
INC_1047,Resolved,2026-04-18 14:22:00.000000,Charlie,Tier 1,Password Reset
INC_1047,Closed,2026-04-18 14:32:00.000000,Charlie,Tier 1,Password Reset
INC_1048,Ticket Created,2026-04-18 11:00:00.000000,Alex,Tier 1,Software Bug
INC_1048,Escalated,2026-04-18 12:00:00.000000,Alex,Tier 1,Software Bug
INC_1048,Awaiting Info,2026-04-18 14:00:00.000000,Grace,Tier 2 - Software,Software Bug
INC_1048,In Progress,2026-04-19 04:56:29.924148,Alex,Tier 1,Software Bug
INC_1048,Resolved,2026-04-19 10:00:19.646678,Grace,Tier 2 - Software,Software Bug
INC_1048,Closed,2026-04-19 12:00:19.646678,Alex,Tier 1,Software Bug
INC_1049,Ticket Created,2026-04-23 16:00:00.000000,Charlie,Tier 1,Software Bug
INC_1049,Escalated,2026-04-23 17:00:00.000000,Charlie,Tier 1,Software Bug
INC_1049,Awaiting Info,2026-04-23 19:00:00.000000,Frank,Tier 2 - Software,Software Bug
INC_1049,In Progress,2026-04-24 10:37:03.777728,Charlie,Tier 1,Software Bug
INC_1049,Resolved,2026-04-24 12:40:53.129196,Frank,Tier 2 - Software,Software Bug
INC_1049,Closed,2026-04-24 14:40:53.129196,Charlie,Tier 1,Software Bug
INC_1050,Ticket Created,2026-04-10 09:00:00.000000,Brea,Tier 1,Software Bug
INC_1050,Escalated,2026-04-10 09:31:09.721516,Brea,Tier 1,Software Bug
INC_1050,In Progress,2026-04-10 09:46:09.721516,Frank,Tier 2 - Software,Software Bug
INC_1050,Resolved,2026-04-10 21:26:04.553817,Frank,Tier 2 - Software,Software Bug
INC_1050,Closed,2026-04-10 22:26:04.553817,Brea,Tier 1,Software Bug
INC_1051,Ticket Created,2026-04-03 12:00:00.000000,Charlie,Tier 1,Network Issue
INC_1051,Escalated,2026-04-03 13:00:00.000000,Charlie,Tier 1,Network Issue
INC_1051,Awaiting Info,2026-04-03 15:00:00.000000,David,Tier 2 - Network,Network Issue
INC_1051,In Progress,2026-04-04 06:48:49.674441,Charlie,Tier 1,Network Issue
INC_1051,In Progress,2026-04-04 10:48:49.674441,Henry,Tier 3 - Management,Network Issue
INC_1051,Resolved,2026-04-04 16:31:16.469674,David,Tier 2 - Network,Network Issue
INC_1051,Closed,2026-04-04 18:31:16.469674,Charlie,Tier 1,Network Issue
INC_1052,Ticket Created,2026-04-03 13:00:00.000000,Charlie,Tier 1,Network Issue
INC_1052,Escalated,2026-04-03 14:00:00.000000,Charlie,Tier 1,Network Issue
INC_1052,Awaiting Info,2026-04-03 16:00:00.000000,Elena,Tier 2 - Network,Network Issue
INC_1052,In Progress,2026-04-04 02:45:42.068867,Charlie,Tier 1,Network Issue
INC_1052,In Progress,2026-04-04 06:45:42.068867,Henry,Tier 3 - Management,Network Issue
INC_1052,Resolved,2026-04-04 12:32:22.921628,Elena,Tier 2 - Network,Network Issue
INC_1052,Closed,2026-04-04 14:32:22.921628,Charlie,Tier 1,Network Issue
INC_1053,Ticket Created,2026-04-04 13:00:00.000000,Brea,Tier 1,Software Bug
INC_1053,Escalated,2026-04-04 14:00:00.000000,Brea,Tier 1,Software Bug
INC_1053,Awaiting Info,2026-04-04 16:00:00.000000,Frank,Tier 2 - Software,Software Bug
INC_1053,In Progress,2026-04-05 03:16:37.404243,Brea,Tier 1,Software Bug
INC_1053,Resolved,2026-04-05 07:10:19.862358,Frank,Tier 2 - Software,Software Bug
INC_1053,Closed,2026-04-05 09:10:19.862358,Brea,Tier 1,Software Bug
INC_1054,Ticket Created,2026-04-22 11:00:00.000000,Alex,Tier 1,Network Issue
INC_1054,Escalated,2026-04-22 12:00:00.000000,Alex,Tier 1,Network Issue
INC_1054,Awaiting Info,2026-04-22 14:00:00.000000,David,Tier 2 - Network,Network Issue
INC_1054,In Progress,2026-04-23 07:26:15.344454,Alex,Tier 1,Network Issue
INC_1054,In Progress,2026-04-23 11:26:15.344454,Henry,Tier 3 - Management,Network Issue
INC_1054,Resolved,2026-04-23 13:53:42.053295,David,Tier 2 - Network,Network Issue
INC_1054,Closed,2026-04-23 15:53:42.053295,Alex,Tier 1,Network Issue
INC_1055,Ticket Created,2026-04-13 14:00:00.000000,Brea,Tier 1,Network Issue
INC_1055,Escalated,2026-04-13 15:05:17.158636,Brea,Tier 1,Network Issue
INC_1055,In Progress,2026-04-13 15:20:17.158636,David,Tier 2 - Network,Network Issue
INC_1055,Resolved,2026-04-14 00:12:41.024427,David,Tier 2 - Network,Network Issue
INC_1055,Closed,2026-04-14 01:12:41.024427,Brea,Tier 1,Network Issue
INC_1056,Ticket Created,2026-04-05 15:00:00.000000,Brea,Tier 1,Software Bug
INC_1056,Escalated,2026-04-05 16:00:00.000000,Brea,Tier 1,Software Bug
INC_1056,Awaiting Info,2026-04-05 18:00:00.000000,Grace,Tier 2 - Software,Software Bug
INC_1056,In Progress,2026-04-06 12:06:31.505039,Brea,Tier 1,Software Bug
INC_1056,Resolved,2026-04-06 14:15:25.223644,Grace,Tier 2 - Software,Software Bug
INC_1056,Closed,2026-04-06 16:15:25.223644,Brea,Tier 1,Software Bug
INC_1057,Ticket Created,2026-04-18 09:00:00.000000,Charlie,Tier 1,Network Issue
INC_1057,Escalated,2026-04-18 09:57:43.605809,Charlie,Tier 1,Network Issue
INC_1057,In Progress,2026-04-18 10:12:43.605809,Elena,Tier 2 - Network,Network Issue
INC_1057,Resolved,2026-04-19 04:11:14.259780,Elena,Tier 2 - Network,Network Issue
INC_1057,Closed,2026-04-19 05:11:14.259780,Charlie,Tier 1,Network Issue
INC_1058,Ticket Created,2026-04-11 09:00:00.000000,Dani,Tier 1,Network Issue
INC_1058,Escalated,2026-04-11 09:30:37.344194,Dani,Tier 1,Network Issue
INC_1058,In Progress,2026-04-11 09:45:37.344194,David,Tier 2 - Network,Network Issue
INC_1058,Resolved,2026-04-11 16:16:11.098166,David,Tier 2 - Network,Network Issue
INC_1058,Closed,2026-04-11 17:16:11.098166,Dani,Tier 1,Network Issue
INC_1059,Ticket Created,2026-04-13 17:00:00.000000,Charlie,Tier 1,Network Issue
INC_1059,Escalated,2026-04-13 18:00:00.000000,Charlie,Tier 1,Network Issue
INC_1059,Awaiting Info,2026-04-13 20:00:00.000000,David,Tier 2 - Network,Network Issue
INC_1059,In Progress,2026-04-14 12:45:44.929011,Charlie,Tier 1,Network Issue
INC_1059,In Progress,2026-04-14 16:45:44.929011,Henry,Tier 3 - Management,Network Issue
INC_1059,Resolved,2026-04-14 19:59:29.887001,David,Tier 2 - Network,Network Issue
INC_1059,Closed,2026-04-14 21:59:29.887001,Charlie,Tier 1,Network Issue
INC_1060,Ticket Created,2026-04-06 13:00:00.000000,Dani,Tier 1,Software Bug
INC_1060,Escalated,2026-04-06 13:58:36.138105,Dani,Tier 1,Software Bug
INC_1060,In Progress,2026-04-06 14:13:36.138105,Frank,Tier 2 - Software,Software Bug
INC_1060,Resolved,2026-04-06 21:26:52.673935,Frank,Tier 2 - Software,Software Bug
INC_1060,Closed,2026-04-06 22:26:52.673935,Dani,Tier 1,Software Bug
INC_1061,Ticket Created,2026-04-04 11:00:00.000000,Brea,Tier 1,Hardware Failure
INC_1061,Resolved,2026-04-04 11:42:00.000000,Brea,Tier 1,Hardware Failure
INC_1061,Closed,2026-04-04 11:52:00.000000,Brea,Tier 1,Hardware Failure
INC_1062,Ticket Created,2026-04-02 12:00:00.000000,Brea,Tier 1,Network Issue
INC_1062,Escalated,2026-04-02 13:10:29.975189,Brea,Tier 1,Network Issue
INC_1062,In Progress,2026-04-02 13:25:29.975189,David,Tier 2 - Network,Network Issue
INC_1062,Resolved,2026-04-03 07:21:13.204869,David,Tier 2 - Network,Network Issue
INC_1062,Closed,2026-04-03 08:21:13.204869,Brea,Tier 1,Network Issue
INC_1063,Ticket Created,2026-04-18 12:00:00.000000,Dani,Tier 1,Network Issue
INC_1063,Escalated,2026-04-18 13:10:52.979611,Dani,Tier 1,Network Issue
INC_1063,In Progress,2026-04-18 13:25:52.979611,David,Tier 2 - Network,Network Issue
INC_1063,Resolved,2026-04-18 20:51:20.035264,David,Tier 2 - Network,Network Issue
INC_1063,Closed,2026-04-18 21:51:20.035264,Dani,Tier 1,Network Issue
INC_1064,Ticket Created,2026-04-14 16:00:00.000000,Dani,Tier 1,Software Bug
INC_1064,Resolved,2026-04-14 17:04:00.000000,Dani,Tier 1,Software Bug
INC_1064,Closed,2026-04-14 17:14:00.000000,Dani,Tier 1,Software Bug
INC_1065,Ticket Created,2026-04-14 15:00:00.000000,Brea,Tier 1,Software Bug
INC_1065,Escalated,2026-04-14 16:00:00.000000,Brea,Tier 1,Software Bug
INC_1065,Awaiting Info,2026-04-14 18:00:00.000000,Frank,Tier 2 - Software,Software Bug
INC_1065,In Progress,2026-04-15 12:01:11.329666,Brea,Tier 1,Software Bug
INC_1065,Resolved,2026-04-15 14:32:24.572595,Frank,Tier 2 - Software,Software Bug
INC_1065,Closed,2026-04-15 16:32:24.572595,Brea,Tier 1,Software Bug
INC_1066,Ticket Created,2026-04-11 11:00:00.000000,Charlie,Tier 1,Hardware Failure
INC_1066,Resolved,2026-04-11 12:09:00.000000,Charlie,Tier 1,Hardware Failure
INC_1066,Closed,2026-04-11 12:19:00.000000,Charlie,Tier 1,Hardware Failure
INC_1067,Ticket Created,2026-04-28 10:00:00.000000,Charlie,Tier 1,Software Bug
INC_1067,Escalated,2026-04-28 11:00:00.000000,Charlie,Tier 1,Software Bug
INC_1067,Awaiting Info,2026-04-28 13:00:00.000000,Frank,Tier 2 - Software,Software Bug
INC_1067,In Progress,2026-04-28 23:19:14.586086,Charlie,Tier 1,Software Bug
INC_1067,Resolved,2026-04-29 02:42:55.007774,Frank,Tier 2 - Software,Software Bug
INC_1067,Closed,2026-04-29 04:42:55.007774,Charlie,Tier 1,Software Bug
INC_1068,Ticket Created,2026-04-26 11:00:00.000000,Dani,Tier 1,Network Issue
INC_1068,Resolved,2026-04-26 12:14:00.000000,Dani,Tier 1,Network Issue
INC_1068,Closed,2026-04-26 12:24:00.000000,Dani,Tier 1,Network Issue
INC_1069,Ticket Created,2026-04-22 10:00:00.000000,Brea,Tier 1,Software Bug
INC_1069,Escalated,2026-04-22 11:54:55.306490,Brea,Tier 1,Software Bug
INC_1069,In Progress,2026-04-22 12:09:55.306490,Grace,Tier 2 - Software,Software Bug
INC_1069,Resolved,2026-04-22 17:32:55.546793,Grace,Tier 2 - Software,Software Bug
INC_1069,Closed,2026-04-22 18:32:55.546793,Brea,Tier 1,Software Bug
INC_1070,Ticket Created,2026-04-26 13:00:00.000000,Charlie,Tier 1,Hardware Failure
INC_1070,Resolved,2026-04-26 14:20:00.000000,Charlie,Tier 1,Hardware Failure
INC_1070,Closed,2026-04-26 14:30:00.000000,Charlie,Tier 1,Hardware Failure
INC_1071,Ticket Created,2026-04-06 11:00:00.000000,Alex,Tier 1,Hardware Failure
INC_1071,Resolved,2026-04-06 11:34:00.000000,Alex,Tier 1,Hardware Failure
INC_1071,Closed,2026-04-06 11:44:00.000000,Alex,Tier 1,Hardware Failure
INC_1072,Ticket Created,2026-04-23 11:00:00.000000,Alex,Tier 1,Hardware Failure
INC_1072,Escalated,2026-04-23 12:36:35.228232,Alex,Tier 1,Hardware Failure
INC_1072,In Progress,2026-04-23 12:51:35.228232,Frank,Tier 2 - Software,Hardware Failure
INC_1072,Resolved,2026-04-23 15:57:52.185652,Frank,Tier 2 - Software,Hardware Failure
INC_1072,Closed,2026-04-23 16:57:52.185652,Alex,Tier 1,Hardware Failure
INC_1073,Ticket Created,2026-04-26 13:00:00.000000,Alex,Tier 1,Hardware Failure
INC_1073,Escalated,2026-04-26 14:56:21.040278,Alex,Tier 1,Hardware Failure
INC_1073,In Progress,2026-04-26 15:11:21.040278,Grace,Tier 2 - Software,Hardware Failure
INC_1073,Resolved,2026-04-26 18:42:24.710253,Grace,Tier 2 - Software,Hardware Failure
INC_1073,Closed,2026-04-26 19:42:24.710253,Alex,Tier 1,Hardware Failure
INC_1074,Ticket Created,2026-04-12 11:00:00.000000,Dani,Tier 1,Hardware Failure
INC_1074,Resolved,2026-04-12 12:24:00.000000,Dani,Tier 1,Hardware Failure
INC_1074,Closed,2026-04-12 12:34:00.000000,Dani,Tier 1,Hardware Failure
INC_1075,Ticket Created,2026-04-29 14:00:00.000000,Alex,Tier 1,Network Issue
INC_1075,Escalated,2026-04-29 15:36:46.077974,Alex,Tier 1,Network Issue
INC_1075,In Progress,2026-04-29 15:51:46.077974,Elena,Tier 2 - Network,Network Issue
INC_1075,Resolved,2026-04-30 00:36:27.669690,Elena,Tier 2 - Network,Network Issue
INC_1075,Closed,2026-04-30 01:36:27.669690,Alex,Tier 1,Network Issue
INC_1076,Ticket Created,2026-04-18 17:00:00.000000,Charlie,Tier 1,Hardware Failure
INC_1076,Escalated,2026-04-18 17:44:41.663166,Charlie,Tier 1,Hardware Failure
INC_1076,In Progress,2026-04-18 17:59:41.663166,Frank,Tier 2 - Software,Hardware Failure
INC_1076,Resolved,2026-04-18 20:38:17.401034,Frank,Tier 2 - Software,Hardware Failure
INC_1076,Closed,2026-04-18 21:38:17.401034,Charlie,Tier 1,Hardware Failure
INC_1077,Ticket Created,2026-04-25 13:00:00.000000,Charlie,Tier 1,Network Issue
INC_1077,Escalated,2026-04-25 14:00:00.000000,Charlie,Tier 1,Network Issue
INC_1077,Awaiting Info,2026-04-25 16:00:00.000000,David,Tier 2 - Network,Network Issue
INC_1077,In Progress,2026-04-26 05:18:22.795318,Charlie,Tier 1,Network Issue
INC_1077,In Progress,2026-04-26 09:18:22.795318,Henry,Tier 3 - Management,Network Issue
INC_1077,Resolved,2026-04-26 12:56:27.664049,David,Tier 2 - Network,Network Issue
INC_1077,Closed,2026-04-26 14:56:27.664049,Charlie,Tier 1,Network Issue
INC_1078,Ticket Created,2026-04-03 10:00:00.000000,Brea,Tier 1,Network Issue
INC_1078,Escalated,2026-04-03 11:04:37.431982,Brea,Tier 1,Network Issue
INC_1078,In Progress,2026-04-03 11:19:37.431982,David,Tier 2 - Network,Network Issue
INC_1078,Resolved,2026-04-04 03:58:48.633032,David,Tier 2 - Network,Network Issue
INC_1078,Closed,2026-04-04 04:58:48.633032,Brea,Tier 1,Network Issue
INC_1079,Ticket Created,2026-04-20 12:00:00.000000,Alex,Tier 1,Software Bug
INC_1079,Escalated,2026-04-20 13:11:26.053165,Alex,Tier 1,Software Bug
INC_1079,In Progress,2026-04-20 13:26:26.053165,Frank,Tier 2 - Software,Software Bug
INC_1079,Resolved,2026-04-21 04:14:42.447908,Frank,Tier 2 - Software,Software Bug
INC_1079,Closed,2026-04-21 05:14:42.447908,Alex,Tier 1,Software Bug
INC_1080,Ticket Created,2026-04-17 12:00:00.000000,Charlie,Tier 1,Software Bug
INC_1080,Escalated,2026-04-17 13:00:00.000000,Charlie,Tier 1,Software Bug
INC_1080,Awaiting Info,2026-04-17 15:00:00.000000,Grace,Tier 2 - Software,Software Bug
INC_1080,In Progress,2026-04-18 13:28:57.682840,Charlie,Tier 1,Software Bug
INC_1080,Resolved,2026-04-18 17:35:19.463039,Grace,Tier 2 - Software,Software Bug
INC_1080,Closed,2026-04-18 19:35:19.463039,Charlie,Tier 1,Software Bug
INC_1081,Ticket Created,2026-04-16 14:00:00.000000,Dani,Tier 1,Hardware Failure
INC_1081,Resolved,2026-04-16 14:44:00.000000,Dani,Tier 1,Hardware Failure
INC_1081,Closed,2026-04-16 14:54:00.000000,Dani,Tier 1,Hardware Failure
INC_1082,Ticket Created,2026-04-25 13:00:00.000000,Charlie,Tier 1,Software Bug
INC_1082,Escalated,2026-04-25 13:52:35.516037,Charlie,Tier 1,Software Bug
INC_1082,In Progress,2026-04-25 14:07:35.516037,Frank,Tier 2 - Software,Software Bug
INC_1082,Resolved,2026-04-25 21:54:39.878375,Frank,Tier 2 - Software,Software Bug
INC_1082,Closed,2026-04-25 22:54:39.878375,Charlie,Tier 1,Software Bug
INC_1083,Ticket Created,2026-04-28 09:00:00.000000,Dani,Tier 1,Network Issue
INC_1083,Escalated,2026-04-28 09:48:10.954117,Dani,Tier 1,Network Issue
INC_1083,In Progress,2026-04-28 10:03:10.954117,Elena,Tier 2 - Network,Network Issue
INC_1083,Resolved,2026-04-28 16:08:59.869829,Elena,Tier 2 - Network,Network Issue
INC_1083,Closed,2026-04-28 17:08:59.869829,Dani,Tier 1,Network Issue
INC_1084,Ticket Created,2026-04-19 17:00:00.000000,Charlie,Tier 1,Network Issue
INC_1084,Escalated,2026-04-19 18:00:00.000000,Charlie,Tier 1,Network Issue
INC_1084,Awaiting Info,2026-04-19 20:00:00.000000,David,Tier 2 - Network,Network Issue
INC_1084,In Progress,2026-04-20 16:21:55.272091,Charlie,Tier 1,Network Issue
INC_1084,In Progress,2026-04-20 20:21:55.272091,Henry,Tier 3 - Management,Network Issue
INC_1084,Resolved,2026-04-20 22:32:05.342718,David,Tier 2 - Network,Network Issue
INC_1084,Closed,2026-04-21 00:32:05.342718,Charlie,Tier 1,Network Issue
INC_1085,Ticket Created,2026-04-01 16:00:00.000000,Alex,Tier 1,Software Bug
INC_1085,Escalated,2026-04-01 16:49:01.378091,Alex,Tier 1,Software Bug
INC_1085,In Progress,2026-04-01 17:04:01.378091,Grace,Tier 2 - Software,Software Bug
INC_1085,Resolved,2026-04-02 03:13:14.335944,Grace,Tier 2 - Software,Software Bug
INC_1085,Closed,2026-04-02 04:13:14.335944,Alex,Tier 1,Software Bug
INC_1086,Ticket Created,2026-04-09 10:00:00.000000,Dani,Tier 1,Software Bug
INC_1086,Escalated,2026-04-09 11:00:00.000000,Dani,Tier 1,Software Bug
INC_1086,Awaiting Info,2026-04-09 13:00:00.000000,Frank,Tier 2 - Software,Software Bug
INC_1086,In Progress,2026-04-09 23:06:22.627776,Dani,Tier 1,Software Bug
INC_1086,Resolved,2026-04-10 02:32:44.693196,Frank,Tier 2 - Software,Software Bug
INC_1086,Closed,2026-04-10 04:32:44.693196,Dani,Tier 1,Software Bug
INC_1087,Ticket Created,2026-04-06 13:00:00.000000,Dani,Tier 1,Software Bug
INC_1087,Escalated,2026-04-06 14:32:51.929109,Dani,Tier 1,Software Bug
INC_1087,In Progress,2026-04-06 14:47:51.929109,Grace,Tier 2 - Software,Software Bug
INC_1087,Resolved,2026-04-06 21:45:09.276216,Grace,Tier 2 - Software,Software Bug
INC_1087,Closed,2026-04-06 22:45:09.276216,Dani,Tier 1,Software Bug
INC_1088,Ticket Created,2026-04-12 17:00:00.000000,Charlie,Tier 1,Hardware Failure
INC_1088,Escalated,2026-04-12 18:24:57.026366,Charlie,Tier 1,Hardware Failure
INC_1088,In Progress,2026-04-12 18:39:57.026366,Frank,Tier 2 - Software,Hardware Failure
INC_1088,Resolved,2026-04-12 20:13:38.401288,Frank,Tier 2 - Software,Hardware Failure
INC_1088,Closed,2026-04-12 21:13:38.401288,Charlie,Tier 1,Hardware Failure
INC_1089,Ticket Created,2026-04-17 16:00:00.000000,Brea,Tier 1,Password Reset
INC_1089,Resolved,2026-04-17 16:46:00.000000,Brea,Tier 1,Password Reset
INC_1089,Closed,2026-04-17 16:56:00.000000,Brea,Tier 1,Password Reset
INC_1090,Ticket Created,2026-04-23 14:00:00.000000,Brea,Tier 1,Network Issue
INC_1090,Escalated,2026-04-23 14:31:04.883213,Brea,Tier 1,Network Issue
INC_1090,In Progress,2026-04-23 14:46:04.883213,David,Tier 2 - Network,Network Issue
INC_1090,Resolved,2026-04-24 06:27:27.760201,David,Tier 2 - Network,Network Issue
INC_1090,Closed,2026-04-24 07:27:27.760201,Brea,Tier 1,Network Issue
INC_1091,Ticket Created,2026-05-01 15:00:00.000000,Charlie,Tier 1,Password Reset
INC_1091,Resolved,2026-05-01 15:43:00.000000,Charlie,Tier 1,Password Reset
INC_1091,Closed,2026-05-01 15:53:00.000000,Charlie,Tier 1,Password Reset
INC_1092,Ticket Created,2026-04-07 10:00:00.000000,Brea,Tier 1,Software Bug
INC_1092,Escalated,2026-04-07 11:03:32.801543,Brea,Tier 1,Software Bug
INC_1092,In Progress,2026-04-07 11:18:32.801543,Grace,Tier 2 - Software,Software Bug
INC_1092,Resolved,2026-04-07 16:43:27.428145,Grace,Tier 2 - Software,Software Bug
INC_1092,Closed,2026-04-07 17:43:27.428145,Brea,Tier 1,Software Bug
INC_1093,Ticket Created,2026-04-24 11:00:00.000000,Charlie,Tier 1,Password Reset
INC_1093,Resolved,2026-04-24 12:17:00.000000,Charlie,Tier 1,Password Reset
INC_1093,Closed,2026-04-24 12:27:00.000000,Charlie,Tier 1,Password Reset
INC_1094,Ticket Created,2026-04-06 17:00:00.000000,Charlie,Tier 1,Network Issue
INC_1094,Escalated,2026-04-06 18:00:00.000000,Charlie,Tier 1,Network Issue
INC_1094,Awaiting Info,2026-04-06 20:00:00.000000,David,Tier 2 - Network,Network Issue
INC_1094,In Progress,2026-04-07 08:31:02.919825,Charlie,Tier 1,Network Issue
INC_1094,In Progress,2026-04-07 12:31:02.919825,Henry,Tier 3 - Management,Network Issue
INC_1094,Resolved,2026-04-07 15:46:12.679769,David,Tier 2 - Network,Network Issue
INC_1094,Closed,2026-04-07 17:46:12.679769,Charlie,Tier 1,Network Issue
INC_1095,Ticket Created,2026-04-03 12:00:00.000000,Dani,Tier 1,Network Issue
INC_1095,Escalated,2026-04-03 12:51:10.566816,Dani,Tier 1,Network Issue
INC_1095,In Progress,2026-04-03 13:06:10.566816,Elena,Tier 2 - Network,Network Issue
INC_1095,Resolved,2026-04-04 01:50:34.867048,Elena,Tier 2 - Network,Network Issue
INC_1095,Closed,2026-04-04 02:50:34.867048,Dani,Tier 1,Network Issue
INC_1096,Ticket Created,2026-04-15 12:00:00.000000,Dani,Tier 1,Network Issue
INC_1096,Escalated,2026-04-15 13:58:27.664303,Dani,Tier 1,Network Issue
INC_1096,In Progress,2026-04-15 14:13:27.664303,David,Tier 2 - Network,Network Issue
INC_1096,Resolved,2026-04-16 02:28:54.756950,David,Tier 2 - Network,Network Issue
INC_1096,Closed,2026-04-16 03:28:54.756950,Dani,Tier 1,Network Issue
INC_1097,Ticket Created,2026-04-11 09:00:00.000000,Dani,Tier 1,Password Reset
INC_1097,Resolved,2026-04-11 09:26:00.000000,Dani,Tier 1,Password Reset
INC_1097,Closed,2026-04-11 09:36:00.000000,Dani,Tier 1,Password Reset
INC_1098,Ticket Created,2026-04-29 09:00:00.000000,Charlie,Tier 1,Password Reset
INC_1098,Escalated,2026-04-29 09:51:23.250569,Charlie,Tier 1,Password Reset
INC_1098,In Progress,2026-04-29 10:06:23.250569,Grace,Tier 2 - Software,Password Reset
INC_1098,Resolved,2026-04-29 14:22:22.589284,Grace,Tier 2 - Software,Password Reset
INC_1098,Closed,2026-04-29 15:22:22.589284,Charlie,Tier 1,Password Reset
INC_1099,Ticket Created,2026-04-26 10:00:00.000000,Alex,Tier 1,Hardware Failure
INC_1099,Escalated,2026-04-26 11:44:11.079906,Alex,Tier 1,Hardware Failure
INC_1099,In Progress,2026-04-26 11:59:11.079906,Frank,Tier 2 - Software,Hardware Failure
INC_1099,Resolved,2026-04-26 15:00:23.404327,Frank,Tier 2 - Software,Hardware Failure
INC_1099,Closed,2026-04-26 16:00:23.404327,Alex,Tier 1,Hardware Failure
INC_1100,Ticket Created,2026-04-29 13:00:00.000000,Brea,Tier 1,Network Issue
INC_1100,Escalated,2026-04-29 14:32:48.816714,Brea,Tier 1,Network Issue
INC_1100,In Progress,2026-04-29 14:47:48.816714,Elena,Tier 2 - Network,Network Issue
INC_1100,Resolved,2026-04-29 20:00:50.034550,Elena,Tier 2 - Network,Network Issue
INC_1100,Closed,2026-04-29 21:00:50.034550,Brea,Tier 1,Network Issue
INC_1101,Ticket Created,2026-04-03 16:00:00.000000,Brea,Tier 1,Network Issue
INC_1101,Escalated,2026-04-03 17:00:00.000000,Brea,Tier 1,Network Issue
INC_1101,Awaiting Info,2026-04-03 19:00:00.000000,David,Tier 2 - Network,Network Issue
INC_1101,In Progress,2026-04-04 14:52:06.459192,Brea,Tier 1,Network Issue
INC_1101,In Progress,2026-04-04 18:52:06.459192,Henry,Tier 3 - Management,Network Issue
INC_1101,Resolved,2026-04-05 00:40:53.039042,David,Tier 2 - Network,Network Issue
INC_1101,Closed,2026-04-05 02:40:53.039042,Brea,Tier 1,Network Issue
INC_1102,Ticket Created,2026-04-13 15:00:00.000000,Dani,Tier 1,Password Reset
INC_1102,Resolved,2026-04-13 16:08:00.000000,Dani,Tier 1,Password Reset
INC_1102,Closed,2026-04-13 16:18:00.000000,Dani,Tier 1,Password Reset
INC_1103,Ticket Created,2026-04-16 17:00:00.000000,Alex,Tier 1,Hardware Failure
INC_1103,Resolved,2026-04-16 17:53:00.000000,Alex,Tier 1,Hardware Failure
INC_1103,Closed,2026-04-16 18:03:00.000000,Alex,Tier 1,Hardware Failure
INC_1104,Ticket Created,2026-04-27 15:00:00.000000,Alex,Tier 1,Password Reset
INC_1104,Resolved,2026-04-27 15:33:00.000000,Alex,Tier 1,Password Reset
INC_1104,Closed,2026-04-27 15:43:00.000000,Alex,Tier 1,Password Reset
INC_1105,Ticket Created,2026-04-19 15:00:00.000000,Alex,Tier 1,Network Issue
INC_1105,Escalated,2026-04-19 16:58:29.955956,Alex,Tier 1,Network Issue
INC_1105,In Progress,2026-04-19 17:13:29.955956,Elena,Tier 2 - Network,Network Issue
INC_1105,Resolved,2026-04-20 05:40:14.113499,Elena,Tier 2 - Network,Network Issue
INC_1105,Closed,2026-04-20 06:40:14.113499,Alex,Tier 1,Network Issue
INC_1106,Ticket Created,2026-04-14 15:00:00.000000,Charlie,Tier 1,Password Reset
INC_1106,Resolved,2026-04-14 15:21:00.000000,Charlie,Tier 1,Password Reset
INC_1106,Closed,2026-04-14 15:31:00.000000,Charlie,Tier 1,Password Reset
INC_1107,Ticket Created,2026-04-11 16:00:00.000000,Charlie,Tier 1,Hardware Failure
INC_1107,Escalated,2026-04-11 16:34:19.091638,Charlie,Tier 1,Hardware Failure
INC_1107,In Progress,2026-04-11 16:49:19.091638,Frank,Tier 2 - Software,Hardware Failure
INC_1107,Resolved,2026-04-11 18:47:10.534703,Frank,Tier 2 - Software,Hardware Failure
INC_1107,Closed,2026-04-11 19:47:10.534703,Charlie,Tier 1,Hardware Failure
INC_1108,Ticket Created,2026-04-30 17:00:00.000000,Charlie,Tier 1,Password Reset
INC_1108,Resolved,2026-04-30 17:26:00.000000,Charlie,Tier 1,Password Reset
INC_1108,Closed,2026-04-30 17:36:00.000000,Charlie,Tier 1,Password Reset
INC_1109,Ticket Created,2026-04-28 09:00:00.000000,Charlie,Tier 1,Password Reset
INC_1109,Escalated,2026-04-28 10:59:19.071665,Charlie,Tier 1,Password Reset
INC_1109,In Progress,2026-04-28 11:14:19.071665,Frank,Tier 2 - Software,Password Reset
INC_1109,Resolved,2026-04-28 13:27:49.582821,Frank,Tier 2 - Software,Password Reset
INC_1109,Closed,2026-04-28 14:27:49.582821,Charlie,Tier 1,Password Reset
INC_1110,Ticket Created,2026-04-04 10:00:00.000000,Dani,Tier 1,Software Bug
INC_1110,Resolved,2026-04-04 10:36:00.000000,Dani,Tier 1,Software Bug
INC_1110,Closed,2026-04-04 10:46:00.000000,Dani,Tier 1,Software Bug
INC_1111,Ticket Created,2026-04-18 17:00:00.000000,Dani,Tier 1,Hardware Failure
INC_1111,Escalated,2026-04-18 18:53:21.605725,Dani,Tier 1,Hardware Failure
INC_1111,In Progress,2026-04-18 19:08:21.605725,Frank,Tier 2 - Software,Hardware Failure
INC_1111,Resolved,2026-04-18 22:15:45.936384,Frank,Tier 2 - Software,Hardware Failure
INC_1111,Closed,2026-04-18 23:15:45.936384,Dani,Tier 1,Hardware Failure
INC_1112,Ticket Created,2026-04-12 17:00:00.000000,Brea,Tier 1,Hardware Failure
INC_1112,Resolved,2026-04-12 18:26:00.000000,Brea,Tier 1,Hardware Failure
INC_1112,Closed,2026-04-12 18:36:00.000000,Brea,Tier 1,Hardware Failure
INC_1113,Ticket Created,2026-04-20 15:00:00.000000,Alex,Tier 1,Password Reset
INC_1113,Resolved,2026-04-20 16:16:00.000000,Alex,Tier 1,Password Reset
INC_1113,Closed,2026-04-20 16:26:00.000000,Alex,Tier 1,Password Reset
INC_1114,Ticket Created,2026-04-17 16:00:00.000000,Charlie,Tier 1,Hardware Failure
INC_1114,Escalated,2026-04-17 16:55:04.719899,Charlie,Tier 1,Hardware Failure
INC_1114,In Progress,2026-04-17 17:10:04.719899,Frank,Tier 2 - Software,Hardware Failure
INC_1114,Resolved,2026-04-17 20:03:01.151334,Frank,Tier 2 - Software,Hardware Failure
INC_1114,Closed,2026-04-17 21:03:01.151334,Charlie,Tier 1,Hardware Failure
INC_1115,Ticket Created,2026-04-02 12:00:00.000000,Brea,Tier 1,Software Bug
INC_1115,Escalated,2026-04-02 13:00:00.000000,Brea,Tier 1,Software Bug
INC_1115,Awaiting Info,2026-04-02 15:00:00.000000,Grace,Tier 2 - Software,Software Bug
INC_1115,In Progress,2026-04-03 06:06:11.056782,Brea,Tier 1,Software Bug
INC_1115,Resolved,2026-04-03 11:23:48.020590,Grace,Tier 2 - Software,Software Bug
INC_1115,Closed,2026-04-03 13:23:48.020590,Brea,Tier 1,Software Bug
INC_1116,Ticket Created,2026-04-19 11:00:00.000000,Dani,Tier 1,Password Reset
INC_1116,Escalated,2026-04-19 12:08:21.128794,Dani,Tier 1,Password Reset
INC_1116,In Progress,2026-04-19 12:23:21.128794,Grace,Tier 2 - Software,Password Reset
INC_1116,Resolved,2026-04-19 16:23:34.270325,Grace,Tier 2 - Software,Password Reset
INC_1116,Closed,2026-04-19 17:23:34.270325,Dani,Tier 1,Password Reset
INC_1117,Ticket Created,2026-04-19 15:00:00.000000,Brea,Tier 1,Software Bug
INC_1117,Escalated,2026-04-19 15:30:38.265753,Brea,Tier 1,Software Bug
INC_1117,In Progress,2026-04-19 15:45:38.265753,Frank,Tier 2 - Software,Software Bug
INC_1117,Resolved,2026-04-19 23:41:07.004200,Frank,Tier 2 - Software,Software Bug
INC_1117,Closed,2026-04-20 00:41:07.004200,Brea,Tier 1,Software Bug
INC_1118,Ticket Created,2026-04-10 13:00:00.000000,Brea,Tier 1,Password Reset
INC_1118,Resolved,2026-04-10 13:41:00.000000,Brea,Tier 1,Password Reset
INC_1118,Closed,2026-04-10 13:51:00.000000,Brea,Tier 1,Password Reset
INC_1119,Ticket Created,2026-04-27 15:00:00.000000,Alex,Tier 1,Password Reset
INC_1119,Resolved,2026-04-27 15:29:00.000000,Alex,Tier 1,Password Reset
INC_1119,Closed,2026-04-27 15:39:00.000000,Alex,Tier 1,Password Reset
INC_1120,Ticket Created,2026-04-04 17:00:00.000000,Alex,Tier 1,Password Reset
INC_1120,Resolved,2026-04-04 18:12:00.000000,Alex,Tier 1,Password Reset
INC_1120,Closed,2026-04-04 18:22:00.000000,Alex,Tier 1,Password Reset
INC_1121,Ticket Created,2026-04-10 17:00:00.000000,Charlie,Tier 1,Hardware Failure
INC_1121,Escalated,2026-04-10 18:41:16.598473,Charlie,Tier 1,Hardware Failure
INC_1121,In Progress,2026-04-10 18:56:16.598473,Frank,Tier 2 - Software,Hardware Failure
INC_1121,Resolved,2026-04-10 23:47:00.526267,Frank,Tier 2 - Software,Hardware Failure
INC_1121,Closed,2026-04-11 00:47:00.526267,Charlie,Tier 1,Hardware Failure
INC_1122,Ticket Created,2026-04-18 17:00:00.000000,Alex,Tier 1,Software Bug
INC_1122,Escalated,2026-04-18 18:00:00.000000,Alex,Tier 1,Software Bug
INC_1122,Awaiting Info,2026-04-18 20:00:00.000000,Frank,Tier 2 - Software,Software Bug
INC_1122,In Progress,2026-04-19 07:31:29.609274,Alex,Tier 1,Software Bug
INC_1122,Resolved,2026-04-19 10:32:06.368534,Frank,Tier 2 - Software,Software Bug
INC_1122,Closed,2026-04-19 12:32:06.368534,Alex,Tier 1,Software Bug
INC_1123,Ticket Created,2026-04-21 10:00:00.000000,Brea,Tier 1,Network Issue
INC_1123,Escalated,2026-04-21 11:00:00.000000,Brea,Tier 1,Network Issue
INC_1123,Awaiting Info,2026-04-21 13:00:00.000000,Elena,Tier 2 - Network,Network Issue
INC_1123,In Progress,2026-04-22 01:05:41.185695,Brea,Tier 1,Network Issue
INC_1123,In Progress,2026-04-22 05:05:41.185695,Henry,Tier 3 - Management,Network Issue
INC_1123,Resolved,2026-04-22 09:52:34.864757,Elena,Tier 2 - Network,Network Issue
INC_1123,Closed,2026-04-22 11:52:34.864757,Brea,Tier 1,Network Issue
INC_1124,Ticket Created,2026-04-20 11:00:00.000000,Charlie,Tier 1,Hardware Failure
INC_1124,Escalated,2026-04-20 12:00:00.000000,Charlie,Tier 1,Hardware Failure
INC_1124,Awaiting Info,2026-04-20 14:00:00.000000,Grace,Tier 2 - Software,Hardware Failure
INC_1124,In Progress,2026-04-21 03:58:06.045660,Charlie,Tier 1,Hardware Failure
INC_1124,Resolved,2026-04-21 06:02:14.894826,Grace,Tier 2 - Software,Hardware Failure
INC_1124,Closed,2026-04-21 08:02:14.894826,Charlie,Tier 1,Hardware Failure
INC_1125,Ticket Created,2026-04-29 09:00:00.000000,Brea,Tier 1,Network Issue
INC_1125,Escalated,2026-04-29 10:17:27.736408,Brea,Tier 1,Network Issue
INC_1125,In Progress,2026-04-29 10:32:27.736408,David,Tier 2 - Network,Network Issue
INC_1125,Resolved,2026-04-29 17:25:12.620607,David,Tier 2 - Network,Network Issue
INC_1125,Closed,2026-04-29 18:25:12.620607,Brea,Tier 1,Network Issue
INC_1126,Ticket Created,2026-04-11 12:00:00.000000,Charlie,Tier 1,Software Bug
INC_1126,Escalated,2026-04-11 13:24:46.498616,Charlie,Tier 1,Software Bug
INC_1126,In Progress,2026-04-11 13:39:46.498616,Frank,Tier 2 - Software,Software Bug
INC_1126,Resolved,2026-04-12 07:19:41.208023,Frank,Tier 2 - Software,Software Bug
INC_1126,Closed,2026-04-12 08:19:41.208023,Charlie,Tier 1,Software Bug
INC_1127,Ticket Created,2026-04-25 16:00:00.000000,Brea,Tier 1,Password Reset
INC_1127,Resolved,2026-04-25 16:34:00.000000,Brea,Tier 1,Password Reset
INC_1127,Closed,2026-04-25 16:44:00.000000,Brea,Tier 1,Password Reset
INC_1128,Ticket Created,2026-04-09 10:00:00.000000,Brea,Tier 1,Software Bug
INC_1128,Escalated,2026-04-09 11:00:00.000000,Brea,Tier 1,Software Bug
INC_1128,Awaiting Info,2026-04-09 13:00:00.000000,Frank,Tier 2 - Software,Software Bug
INC_1128,In Progress,2026-04-10 04:03:52.717998,Brea,Tier 1,Software Bug
INC_1128,Resolved,2026-04-10 07:01:40.361742,Frank,Tier 2 - Software,Software Bug
INC_1128,Closed,2026-04-10 09:01:40.361742,Brea,Tier 1,Software Bug
INC_1129,Ticket Created,2026-04-20 17:00:00.000000,Alex,Tier 1,Software Bug
INC_1129,Resolved,2026-04-20 17:29:00.000000,Alex,Tier 1,Software Bug
INC_1129,Closed,2026-04-20 17:39:00.000000,Alex,Tier 1,Software Bug
INC_1130,Ticket Created,2026-04-11 15:00:00.000000,Dani,Tier 1,Password Reset
INC_1130,Resolved,2026-04-11 16:07:00.000000,Dani,Tier 1,Password Reset
INC_1130,Closed,2026-04-11 16:17:00.000000,Dani,Tier 1,Password Reset
INC_1131,Ticket Created,2026-04-30 10:00:00.000000,Dani,Tier 1,Network Issue
INC_1131,Escalated,2026-04-30 11:38:48.624081,Dani,Tier 1,Network Issue
INC_1131,In Progress,2026-04-30 11:53:48.624081,Elena,Tier 2 - Network,Network Issue
INC_1131,Resolved,2026-05-01 02:41:11.132239,Elena,Tier 2 - Network,Network Issue
INC_1131,Closed,2026-05-01 03:41:11.132239,Dani,Tier 1,Network Issue
INC_1132,Ticket Created,2026-04-29 10:00:00.000000,Charlie,Tier 1,Network Issue
INC_1132,Escalated,2026-04-29 11:50:06.226969,Charlie,Tier 1,Network Issue
INC_1132,In Progress,2026-04-29 12:05:06.226969,David,Tier 2 - Network,Network Issue
INC_1132,Resolved,2026-04-30 01:32:08.850374,David,Tier 2 - Network,Network Issue
INC_1132,Closed,2026-04-30 02:32:08.850374,Charlie,Tier 1,Network Issue
INC_1133,Ticket Created,2026-04-20 12:00:00.000000,Alex,Tier 1,Hardware Failure
INC_1133,Resolved,2026-04-20 13:01:00.000000,Alex,Tier 1,Hardware Failure
INC_1133,Closed,2026-04-20 13:11:00.000000,Alex,Tier 1,Hardware Failure
INC_1134,Ticket Created,2026-04-15 13:00:00.000000,Brea,Tier 1,Hardware Failure
INC_1134,Resolved,2026-04-15 14:18:00.000000,Brea,Tier 1,Hardware Failure
INC_1134,Closed,2026-04-15 14:28:00.000000,Brea,Tier 1,Hardware Failure
INC_1135,Ticket Created,2026-04-28 16:00:00.000000,Alex,Tier 1,Software Bug
INC_1135,Resolved,2026-04-28 17:01:00.000000,Alex,Tier 1,Software Bug
INC_1135,Closed,2026-04-28 17:11:00.000000,Alex,Tier 1,Software Bug
INC_1136,Ticket Created,2026-04-03 15:00:00.000000,Dani,Tier 1,Network Issue
INC_1136,Escalated,2026-04-03 16:00:00.000000,Dani,Tier 1,Network Issue
INC_1136,Awaiting Info,2026-04-03 18:00:00.000000,David,Tier 2 - Network,Network Issue
INC_1136,In Progress,2026-04-04 06:50:06.126112,Dani,Tier 1,Network Issue
INC_1136,In Progress,2026-04-04 10:50:06.126112,Henry,Tier 3 - Management,Network Issue
INC_1136,Resolved,2026-04-04 15:23:41.368756,David,Tier 2 - Network,Network Issue
INC_1136,Closed,2026-04-04 17:23:41.368756,Dani,Tier 1,Network Issue
INC_1137,Ticket Created,2026-04-04 12:00:00.000000,Charlie,Tier 1,Software Bug
INC_1137,Escalated,2026-04-04 13:22:39.844906,Charlie,Tier 1,Software Bug
INC_1137,In Progress,2026-04-04 13:37:39.844906,Frank,Tier 2 - Software,Software Bug
INC_1137,Resolved,2026-04-04 23:28:31.335524,Frank,Tier 2 - Software,Software Bug
INC_1137,Closed,2026-04-05 00:28:31.335524,Charlie,Tier 1,Software Bug
INC_1138,Ticket Created,2026-04-11 14:00:00.000000,Charlie,Tier 1,Software Bug
INC_1138,Escalated,2026-04-11 15:41:30.366816,Charlie,Tier 1,Software Bug
INC_1138,In Progress,2026-04-11 15:56:30.366816,Frank,Tier 2 - Software,Software Bug
INC_1138,Resolved,2026-04-12 00:32:38.207113,Frank,Tier 2 - Software,Software Bug
INC_1138,Closed,2026-04-12 01:32:38.207113,Charlie,Tier 1,Software Bug
INC_1139,Ticket Created,2026-04-12 12:00:00.000000,Brea,Tier 1,Network Issue
INC_1139,Escalated,2026-04-12 12:48:27.754822,Brea,Tier 1,Network Issue
INC_1139,In Progress,2026-04-12 13:03:27.754822,David,Tier 2 - Network,Network Issue
INC_1139,Resolved,2026-04-12 21:26:44.939800,David,Tier 2 - Network,Network Issue
INC_1139,Closed,2026-04-12 22:26:44.939800,Brea,Tier 1,Network Issue
INC_1140,Ticket Created,2026-04-24 15:00:00.000000,Alex,Tier 1,Software Bug
INC_1140,Escalated,2026-04-24 16:02:43.029822,Alex,Tier 1,Software Bug
INC_1140,In Progress,2026-04-24 16:17:43.029822,Grace,Tier 2 - Software,Software Bug
INC_1140,Resolved,2026-04-25 01:32:31.735210,Grace,Tier 2 - Software,Software Bug
INC_1140,Closed,2026-04-25 02:32:31.735210,Alex,Tier 1,Software Bug
INC_1141,Ticket Created,2026-04-19 12:00:00.000000,Brea,Tier 1,Software Bug
INC_1141,Escalated,2026-04-19 13:00:00.000000,Brea,Tier 1,Software Bug
INC_1141,Awaiting Info,2026-04-19 15:00:00.000000,Grace,Tier 2 - Software,Software Bug
INC_1141,In Progress,2026-04-20 09:45:15.675998,Brea,Tier 1,Software Bug
INC_1141,Resolved,2026-04-20 12:51:50.903214,Grace,Tier 2 - Software,Software Bug
INC_1141,Closed,2026-04-20 14:51:50.903214,Brea,Tier 1,Software Bug
INC_1142,Ticket Created,2026-04-26 14:00:00.000000,Dani,Tier 1,Software Bug
INC_1142,Escalated,2026-04-26 15:00:00.000000,Dani,Tier 1,Software Bug
INC_1142,Awaiting Info,2026-04-26 17:00:00.000000,Frank,Tier 2 - Software,Software Bug
INC_1142,In Progress,2026-04-27 06:30:15.089394,Dani,Tier 1,Software Bug
INC_1142,Resolved,2026-04-27 10:02:44.593995,Frank,Tier 2 - Software,Software Bug
INC_1142,Closed,2026-04-27 12:02:44.593995,Dani,Tier 1,Software Bug
INC_1143,Ticket Created,2026-04-04 09:00:00.000000,Brea,Tier 1,Software Bug
INC_1143,Escalated,2026-04-04 10:00:00.000000,Brea,Tier 1,Software Bug
INC_1143,Awaiting Info,2026-04-04 12:00:00.000000,Frank,Tier 2 - Software,Software Bug
INC_1143,In Progress,2026-04-05 01:07:52.926998,Brea,Tier 1,Software Bug
INC_1143,Resolved,2026-04-05 04:24:56.549378,Frank,Tier 2 - Software,Software Bug
INC_1143,Closed,2026-04-05 06:24:56.549378,Brea,Tier 1,Software Bug
INC_1144,Ticket Created,2026-04-24 17:00:00.000000,Alex,Tier 1,Hardware Failure
INC_1144,Escalated,2026-04-24 18:45:54.748109,Alex,Tier 1,Hardware Failure
INC_1144,In Progress,2026-04-24 19:00:54.748109,Frank,Tier 2 - Software,Hardware Failure
INC_1144,Resolved,2026-04-24 21:46:41.697820,Frank,Tier 2 - Software,Hardware Failure
INC_1144,Closed,2026-04-24 22:46:41.697820,Alex,Tier 1,Hardware Failure
INC_1145,Ticket Created,2026-04-28 16:00:00.000000,Alex,Tier 1,Network Issue
INC_1145,Escalated,2026-04-28 17:39:32.022546,Alex,Tier 1,Network Issue
INC_1145,In Progress,2026-04-28 17:54:32.022546,David,Tier 2 - Network,Network Issue
INC_1145,Resolved,2026-04-29 07:30:29.283222,David,Tier 2 - Network,Network Issue
INC_1145,Closed,2026-04-29 08:30:29.283222,Alex,Tier 1,Network Issue
INC_1146,Ticket Created,2026-04-10 14:00:00.000000,Charlie,Tier 1,Software Bug
INC_1146,Escalated,2026-04-10 15:22:07.173182,Charlie,Tier 1,Software Bug
INC_1146,In Progress,2026-04-10 15:37:07.173182,Grace,Tier 2 - Software,Software Bug
INC_1146,Resolved,2026-04-11 03:56:51.613770,Grace,Tier 2 - Software,Software Bug
INC_1146,Closed,2026-04-11 04:56:51.613770,Charlie,Tier 1,Software Bug
INC_1147,Ticket Created,2026-04-24 15:00:00.000000,Dani,Tier 1,Password Reset
INC_1147,Resolved,2026-04-24 15:46:00.000000,Dani,Tier 1,Password Reset
INC_1147,Closed,2026-04-24 15:56:00.000000,Dani,Tier 1,Password Reset
INC_1148,Ticket Created,2026-04-23 17:00:00.000000,Dani,Tier 1,Network Issue
INC_1148,Escalated,2026-04-23 18:40:55.502493,Dani,Tier 1,Network Issue
INC_1148,In Progress,2026-04-23 18:55:55.502493,David,Tier 2 - Network,Network Issue
INC_1148,Resolved,2026-04-24 10:01:30.822961,David,Tier 2 - Network,Network Issue
INC_1148,Closed,2026-04-24 11:01:30.822961,Dani,Tier 1,Network Issue
INC_1149,Ticket Created,2026-04-25 13:00:00.000000,Brea,Tier 1,Network Issue
INC_1149,Escalated,2026-04-25 13:43:24.682175,Brea,Tier 1,Network Issue
INC_1149,In Progress,2026-04-25 13:58:24.682175,David,Tier 2 - Network,Network Issue
INC_1149,Resolved,2026-04-25 19:52:12.816543,David,Tier 2 - Network,Network Issue
INC_1149,Closed,2026-04-25 20:52:12.816543,Brea,Tier 1,Network Issue
INC_1150,Ticket Created,2026-05-01 17:00:00.000000,Brea,Tier 1,Hardware Failure
INC_1150,Resolved,2026-05-01 18:24:00.000000,Brea,Tier 1,Hardware Failure
INC_1150,Closed,2026-05-01 18:34:00.000000,Brea,Tier 1,Hardware Failure
INC_1151,Ticket Created,2026-04-23 12:00:00.000000,Alex,Tier 1,Software Bug
INC_1151,Escalated,2026-04-23 13:00:00.000000,Alex,Tier 1,Software Bug
INC_1151,Awaiting Info,2026-04-23 15:00:00.000000,Grace,Tier 2 - Software,Software Bug
INC_1151,In Progress,2026-04-24 13:17:57.289614,Alex,Tier 1,Software Bug
INC_1151,Resolved,2026-04-24 16:29:19.912836,Grace,Tier 2 - Software,Software Bug
INC_1151,Closed,2026-04-24 18:29:19.912836,Alex,Tier 1,Software Bug
INC_1152,Ticket Created,2026-04-22 16:00:00.000000,Dani,Tier 1,Network Issue
INC_1152,Escalated,2026-04-22 17:51:03.520041,Dani,Tier 1,Network Issue
INC_1152,In Progress,2026-04-22 18:06:03.520041,David,Tier 2 - Network,Network Issue
INC_1152,Resolved,2026-04-23 11:35:39.065996,David,Tier 2 - Network,Network Issue
INC_1152,Closed,2026-04-23 12:35:39.065996,Dani,Tier 1,Network Issue
INC_1153,Ticket Created,2026-04-05 13:00:00.000000,Alex,Tier 1,Network Issue
INC_1153,Escalated,2026-04-05 14:00:00.000000,Alex,Tier 1,Network Issue
INC_1153,Awaiting Info,2026-04-05 16:00:00.000000,David,Tier 2 - Network,Network Issue
INC_1153,In Progress,2026-04-06 07:10:41.705590,Alex,Tier 1,Network Issue
INC_1153,In Progress,2026-04-06 11:10:41.705590,Henry,Tier 3 - Management,Network Issue
INC_1153,Resolved,2026-04-06 16:26:57.684042,David,Tier 2 - Network,Network Issue
INC_1153,Closed,2026-04-06 18:26:57.684042,Alex,Tier 1,Network Issue
INC_1154,Ticket Created,2026-04-01 17:00:00.000000,Dani,Tier 1,Network Issue
INC_1154,Escalated,2026-04-01 18:14:31.806718,Dani,Tier 1,Network Issue
INC_1154,In Progress,2026-04-01 18:29:31.806718,David,Tier 2 - Network,Network Issue
INC_1154,Resolved,2026-04-02 13:37:52.736836,David,Tier 2 - Network,Network Issue
INC_1154,Closed,2026-04-02 14:37:52.736836,Dani,Tier 1,Network Issue
INC_1155,Ticket Created,2026-04-21 10:00:00.000000,Charlie,Tier 1,Network Issue
INC_1155,Escalated,2026-04-21 11:56:27.863131,Charlie,Tier 1,Network Issue
INC_1155,In Progress,2026-04-21 12:11:27.863131,David,Tier 2 - Network,Network Issue
INC_1155,Resolved,2026-04-22 01:01:54.466787,David,Tier 2 - Network,Network Issue
INC_1155,Closed,2026-04-22 02:01:54.466787,Charlie,Tier 1,Network Issue
INC_1156,Ticket Created,2026-04-21 13:00:00.000000,Dani,Tier 1,Software Bug
INC_1156,Escalated,2026-04-21 14:33:25.194383,Dani,Tier 1,Software Bug
INC_1156,In Progress,2026-04-21 14:48:25.194383,Grace,Tier 2 - Software,Software Bug
INC_1156,Resolved,2026-04-22 00:38:40.714090,Grace,Tier 2 - Software,Software Bug
INC_1156,Closed,2026-04-22 01:38:40.714090,Dani,Tier 1,Software Bug
INC_1157,Ticket Created,2026-04-20 16:00:00.000000,Brea,Tier 1,Software Bug
INC_1157,Escalated,2026-04-20 17:27:20.121383,Brea,Tier 1,Software Bug
INC_1157,In Progress,2026-04-20 17:42:20.121383,Frank,Tier 2 - Software,Software Bug
INC_1157,Resolved,2026-04-21 09:26:23.185632,Frank,Tier 2 - Software,Software Bug
INC_1157,Closed,2026-04-21 10:26:23.185632,Brea,Tier 1,Software Bug
INC_1158,Ticket Created,2026-04-15 16:00:00.000000,Charlie,Tier 1,Software Bug
INC_1158,Resolved,2026-04-15 17:07:00.000000,Charlie,Tier 1,Software Bug
INC_1158,Closed,2026-04-15 17:17:00.000000,Charlie,Tier 1,Software Bug
INC_1159,Ticket Created,2026-04-09 14:00:00.000000,Alex,Tier 1,Hardware Failure
INC_1159,Resolved,2026-04-09 14:26:00.000000,Alex,Tier 1,Hardware Failure
INC_1159,Closed,2026-04-09 14:36:00.000000,Alex,Tier 1,Hardware Failure
INC_1160,Ticket Created,2026-04-27 16:00:00.000000,Dani,Tier 1,Network Issue
INC_1160,Escalated,2026-04-27 16:47:57.057923,Dani,Tier 1,Network Issue
INC_1160,In Progress,2026-04-27 17:02:57.057923,Elena,Tier 2 - Network,Network Issue
INC_1160,Resolved,2026-04-28 02:19:31.472772,Elena,Tier 2 - Network,Network Issue
INC_1160,Closed,2026-04-28 03:19:31.472772,Dani,Tier 1,Network Issue
INC_1161,Ticket Created,2026-04-01 10:00:00.000000,Brea,Tier 1,Software Bug
INC_1161,Escalated,2026-04-01 11:00:00.000000,Brea,Tier 1,Software Bug
INC_1161,Awaiting Info,2026-04-01 13:00:00.000000,Grace,Tier 2 - Software,Software Bug
INC_1161,In Progress,2026-04-02 02:09:37.169442,Brea,Tier 1,Software Bug
INC_1161,Resolved,2026-04-02 07:20:43.155529,Grace,Tier 2 - Software,Software Bug
INC_1161,Closed,2026-04-02 09:20:43.155529,Brea,Tier 1,Software Bug
INC_1162,Ticket Created,2026-04-06 15:00:00.000000,Alex,Tier 1,Software Bug
INC_1162,Escalated,2026-04-06 16:00:00.000000,Alex,Tier 1,Software Bug
INC_1162,Awaiting Info,2026-04-06 18:00:00.000000,Frank,Tier 2 - Software,Software Bug
INC_1162,In Progress,2026-04-07 05:54:15.830672,Alex,Tier 1,Software Bug
INC_1162,Resolved,2026-04-07 08:33:59.740882,Frank,Tier 2 - Software,Software Bug
INC_1162,Closed,2026-04-07 10:33:59.740882,Alex,Tier 1,Software Bug
INC_1163,Ticket Created,2026-05-01 14:00:00.000000,Brea,Tier 1,Hardware Failure
INC_1163,Resolved,2026-05-01 14:31:00.000000,Brea,Tier 1,Hardware Failure
INC_1163,Closed,2026-05-01 14:41:00.000000,Brea,Tier 1,Hardware Failure
INC_1164,Ticket Created,2026-04-22 16:00:00.000000,Alex,Tier 1,Network Issue
INC_1164,Escalated,2026-04-22 17:00:00.000000,Alex,Tier 1,Network Issue
INC_1164,Awaiting Info,2026-04-22 19:00:00.000000,Elena,Tier 2 - Network,Network Issue
INC_1164,In Progress,2026-04-23 08:11:17.112351,Alex,Tier 1,Network Issue
INC_1164,In Progress,2026-04-23 12:11:17.112351,Henry,Tier 3 - Management,Network Issue
INC_1164,Resolved,2026-04-23 16:46:52.746654,Elena,Tier 2 - Network,Network Issue
INC_1164,Closed,2026-04-23 18:46:52.746654,Alex,Tier 1,Network Issue
INC_1165,Ticket Created,2026-04-04 10:00:00.000000,Charlie,Tier 1,Software Bug
INC_1165,Escalated,2026-04-04 11:00:00.000000,Charlie,Tier 1,Software Bug
INC_1165,Awaiting Info,2026-04-04 13:00:00.000000,Frank,Tier 2 - Software,Software Bug
INC_1165,In Progress,2026-04-05 05:03:12.858527,Charlie,Tier 1,Software Bug
INC_1165,Resolved,2026-04-05 08:22:09.410574,Frank,Tier 2 - Software,Software Bug
INC_1165,Closed,2026-04-05 10:22:09.410574,Charlie,Tier 1,Software Bug
INC_1166,Ticket Created,2026-04-17 14:00:00.000000,Dani,Tier 1,Password Reset
INC_1166,Resolved,2026-04-17 15:12:00.000000,Dani,Tier 1,Password Reset
INC_1166,Closed,2026-04-17 15:22:00.000000,Dani,Tier 1,Password Reset
INC_1167,Ticket Created,2026-04-04 10:00:00.000000,Alex,Tier 1,Password Reset
INC_1167,Resolved,2026-04-04 10:46:00.000000,Alex,Tier 1,Password Reset
INC_1167,Closed,2026-04-04 10:56:00.000000,Alex,Tier 1,Password Reset
INC_1168,Ticket Created,2026-04-01 16:00:00.000000,Charlie,Tier 1,Software Bug
INC_1168,Escalated,2026-04-01 17:52:27.708854,Charlie,Tier 1,Software Bug
INC_1168,In Progress,2026-04-01 18:07:27.708854,Frank,Tier 2 - Software,Software Bug
INC_1168,Resolved,2026-04-02 01:20:41.292480,Frank,Tier 2 - Software,Software Bug
INC_1168,Closed,2026-04-02 02:20:41.292480,Charlie,Tier 1,Software Bug
INC_1169,Ticket Created,2026-04-05 14:00:00.000000,Alex,Tier 1,Software Bug
INC_1169,Escalated,2026-04-05 15:00:00.000000,Alex,Tier 1,Software Bug
INC_1169,Awaiting Info,2026-04-05 17:00:00.000000,Grace,Tier 2 - Software,Software Bug
INC_1169,In Progress,2026-04-06 13:07:11.890374,Alex,Tier 1,Software Bug
INC_1169,Resolved,2026-04-06 17:01:48.701867,Grace,Tier 2 - Software,Software Bug
INC_1169,Closed,2026-04-06 19:01:48.701867,Alex,Tier 1,Software Bug
INC_1170,Ticket Created,2026-04-06 17:00:00.000000,Brea,Tier 1,Password Reset
INC_1170,Resolved,2026-04-06 18:29:00.000000,Brea,Tier 1,Password Reset
INC_1170,Closed,2026-04-06 18:39:00.000000,Brea,Tier 1,Password Reset
INC_1171,Ticket Created,2026-04-17 13:00:00.000000,Charlie,Tier 1,Software Bug
INC_1171,Escalated,2026-04-17 14:00:00.000000,Charlie,Tier 1,Software Bug
INC_1171,Awaiting Info,2026-04-17 16:00:00.000000,Grace,Tier 2 - Software,Software Bug
INC_1171,In Progress,2026-04-18 10:37:22.985090,Charlie,Tier 1,Software Bug
INC_1171,Resolved,2026-04-18 14:41:58.085883,Grace,Tier 2 - Software,Software Bug
INC_1171,Closed,2026-04-18 16:41:58.085883,Charlie,Tier 1,Software Bug
INC_1172,Ticket Created,2026-04-23 10:00:00.000000,Dani,Tier 1,Hardware Failure
INC_1172,Escalated,2026-04-23 11:46:03.542933,Dani,Tier 1,Hardware Failure
INC_1172,In Progress,2026-04-23 12:01:03.542933,Grace,Tier 2 - Software,Hardware Failure
INC_1172,Resolved,2026-04-23 16:47:13.335987,Grace,Tier 2 - Software,Hardware Failure
INC_1172,Closed,2026-04-23 17:47:13.335987,Dani,Tier 1,Hardware Failure
INC_1173,Ticket Created,2026-04-16 17:00:00.000000,Brea,Tier 1,Hardware Failure
INC_1173,Resolved,2026-04-16 17:31:00.000000,Brea,Tier 1,Hardware Failure
INC_1173,Closed,2026-04-16 17:41:00.000000,Brea,Tier 1,Hardware Failure
INC_1174,Ticket Created,2026-04-08 12:00:00.000000,Charlie,Tier 1,Password Reset
INC_1174,Resolved,2026-04-08 13:13:00.000000,Charlie,Tier 1,Password Reset
INC_1174,Closed,2026-04-08 13:23:00.000000,Charlie,Tier 1,Password Reset
INC_1175,Ticket Created,2026-05-01 09:00:00.000000,Charlie,Tier 1,Password Reset
INC_1175,Resolved,2026-05-01 10:23:00.000000,Charlie,Tier 1,Password Reset
INC_1175,Closed,2026-05-01 10:33:00.000000,Charlie,Tier 1,Password Reset
INC_1176,Ticket Created,2026-04-06 10:00:00.000000,Brea,Tier 1,Password Reset
INC_1176,Resolved,2026-04-06 10:35:00.000000,Brea,Tier 1,Password Reset
INC_1176,Closed,2026-04-06 10:45:00.000000,Brea,Tier 1,Password Reset
INC_1177,Ticket Created,2026-04-01 16:00:00.000000,Brea,Tier 1,Password Reset
INC_1177,Resolved,2026-04-01 16:47:00.000000,Brea,Tier 1,Password Reset
INC_1177,Closed,2026-04-01 16:57:00.000000,Brea,Tier 1,Password Reset
INC_1178,Ticket Created,2026-04-14 13:00:00.000000,Alex,Tier 1,Hardware Failure
INC_1178,Resolved,2026-04-14 13:47:00.000000,Alex,Tier 1,Hardware Failure
INC_1178,Closed,2026-04-14 13:57:00.000000,Alex,Tier 1,Hardware Failure
INC_1179,Ticket Created,2026-04-27 09:00:00.000000,Dani,Tier 1,Hardware Failure
INC_1179,Escalated,2026-04-27 10:15:05.327208,Dani,Tier 1,Hardware Failure
INC_1179,In Progress,2026-04-27 10:30:05.327208,Grace,Tier 2 - Software,Hardware Failure
INC_1179,Resolved,2026-04-27 14:57:30.224948,Grace,Tier 2 - Software,Hardware Failure
INC_1179,Closed,2026-04-27 15:57:30.224948,Dani,Tier 1,Hardware Failure
INC_1180,Ticket Created,2026-04-04 11:00:00.000000,Charlie,Tier 1,Password Reset
INC_1180,Resolved,2026-04-04 11:44:00.000000,Charlie,Tier 1,Password Reset
INC_1180,Closed,2026-04-04 11:54:00.000000,Charlie,Tier 1,Password Reset
INC_1181,Ticket Created,2026-04-21 13:00:00.000000,Brea,Tier 1,Network Issue
INC_1181,Escalated,2026-04-21 14:45:47.656347,Brea,Tier 1,Network Issue
INC_1181,In Progress,2026-04-21 15:00:47.656347,Elena,Tier 2 - Network,Network Issue
INC_1181,Resolved,2026-04-22 06:10:07.140352,Elena,Tier 2 - Network,Network Issue
INC_1181,Closed,2026-04-22 07:10:07.140352,Brea,Tier 1,Network Issue
INC_1182,Ticket Created,2026-04-06 10:00:00.000000,Dani,Tier 1,Network Issue
INC_1182,Escalated,2026-04-06 11:57:27.103083,Dani,Tier 1,Network Issue
INC_1182,In Progress,2026-04-06 12:12:27.103083,Elena,Tier 2 - Network,Network Issue
INC_1182,Resolved,2026-04-06 19:25:42.927035,Elena,Tier 2 - Network,Network Issue
INC_1182,Closed,2026-04-06 20:25:42.927035,Dani,Tier 1,Network Issue
INC_1183,Ticket Created,2026-04-10 13:00:00.000000,Dani,Tier 1,Hardware Failure
INC_1183,Resolved,2026-04-10 14:19:00.000000,Dani,Tier 1,Hardware Failure
INC_1183,Closed,2026-04-10 14:29:00.000000,Dani,Tier 1,Hardware Failure
INC_1184,Ticket Created,2026-05-01 16:00:00.000000,Charlie,Tier 1,Network Issue
INC_1184,Escalated,2026-05-01 17:21:46.458458,Charlie,Tier 1,Network Issue
INC_1184,In Progress,2026-05-01 17:36:46.458458,Elena,Tier 2 - Network,Network Issue
INC_1184,Resolved,2026-05-02 05:27:29.842651,Elena,Tier 2 - Network,Network Issue
INC_1184,Closed,2026-05-02 06:27:29.842651,Charlie,Tier 1,Network Issue
INC_1185,Ticket Created,2026-04-05 13:00:00.000000,Alex,Tier 1,Hardware Failure
INC_1185,Resolved,2026-04-05 13:24:00.000000,Alex,Tier 1,Hardware Failure
INC_1185,Closed,2026-04-05 13:34:00.000000,Alex,Tier 1,Hardware Failure
INC_1186,Ticket Created,2026-04-30 09:00:00.000000,Charlie,Tier 1,Password Reset
INC_1186,Resolved,2026-04-30 09:39:00.000000,Charlie,Tier 1,Password Reset
INC_1186,Closed,2026-04-30 09:49:00.000000,Charlie,Tier 1,Password Reset
INC_1187,Ticket Created,2026-04-27 09:00:00.000000,Alex,Tier 1,Network Issue
INC_1187,Escalated,2026-04-27 09:59:24.186049,Alex,Tier 1,Network Issue
INC_1187,In Progress,2026-04-27 10:14:24.186049,David,Tier 2 - Network,Network Issue
INC_1187,Resolved,2026-04-27 23:34:39.926391,David,Tier 2 - Network,Network Issue
INC_1187,Closed,2026-04-28 00:34:39.926391,Alex,Tier 1,Network Issue
INC_1188,Ticket Created,2026-04-21 14:00:00.000000,Brea,Tier 1,Network Issue
INC_1188,Escalated,2026-04-21 15:00:00.000000,Brea,Tier 1,Network Issue
INC_1188,Awaiting Info,2026-04-21 17:00:00.000000,Elena,Tier 2 - Network,Network Issue
INC_1188,In Progress,2026-04-22 15:43:33.634759,Brea,Tier 1,Network Issue
INC_1188,In Progress,2026-04-22 19:43:33.634759,Henry,Tier 3 - Management,Network Issue
INC_1188,Resolved,2026-04-22 22:12:29.775014,Elena,Tier 2 - Network,Network Issue
INC_1188,Closed,2026-04-23 00:12:29.775014,Brea,Tier 1,Network Issue
INC_1189,Ticket Created,2026-04-19 11:00:00.000000,Brea,Tier 1,Hardware Failure
INC_1189,Escalated,2026-04-19 12:21:55.306919,Brea,Tier 1,Hardware Failure
INC_1189,In Progress,2026-04-19 12:36:55.306919,Frank,Tier 2 - Software,Hardware Failure
INC_1189,Resolved,2026-04-19 17:27:25.792124,Frank,Tier 2 - Software,Hardware Failure
INC_1189,Closed,2026-04-19 18:27:25.792124,Brea,Tier 1,Hardware Failure
INC_1190,Ticket Created,2026-04-30 11:00:00.000000,Dani,Tier 1,Password Reset
INC_1190,Resolved,2026-04-30 11:53:00.000000,Dani,Tier 1,Password Reset
INC_1190,Closed,2026-04-30 12:03:00.000000,Dani,Tier 1,Password Reset
INC_1191,Ticket Created,2026-04-12 14:00:00.000000,Dani,Tier 1,Network Issue
INC_1191,Escalated,2026-04-12 15:02:07.591221,Dani,Tier 1,Network Issue
INC_1191,In Progress,2026-04-12 15:17:07.591221,David,Tier 2 - Network,Network Issue
INC_1191,Resolved,2026-04-12 22:37:23.968209,David,Tier 2 - Network,Network Issue
INC_1191,Closed,2026-04-12 23:37:23.968209,Dani,Tier 1,Network Issue
INC_1192,Ticket Created,2026-04-29 16:00:00.000000,Alex,Tier 1,Hardware Failure
INC_1192,Escalated,2026-04-29 16:41:28.304878,Alex,Tier 1,Hardware Failure
INC_1192,In Progress,2026-04-29 16:56:28.304878,Grace,Tier 2 - Software,Hardware Failure
INC_1192,Resolved,2026-04-29 20:14:27.794915,Grace,Tier 2 - Software,Hardware Failure
INC_1192,Closed,2026-04-29 21:14:27.794915,Alex,Tier 1,Hardware Failure
INC_1193,Ticket Created,2026-04-28 16:00:00.000000,Alex,Tier 1,Password Reset
INC_1193,Resolved,2026-04-28 16:31:00.000000,Alex,Tier 1,Password Reset
INC_1193,Closed,2026-04-28 16:41:00.000000,Alex,Tier 1,Password Reset
INC_1194,Ticket Created,2026-04-09 14:00:00.000000,Alex,Tier 1,Network Issue
INC_1194,Escalated,2026-04-09 14:37:58.967916,Alex,Tier 1,Network Issue
INC_1194,In Progress,2026-04-09 14:52:58.967916,Elena,Tier 2 - Network,Network Issue
INC_1194,Resolved,2026-04-10 00:40:01.633631,Elena,Tier 2 - Network,Network Issue
INC_1194,Closed,2026-04-10 01:40:01.633631,Alex,Tier 1,Network Issue
INC_1195,Ticket Created,2026-04-30 10:00:00.000000,Brea,Tier 1,Network Issue
INC_1195,Escalated,2026-04-30 10:49:08.199353,Brea,Tier 1,Network Issue
INC_1195,In Progress,2026-04-30 11:04:08.199353,David,Tier 2 - Network,Network Issue
INC_1195,Resolved,2026-05-01 02:51:53.235292,David,Tier 2 - Network,Network Issue
INC_1195,Closed,2026-05-01 03:51:53.235292,Brea,Tier 1,Network Issue
INC_1196,Ticket Created,2026-04-04 14:00:00.000000,Charlie,Tier 1,Software Bug
INC_1196,Escalated,2026-04-04 15:32:07.909358,Charlie,Tier 1,Software Bug
INC_1196,In Progress,2026-04-04 15:47:07.909358,Grace,Tier 2 - Software,Software Bug
INC_1196,Resolved,2026-04-05 01:18:43.765511,Grace,Tier 2 - Software,Software Bug
INC_1196,Closed,2026-04-05 02:18:43.765511,Charlie,Tier 1,Software Bug
INC_1197,Ticket Created,2026-04-21 11:00:00.000000,Brea,Tier 1,Software Bug
INC_1197,Escalated,2026-04-21 12:44:59.546845,Brea,Tier 1,Software Bug
INC_1197,In Progress,2026-04-21 12:59:59.546845,Frank,Tier 2 - Software,Software Bug
INC_1197,Resolved,2026-04-22 01:52:17.736516,Frank,Tier 2 - Software,Software Bug
INC_1197,Closed,2026-04-22 02:52:17.736516,Brea,Tier 1,Software Bug
INC_1198,Ticket Created,2026-04-19 12:00:00.000000,Brea,Tier 1,Hardware Failure
INC_1198,Resolved,2026-04-19 12:29:00.000000,Brea,Tier 1,Hardware Failure
INC_1198,Closed,2026-04-19 12:39:00.000000,Brea,Tier 1,Hardware Failure
INC_1199,Ticket Created,2026-04-27 17:00:00.000000,Brea,Tier 1,Hardware Failure
INC_1199,Resolved,2026-04-27 18:25:00.000000,Brea,Tier 1,Hardware Failure
INC_1199,Closed,2026-04-27 18:35:00.000000,Brea,Tier 1,Hardware Failure
INC_1200,Ticket Created,2026-04-01 15:00:00.000000,Alex,Tier 1,Network Issue
INC_1200,Resolved,2026-04-01 16:24:00.000000,Alex,Tier 1,Network Issue
INC_1200,Closed,2026-04-01 16:34:00.000000,Alex,Tier 1,Network Issue
INC_1201,Ticket Created,2026-04-16 14:00:00.000000,Alex,Tier 1,Hardware Failure
INC_1201,Escalated,2026-04-16 14:42:56.681675,Alex,Tier 1,Hardware Failure
INC_1201,In Progress,2026-04-16 14:57:56.681675,Frank,Tier 2 - Software,Hardware Failure
INC_1201,Resolved,2026-04-16 19:21:22.922880,Frank,Tier 2 - Software,Hardware Failure
INC_1201,Closed,2026-04-16 20:21:22.922880,Alex,Tier 1,Hardware Failure
INC_1202,Ticket Created,2026-04-12 14:00:00.000000,Alex,Tier 1,Software Bug
INC_1202,Escalated,2026-04-12 15:51:48.166567,Alex,Tier 1,Software Bug
INC_1202,In Progress,2026-04-12 16:06:48.166567,Frank,Tier 2 - Software,Software Bug
INC_1202,Resolved,2026-04-12 21:22:33.405012,Frank,Tier 2 - Software,Software Bug
INC_1202,Closed,2026-04-12 22:22:33.405012,Alex,Tier 1,Software Bug
INC_1203,Ticket Created,2026-04-07 09:00:00.000000,Dani,Tier 1,Password Reset
INC_1203,Resolved,2026-04-07 09:31:00.000000,Dani,Tier 1,Password Reset
INC_1203,Closed,2026-04-07 09:41:00.000000,Dani,Tier 1,Password Reset
INC_1204,Ticket Created,2026-04-09 17:00:00.000000,Dani,Tier 1,Software Bug
INC_1204,Escalated,2026-04-09 17:57:53.306587,Dani,Tier 1,Software Bug
INC_1204,In Progress,2026-04-09 18:12:53.306587,Grace,Tier 2 - Software,Software Bug
INC_1204,Resolved,2026-04-10 08:48:44.729475,Grace,Tier 2 - Software,Software Bug
INC_1204,Closed,2026-04-10 09:48:44.729475,Dani,Tier 1,Software Bug
INC_1205,Ticket Created,2026-04-09 13:00:00.000000,Alex,Tier 1,Software Bug
INC_1205,Escalated,2026-04-09 14:24:26.065841,Alex,Tier 1,Software Bug
INC_1205,In Progress,2026-04-09 14:39:26.065841,Frank,Tier 2 - Software,Software Bug
INC_1205,Resolved,2026-04-10 01:18:56.725767,Frank,Tier 2 - Software,Software Bug
INC_1205,Closed,2026-04-10 02:18:56.725767,Alex,Tier 1,Software Bug
INC_1206,Ticket Created,2026-04-20 13:00:00.000000,Alex,Tier 1,Software Bug
INC_1206,Escalated,2026-04-20 14:00:00.000000,Alex,Tier 1,Software Bug
INC_1206,Awaiting Info,2026-04-20 16:00:00.000000,Grace,Tier 2 - Software,Software Bug
INC_1206,In Progress,2026-04-21 02:20:43.694829,Alex,Tier 1,Software Bug
INC_1206,Resolved,2026-04-21 06:16:08.784894,Grace,Tier 2 - Software,Software Bug
INC_1206,Closed,2026-04-21 08:16:08.784894,Alex,Tier 1,Software Bug
INC_1207,Ticket Created,2026-04-08 17:00:00.000000,Dani,Tier 1,Software Bug
INC_1207,Escalated,2026-04-08 18:13:04.747197,Dani,Tier 1,Software Bug
INC_1207,In Progress,2026-04-08 18:28:04.747197,Frank,Tier 2 - Software,Software Bug
INC_1207,Resolved,2026-04-09 13:20:28.657389,Frank,Tier 2 - Software,Software Bug
INC_1207,Closed,2026-04-09 14:20:28.657389,Dani,Tier 1,Software Bug
INC_1208,Ticket Created,2026-04-01 12:00:00.000000,Dani,Tier 1,Network Issue
INC_1208,Escalated,2026-04-01 13:00:00.000000,Dani,Tier 1,Network Issue
INC_1208,Awaiting Info,2026-04-01 15:00:00.000000,David,Tier 2 - Network,Network Issue
INC_1208,In Progress,2026-04-02 14:09:52.358908,Dani,Tier 1,Network Issue
INC_1208,In Progress,2026-04-02 18:09:52.358908,Henry,Tier 3 - Management,Network Issue
INC_1208,Resolved,2026-04-02 21:22:27.994171,David,Tier 2 - Network,Network Issue
INC_1208,Closed,2026-04-02 23:22:27.994171,Dani,Tier 1,Network Issue
INC_1209,Ticket Created,2026-04-24 10:00:00.000000,Charlie,Tier 1,Software Bug
INC_1209,Escalated,2026-04-24 11:00:00.000000,Charlie,Tier 1,Software Bug
INC_1209,Awaiting Info,2026-04-24 13:00:00.000000,Grace,Tier 2 - Software,Software Bug
INC_1209,In Progress,2026-04-25 05:18:54.535676,Charlie,Tier 1,Software Bug
INC_1209,Resolved,2026-04-25 10:37:59.661795,Grace,Tier 2 - Software,Software Bug
INC_1209,Closed,2026-04-25 12:37:59.661795,Charlie,Tier 1,Software Bug
INC_1210,Ticket Created,2026-04-23 10:00:00.000000,Brea,Tier 1,Password Reset
INC_1210,Resolved,2026-04-23 11:08:00.000000,Brea,Tier 1,Password Reset
INC_1210,Closed,2026-04-23 11:18:00.000000,Brea,Tier 1,Password Reset
INC_1211,Ticket Created,2026-04-16 13:00:00.000000,Charlie,Tier 1,Password Reset
INC_1211,Resolved,2026-04-16 14:22:00.000000,Charlie,Tier 1,Password Reset
INC_1211,Closed,2026-04-16 14:32:00.000000,Charlie,Tier 1,Password Reset
INC_1212,Ticket Created,2026-04-06 12:00:00.000000,Alex,Tier 1,Hardware Failure
INC_1212,Escalated,2026-04-06 12:31:03.315773,Alex,Tier 1,Hardware Failure
INC_1212,In Progress,2026-04-06 12:46:03.315773,Frank,Tier 2 - Software,Hardware Failure
INC_1212,Resolved,2026-04-06 17:01:03.557027,Frank,Tier 2 - Software,Hardware Failure
INC_1212,Closed,2026-04-06 18:01:03.557027,Alex,Tier 1,Hardware Failure
INC_1213,Ticket Created,2026-04-09 11:00:00.000000,Brea,Tier 1,Software Bug
INC_1213,Resolved,2026-04-09 12:07:00.000000,Brea,Tier 1,Software Bug
INC_1213,Closed,2026-04-09 12:17:00.000000,Brea,Tier 1,Software Bug
INC_1214,Ticket Created,2026-04-26 15:00:00.000000,Charlie,Tier 1,Hardware Failure
INC_1214,Resolved,2026-04-26 16:07:00.000000,Charlie,Tier 1,Hardware Failure
INC_1214,Closed,2026-04-26 16:17:00.000000,Charlie,Tier 1,Hardware Failure
INC_1215,Ticket Created,2026-04-03 15:00:00.000000,Brea,Tier 1,Password Reset
INC_1215,Resolved,2026-04-03 15:58:00.000000,Brea,Tier 1,Password Reset
INC_1215,Closed,2026-04-03 16:08:00.000000,Brea,Tier 1,Password Reset
INC_1216,Ticket Created,2026-04-06 09:00:00.000000,Charlie,Tier 1,Network Issue
INC_1216,Escalated,2026-04-06 10:00:00.000000,Charlie,Tier 1,Network Issue
INC_1216,Awaiting Info,2026-04-06 12:00:00.000000,Elena,Tier 2 - Network,Network Issue
INC_1216,In Progress,2026-04-06 23:31:58.924442,Charlie,Tier 1,Network Issue
INC_1216,In Progress,2026-04-07 03:31:58.924442,Henry,Tier 3 - Management,Network Issue
INC_1216,Resolved,2026-04-07 07:08:39.088900,Elena,Tier 2 - Network,Network Issue
INC_1216,Closed,2026-04-07 09:08:39.088900,Charlie,Tier 1,Network Issue
INC_1217,Ticket Created,2026-04-19 10:00:00.000000,Alex,Tier 1,Hardware Failure
INC_1217,Resolved,2026-04-19 10:28:00.000000,Alex,Tier 1,Hardware Failure
INC_1217,Closed,2026-04-19 10:38:00.000000,Alex,Tier 1,Hardware Failure
INC_1218,Ticket Created,2026-04-27 11:00:00.000000,Dani,Tier 1,Password Reset
INC_1218,Resolved,2026-04-27 11:41:00.000000,Dani,Tier 1,Password Reset
INC_1218,Closed,2026-04-27 11:51:00.000000,Dani,Tier 1,Password Reset
INC_1219,Ticket Created,2026-04-02 11:00:00.000000,Charlie,Tier 1,Network Issue
INC_1219,Escalated,2026-04-02 12:00:00.000000,Charlie,Tier 1,Network Issue
INC_1219,Awaiting Info,2026-04-02 14:00:00.000000,David,Tier 2 - Network,Network Issue
INC_1219,In Progress,2026-04-03 02:56:18.138448,Charlie,Tier 1,Network Issue
INC_1219,In Progress,2026-04-03 06:56:18.138448,Henry,Tier 3 - Management,Network Issue
INC_1219,Resolved,2026-04-03 10:55:49.036772,David,Tier 2 - Network,Network Issue
INC_1219,Closed,2026-04-03 12:55:49.036772,Charlie,Tier 1,Network Issue
INC_1220,Ticket Created,2026-04-04 14:00:00.000000,Charlie,Tier 1,Software Bug
INC_1220,Escalated,2026-04-04 15:50:59.136530,Charlie,Tier 1,Software Bug
INC_1220,In Progress,2026-04-04 16:05:59.136530,Grace,Tier 2 - Software,Software Bug
INC_1220,Resolved,2026-04-05 04:40:00.138014,Grace,Tier 2 - Software,Software Bug
INC_1220,Closed,2026-04-05 05:40:00.138014,Charlie,Tier 1,Software Bug
INC_1221,Ticket Created,2026-04-30 10:00:00.000000,Brea,Tier 1,Hardware Failure
INC_1221,Resolved,2026-04-30 10:46:00.000000,Brea,Tier 1,Hardware Failure
INC_1221,Closed,2026-04-30 10:56:00.000000,Brea,Tier 1,Hardware Failure
INC_1222,Ticket Created,2026-04-11 14:00:00.000000,Dani,Tier 1,Password Reset
INC_1222,Resolved,2026-04-11 14:22:00.000000,Dani,Tier 1,Password Reset
INC_1222,Closed,2026-04-11 14:32:00.000000,Dani,Tier 1,Password Reset
INC_1223,Ticket Created,2026-04-24 17:00:00.000000,Alex,Tier 1,Hardware Failure
INC_1223,Resolved,2026-04-24 17:27:00.000000,Alex,Tier 1,Hardware Failure
INC_1223,Closed,2026-04-24 17:37:00.000000,Alex,Tier 1,Hardware Failure
INC_1224,Ticket Created,2026-04-28 09:00:00.000000,Brea,Tier 1,Password Reset
INC_1224,Resolved,2026-04-28 10:22:00.000000,Brea,Tier 1,Password Reset
INC_1224,Closed,2026-04-28 10:32:00.000000,Brea,Tier 1,Password Reset
INC_1225,Ticket Created,2026-04-04 17:00:00.000000,Charlie,Tier 1,Network Issue
INC_1225,Escalated,2026-04-04 18:29:25.049871,Charlie,Tier 1,Network Issue
INC_1225,In Progress,2026-04-04 18:44:25.049871,David,Tier 2 - Network,Network Issue
INC_1225,Resolved,2026-04-05 06:47:08.638065,David,Tier 2 - Network,Network Issue
INC_1225,Closed,2026-04-05 07:47:08.638065,Charlie,Tier 1,Network Issue
INC_1226,Ticket Created,2026-04-10 14:00:00.000000,Alex,Tier 1,Password Reset
INC_1226,Resolved,2026-04-10 15:27:00.000000,Alex,Tier 1,Password Reset
INC_1226,Closed,2026-04-10 15:37:00.000000,Alex,Tier 1,Password Reset
INC_1227,Ticket Created,2026-04-23 11:00:00.000000,Brea,Tier 1,Password Reset
INC_1227,Resolved,2026-04-23 11:45:00.000000,Brea,Tier 1,Password Reset
INC_1227,Closed,2026-04-23 11:55:00.000000,Brea,Tier 1,Password Reset
INC_1228,Ticket Created,2026-04-04 10:00:00.000000,Brea,Tier 1,Password Reset
INC_1228,Resolved,2026-04-04 10:37:00.000000,Brea,Tier 1,Password Reset
INC_1228,Closed,2026-04-04 10:47:00.000000,Brea,Tier 1,Password Reset
INC_1229,Ticket Created,2026-04-07 10:00:00.000000,Alex,Tier 1,Software Bug
INC_1229,Escalated,2026-04-07 11:00:00.000000,Alex,Tier 1,Software Bug
INC_1229,Awaiting Info,2026-04-07 13:00:00.000000,Frank,Tier 2 - Software,Software Bug
INC_1229,In Progress,2026-04-08 11:35:44.919294,Alex,Tier 1,Software Bug
INC_1229,Resolved,2026-04-08 16:43:11.628538,Frank,Tier 2 - Software,Software Bug
INC_1229,Closed,2026-04-08 18:43:11.628538,Alex,Tier 1,Software Bug
INC_1230,Ticket Created,2026-04-12 13:00:00.000000,Charlie,Tier 1,Password Reset
INC_1230,Resolved,2026-04-12 14:17:00.000000,Charlie,Tier 1,Password Reset
INC_1230,Closed,2026-04-12 14:27:00.000000,Charlie,Tier 1,Password Reset
INC_1231,Ticket Created,2026-04-28 10:00:00.000000,Alex,Tier 1,Software Bug
INC_1231,Escalated,2026-04-28 10:38:58.429321,Alex,Tier 1,Software Bug
INC_1231,In Progress,2026-04-28 10:53:58.429321,Grace,Tier 2 - Software,Software Bug
INC_1231,Resolved,2026-04-28 23:08:55.273739,Grace,Tier 2 - Software,Software Bug
INC_1231,Closed,2026-04-29 00:08:55.273739,Alex,Tier 1,Software Bug
INC_1232,Ticket Created,2026-04-03 09:00:00.000000,Brea,Tier 1,Password Reset
INC_1232,Resolved,2026-04-03 09:22:00.000000,Brea,Tier 1,Password Reset
INC_1232,Closed,2026-04-03 09:32:00.000000,Brea,Tier 1,Password Reset
INC_1233,Ticket Created,2026-04-13 15:00:00.000000,Dani,Tier 1,Password Reset
INC_1233,Resolved,2026-04-13 16:13:00.000000,Dani,Tier 1,Password Reset
INC_1233,Closed,2026-04-13 16:23:00.000000,Dani,Tier 1,Password Reset
INC_1234,Ticket Created,2026-04-22 15:00:00.000000,Alex,Tier 1,Network Issue
INC_1234,Escalated,2026-04-22 16:00:00.000000,Alex,Tier 1,Network Issue
INC_1234,Awaiting Info,2026-04-22 18:00:00.000000,David,Tier 2 - Network,Network Issue
INC_1234,In Progress,2026-04-23 14:13:36.454057,Alex,Tier 1,Network Issue
INC_1234,In Progress,2026-04-23 18:13:36.454057,Henry,Tier 3 - Management,Network Issue
INC_1234,Resolved,2026-04-23 21:30:22.119012,David,Tier 2 - Network,Network Issue
INC_1234,Closed,2026-04-23 23:30:22.119012,Alex,Tier 1,Network Issue
INC_1235,Ticket Created,2026-04-05 11:00:00.000000,Brea,Tier 1,Hardware Failure
INC_1235,Resolved,2026-04-05 11:41:00.000000,Brea,Tier 1,Hardware Failure
INC_1235,Closed,2026-04-05 11:51:00.000000,Brea,Tier 1,Hardware Failure
INC_1236,Ticket Created,2026-04-23 16:00:00.000000,Dani,Tier 1,Hardware Failure
INC_1236,Resolved,2026-04-23 16:47:00.000000,Dani,Tier 1,Hardware Failure
INC_1236,Closed,2026-04-23 16:57:00.000000,Dani,Tier 1,Hardware Failure
INC_1237,Ticket Created,2026-04-21 11:00:00.000000,Brea,Tier 1,Network Issue
INC_1237,Escalated,2026-04-21 12:00:00.000000,Brea,Tier 1,Network Issue
INC_1237,Awaiting Info,2026-04-21 14:00:00.000000,David,Tier 2 - Network,Network Issue
INC_1237,In Progress,2026-04-22 04:41:54.720281,Brea,Tier 1,Network Issue
INC_1237,In Progress,2026-04-22 08:41:54.720281,Henry,Tier 3 - Management,Network Issue
INC_1237,Resolved,2026-04-22 10:50:06.494314,David,Tier 2 - Network,Network Issue
INC_1237,Closed,2026-04-22 12:50:06.494314,Brea,Tier 1,Network Issue
INC_1238,Ticket Created,2026-04-16 13:00:00.000000,Brea,Tier 1,Hardware Failure
INC_1238,Resolved,2026-04-16 14:00:00.000000,Brea,Tier 1,Hardware Failure
INC_1238,Closed,2026-04-16 14:10:00.000000,Brea,Tier 1,Hardware Failure
INC_1239,Ticket Created,2026-04-12 13:00:00.000000,Charlie,Tier 1,Software Bug
INC_1239,Escalated,2026-04-12 14:46:57.378248,Charlie,Tier 1,Software Bug
INC_1239,In Progress,2026-04-12 15:01:57.378248,Frank,Tier 2 - Software,Software Bug
INC_1239,Resolved,2026-04-13 04:53:33.839094,Frank,Tier 2 - Software,Software Bug
INC_1239,Closed,2026-04-13 05:53:33.839094,Charlie,Tier 1,Software Bug
INC_1240,Ticket Created,2026-04-25 14:00:00.000000,Brea,Tier 1,Network Issue
INC_1240,Escalated,2026-04-25 15:28:18.089807,Brea,Tier 1,Network Issue
INC_1240,In Progress,2026-04-25 15:43:18.089807,David,Tier 2 - Network,Network Issue
INC_1240,Resolved,2026-04-26 02:51:14.204005,David,Tier 2 - Network,Network Issue
INC_1240,Closed,2026-04-26 03:51:14.204005,Brea,Tier 1,Network Issue
INC_1241,Ticket Created,2026-04-12 09:00:00.000000,Charlie,Tier 1,Password Reset
INC_1241,Escalated,2026-04-12 10:20:06.932079,Charlie,Tier 1,Password Reset
INC_1241,In Progress,2026-04-12 10:35:06.932079,Grace,Tier 2 - Software,Password Reset
INC_1241,Resolved,2026-04-12 12:53:52.822921,Grace,Tier 2 - Software,Password Reset
INC_1241,Closed,2026-04-12 13:53:52.822921,Charlie,Tier 1,Password Reset
INC_1242,Ticket Created,2026-05-01 12:00:00.000000,Charlie,Tier 1,Software Bug
INC_1242,Escalated,2026-05-01 12:39:12.396860,Charlie,Tier 1,Software Bug
INC_1242,In Progress,2026-05-01 12:54:12.396860,Frank,Tier 2 - Software,Software Bug
INC_1242,Resolved,2026-05-02 02:46:40.558461,Frank,Tier 2 - Software,Software Bug
INC_1242,Closed,2026-05-02 03:46:40.558461,Charlie,Tier 1,Software Bug
INC_1243,Ticket Created,2026-04-25 10:00:00.000000,Dani,Tier 1,Software Bug
INC_1243,Resolved,2026-04-25 10:25:00.000000,Dani,Tier 1,Software Bug
INC_1243,Closed,2026-04-25 10:35:00.000000,Dani,Tier 1,Software Bug
INC_1244,Ticket Created,2026-04-15 12:00:00.000000,Brea,Tier 1,Password Reset
INC_1244,Resolved,2026-04-15 13:11:00.000000,Brea,Tier 1,Password Reset
INC_1244,Closed,2026-04-15 13:21:00.000000,Brea,Tier 1,Password Reset
INC_1245,Ticket Created,2026-04-04 15:00:00.000000,Dani,Tier 1,Software Bug
INC_1245,Escalated,2026-04-04 16:18:22.275107,Dani,Tier 1,Software Bug
INC_1245,In Progress,2026-04-04 16:33:22.275107,Frank,Tier 2 - Software,Software Bug
INC_1245,Resolved,2026-04-05 11:58:23.353905,Frank,Tier 2 - Software,Software Bug
INC_1245,Closed,2026-04-05 12:58:23.353905,Dani,Tier 1,Software Bug
INC_1246,Ticket Created,2026-04-21 17:00:00.000000,Alex,Tier 1,Network Issue
INC_1246,Escalated,2026-04-21 18:00:00.000000,Alex,Tier 1,Network Issue
INC_1246,Awaiting Info,2026-04-21 20:00:00.000000,Elena,Tier 2 - Network,Network Issue
INC_1246,In Progress,2026-04-22 15:01:09.794621,Alex,Tier 1,Network Issue
INC_1246,In Progress,2026-04-22 19:01:09.794621,Henry,Tier 3 - Management,Network Issue
INC_1246,Resolved,2026-04-22 21:48:22.344655,Elena,Tier 2 - Network,Network Issue
INC_1246,Closed,2026-04-22 23:48:22.344655,Alex,Tier 1,Network Issue
INC_1247,Ticket Created,2026-04-19 13:00:00.000000,Dani,Tier 1,Hardware Failure
INC_1247,Escalated,2026-04-19 13:48:57.620341,Dani,Tier 1,Hardware Failure
INC_1247,In Progress,2026-04-19 14:03:57.620341,Grace,Tier 2 - Software,Hardware Failure
INC_1247,Resolved,2026-04-19 16:23:28.144667,Grace,Tier 2 - Software,Hardware Failure
INC_1247,Closed,2026-04-19 17:23:28.144667,Dani,Tier 1,Hardware Failure
INC_1248,Ticket Created,2026-04-16 17:00:00.000000,Charlie,Tier 1,Software Bug
INC_1248,Resolved,2026-04-16 18:21:00.000000,Charlie,Tier 1,Software Bug
INC_1248,Closed,2026-04-16 18:31:00.000000,Charlie,Tier 1,Software Bug
INC_1249,Ticket Created,2026-04-06 14:00:00.000000,Alex,Tier 1,Network Issue
INC_1249,Escalated,2026-04-06 15:00:00.000000,Alex,Tier 1,Network Issue
INC_1249,Awaiting Info,2026-04-06 17:00:00.000000,Elena,Tier 2 - Network,Network Issue
INC_1249,In Progress,2026-04-07 09:08:13.470416,Alex,Tier 1,Network Issue
INC_1249,In Progress,2026-04-07 13:08:13.470416,Henry,Tier 3 - Management,Network Issue
INC_1249,Resolved,2026-04-07 19:00:57.452569,Elena,Tier 2 - Network,Network Issue
INC_1249,Closed,2026-04-07 21:00:57.452569,Alex,Tier 1,Network Issue
INC_1250,Ticket Created,2026-04-11 09:00:00.000000,Alex,Tier 1,Hardware Failure
INC_1250,Resolved,2026-04-11 09:34:00.000000,Alex,Tier 1,Hardware Failure
INC_1250,Closed,2026-04-11 09:44:00.000000,Alex,Tier 1,Hardware Failure
INC_1251,Ticket Created,2026-05-01 13:00:00.000000,Brea,Tier 1,Hardware Failure
INC_1251,Resolved,2026-05-01 14:28:00.000000,Brea,Tier 1,Hardware Failure
INC_1251,Closed,2026-05-01 14:38:00.000000,Brea,Tier 1,Hardware Failure
INC_1252,Ticket Created,2026-04-10 16:00:00.000000,Alex,Tier 1,Password Reset
INC_1252,Resolved,2026-04-10 17:24:00.000000,Alex,Tier 1,Password Reset
INC_1252,Closed,2026-04-10 17:34:00.000000,Alex,Tier 1,Password Reset
INC_1253,Ticket Created,2026-04-08 11:00:00.000000,Dani,Tier 1,Password Reset
INC_1253,Resolved,2026-04-08 11:56:00.000000,Dani,Tier 1,Password Reset
INC_1253,Closed,2026-04-08 12:06:00.000000,Dani,Tier 1,Password Reset
INC_1254,Ticket Created,2026-04-26 10:00:00.000000,Alex,Tier 1,Network Issue
INC_1254,Escalated,2026-04-26 11:28:37.399765,Alex,Tier 1,Network Issue
INC_1254,In Progress,2026-04-26 11:43:37.399765,Elena,Tier 2 - Network,Network Issue
INC_1254,Resolved,2026-04-27 01:05:49.303320,Elena,Tier 2 - Network,Network Issue
INC_1254,Closed,2026-04-27 02:05:49.303320,Alex,Tier 1,Network Issue
INC_1255,Ticket Created,2026-04-10 10:00:00.000000,Dani,Tier 1,Hardware Failure
INC_1255,Resolved,2026-04-10 11:05:00.000000,Dani,Tier 1,Hardware Failure
INC_1255,Closed,2026-04-10 11:15:00.000000,Dani,Tier 1,Hardware Failure
INC_1256,Ticket Created,2026-04-19 12:00:00.000000,Dani,Tier 1,Hardware Failure
INC_1256,Resolved,2026-04-19 12:50:00.000000,Dani,Tier 1,Hardware Failure
INC_1256,Closed,2026-04-19 13:00:00.000000,Dani,Tier 1,Hardware Failure
INC_1257,Ticket Created,2026-04-11 14:00:00.000000,Alex,Tier 1,Password Reset
INC_1257,Resolved,2026-04-11 14:50:00.000000,Alex,Tier 1,Password Reset
INC_1257,Closed,2026-04-11 15:00:00.000000,Alex,Tier 1,Password Reset
INC_1258,Ticket Created,2026-04-06 14:00:00.000000,Dani,Tier 1,Hardware Failure
INC_1258,Resolved,2026-04-06 14:32:00.000000,Dani,Tier 1,Hardware Failure
INC_1258,Closed,2026-04-06 14:42:00.000000,Dani,Tier 1,Hardware Failure
INC_1259,Ticket Created,2026-04-16 14:00:00.000000,Alex,Tier 1,Software Bug
INC_1259,Escalated,2026-04-16 15:00:00.000000,Alex,Tier 1,Software Bug
INC_1259,Awaiting Info,2026-04-16 17:00:00.000000,Grace,Tier 2 - Software,Software Bug
INC_1259,In Progress,2026-04-17 12:47:09.361405,Alex,Tier 1,Software Bug
INC_1259,Resolved,2026-04-17 17:02:37.915813,Grace,Tier 2 - Software,Software Bug
INC_1259,Closed,2026-04-17 19:02:37.915813,Alex,Tier 1,Software Bug
INC_1260,Ticket Created,2026-04-27 15:00:00.000000,Charlie,Tier 1,Software Bug
INC_1260,Escalated,2026-04-27 16:00:00.000000,Charlie,Tier 1,Software Bug
INC_1260,Awaiting Info,2026-04-27 18:00:00.000000,Grace,Tier 2 - Software,Software Bug
INC_1260,In Progress,2026-04-28 10:30:09.209093,Charlie,Tier 1,Software Bug
INC_1260,Resolved,2026-04-28 15:05:51.831034,Grace,Tier 2 - Software,Software Bug
INC_1260,Closed,2026-04-28 17:05:51.831034,Charlie,Tier 1,Software Bug
INC_1261,Ticket Created,2026-04-25 15:00:00.000000,Charlie,Tier 1,Hardware Failure
INC_1261,Resolved,2026-04-25 16:07:00.000000,Charlie,Tier 1,Hardware Failure
INC_1261,Closed,2026-04-25 16:17:00.000000,Charlie,Tier 1,Hardware Failure
INC_1262,Ticket Created,2026-04-07 09:00:00.000000,Alex,Tier 1,Network Issue
INC_1262,Escalated,2026-04-07 10:44:52.937608,Alex,Tier 1,Network Issue
INC_1262,In Progress,2026-04-07 10:59:52.937608,David,Tier 2 - Network,Network Issue
INC_1262,Resolved,2026-04-07 23:16:47.129882,David,Tier 2 - Network,Network Issue
INC_1262,Closed,2026-04-08 00:16:47.129882,Alex,Tier 1,Network Issue
INC_1263,Ticket Created,2026-04-18 17:00:00.000000,Alex,Tier 1,Password Reset
INC_1263,Resolved,2026-04-18 18:00:00.000000,Alex,Tier 1,Password Reset
INC_1263,Closed,2026-04-18 18:10:00.000000,Alex,Tier 1,Password Reset
INC_1264,Ticket Created,2026-04-11 14:00:00.000000,Dani,Tier 1,Network Issue
INC_1264,Escalated,2026-04-11 15:02:03.389549,Dani,Tier 1,Network Issue
INC_1264,In Progress,2026-04-11 15:17:03.389549,David,Tier 2 - Network,Network Issue
INC_1264,Resolved,2026-04-12 07:44:19.146357,David,Tier 2 - Network,Network Issue
INC_1264,Closed,2026-04-12 08:44:19.146357,Dani,Tier 1,Network Issue
INC_1265,Ticket Created,2026-04-13 14:00:00.000000,Brea,Tier 1,Hardware Failure
INC_1265,Resolved,2026-04-13 14:26:00.000000,Brea,Tier 1,Hardware Failure
INC_1265,Closed,2026-04-13 14:36:00.000000,Brea,Tier 1,Hardware Failure
INC_1266,Ticket Created,2026-04-28 09:00:00.000000,Charlie,Tier 1,Password Reset
INC_1266,Resolved,2026-04-28 09:45:00.000000,Charlie,Tier 1,Password Reset
INC_1266,Closed,2026-04-28 09:55:00.000000,Charlie,Tier 1,Password Reset
INC_1267,Ticket Created,2026-04-13 16:00:00.000000,Brea,Tier 1,Hardware Failure
INC_1267,Escalated,2026-04-13 16:36:45.383081,Brea,Tier 1,Hardware Failure
INC_1267,In Progress,2026-04-13 16:51:45.383081,Grace,Tier 2 - Software,Hardware Failure
INC_1267,Resolved,2026-04-13 19:31:14.888023,Grace,Tier 2 - Software,Hardware Failure
INC_1267,Closed,2026-04-13 20:31:14.888023,Brea,Tier 1,Hardware Failure
INC_1268,Ticket Created,2026-04-06 12:00:00.000000,Charlie,Tier 1,Network Issue
INC_1268,Escalated,2026-04-06 13:21:32.005923,Charlie,Tier 1,Network Issue
INC_1268,In Progress,2026-04-06 13:36:32.005923,Elena,Tier 2 - Network,Network Issue
INC_1268,Resolved,2026-04-06 19:14:00.296365,Elena,Tier 2 - Network,Network Issue
INC_1268,Closed,2026-04-06 20:14:00.296365,Charlie,Tier 1,Network Issue
INC_1269,Ticket Created,2026-04-28 10:00:00.000000,Brea,Tier 1,Network Issue
INC_1269,Escalated,2026-04-28 11:00:00.000000,Brea,Tier 1,Network Issue
INC_1269,Awaiting Info,2026-04-28 13:00:00.000000,Elena,Tier 2 - Network,Network Issue
INC_1269,In Progress,2026-04-29 06:35:24.034206,Brea,Tier 1,Network Issue
INC_1269,In Progress,2026-04-29 10:35:24.034206,Henry,Tier 3 - Management,Network Issue
INC_1269,Resolved,2026-04-29 15:32:49.272966,Elena,Tier 2 - Network,Network Issue
INC_1269,Closed,2026-04-29 17:32:49.272966,Brea,Tier 1,Network Issue
INC_1270,Ticket Created,2026-04-24 11:00:00.000000,Dani,Tier 1,Network Issue
INC_1270,Escalated,2026-04-24 12:56:51.852211,Dani,Tier 1,Network Issue
INC_1270,In Progress,2026-04-24 13:11:51.852211,Elena,Tier 2 - Network,Network Issue
INC_1270,Resolved,2026-04-24 22:01:46.991311,Elena,Tier 2 - Network,Network Issue
INC_1270,Closed,2026-04-24 23:01:46.991311,Dani,Tier 1,Network Issue
INC_1271,Ticket Created,2026-04-19 09:00:00.000000,Dani,Tier 1,Hardware Failure
INC_1271,Escalated,2026-04-19 10:14:15.591773,Dani,Tier 1,Hardware Failure
INC_1271,In Progress,2026-04-19 10:29:15.591773,Grace,Tier 2 - Software,Hardware Failure
INC_1271,Resolved,2026-04-19 15:24:39.684337,Grace,Tier 2 - Software,Hardware Failure
INC_1271,Closed,2026-04-19 16:24:39.684337,Dani,Tier 1,Hardware Failure
INC_1272,Ticket Created,2026-04-21 14:00:00.000000,Brea,Tier 1,Password Reset
INC_1272,Resolved,2026-04-21 15:21:00.000000,Brea,Tier 1,Password Reset
INC_1272,Closed,2026-04-21 15:31:00.000000,Brea,Tier 1,Password Reset
INC_1273,Ticket Created,2026-04-14 15:00:00.000000,Charlie,Tier 1,Software Bug
INC_1273,Escalated,2026-04-14 15:41:14.440677,Charlie,Tier 1,Software Bug
INC_1273,In Progress,2026-04-14 15:56:14.440677,Frank,Tier 2 - Software,Software Bug
INC_1273,Resolved,2026-04-15 08:16:03.875968,Frank,Tier 2 - Software,Software Bug
INC_1273,Closed,2026-04-15 09:16:03.875968,Charlie,Tier 1,Software Bug
INC_1274,Ticket Created,2026-04-12 17:00:00.000000,Dani,Tier 1,Software Bug
INC_1274,Resolved,2026-04-12 17:32:00.000000,Dani,Tier 1,Software Bug
INC_1274,Closed,2026-04-12 17:42:00.000000,Dani,Tier 1,Software Bug
INC_1275,Ticket Created,2026-04-20 14:00:00.000000,Alex,Tier 1,Hardware Failure
INC_1275,Resolved,2026-04-20 15:14:00.000000,Alex,Tier 1,Hardware Failure
INC_1275,Closed,2026-04-20 15:24:00.000000,Alex,Tier 1,Hardware Failure
INC_1276,Ticket Created,2026-04-11 14:00:00.000000,Charlie,Tier 1,Hardware Failure
INC_1276,Escalated,2026-04-11 15:30:53.114230,Charlie,Tier 1,Hardware Failure
INC_1276,In Progress,2026-04-11 15:45:53.114230,Grace,Tier 2 - Software,Hardware Failure
INC_1276,Resolved,2026-04-11 19:23:19.000911,Grace,Tier 2 - Software,Hardware Failure
INC_1276,Closed,2026-04-11 20:23:19.000911,Charlie,Tier 1,Hardware Failure
INC_1277,Ticket Created,2026-04-17 16:00:00.000000,Brea,Tier 1,Network Issue
INC_1277,Escalated,2026-04-17 17:11:28.102800,Brea,Tier 1,Network Issue
INC_1277,In Progress,2026-04-17 17:26:28.102800,Elena,Tier 2 - Network,Network Issue
INC_1277,Resolved,2026-04-18 12:36:50.909669,Elena,Tier 2 - Network,Network Issue
INC_1277,Closed,2026-04-18 13:36:50.909669,Brea,Tier 1,Network Issue
INC_1278,Ticket Created,2026-04-03 15:00:00.000000,Charlie,Tier 1,Password Reset
INC_1278,Resolved,2026-04-03 15:34:00.000000,Charlie,Tier 1,Password Reset
INC_1278,Closed,2026-04-03 15:44:00.000000,Charlie,Tier 1,Password Reset
INC_1279,Ticket Created,2026-04-24 09:00:00.000000,Charlie,Tier 1,Password Reset
INC_1279,Resolved,2026-04-24 09:30:00.000000,Charlie,Tier 1,Password Reset
INC_1279,Closed,2026-04-24 09:40:00.000000,Charlie,Tier 1,Password Reset
INC_1280,Ticket Created,2026-04-16 13:00:00.000000,Alex,Tier 1,Network Issue
INC_1280,Escalated,2026-04-16 14:00:00.000000,Alex,Tier 1,Network Issue
INC_1280,Awaiting Info,2026-04-16 16:00:00.000000,Elena,Tier 2 - Network,Network Issue
INC_1280,In Progress,2026-04-17 10:12:28.765935,Alex,Tier 1,Network Issue
INC_1280,In Progress,2026-04-17 14:12:28.765935,Henry,Tier 3 - Management,Network Issue
INC_1280,Resolved,2026-04-17 18:50:32.174121,Elena,Tier 2 - Network,Network Issue
INC_1280,Closed,2026-04-17 20:50:32.174121,Alex,Tier 1,Network Issue
INC_1281,Ticket Created,2026-04-11 16:00:00.000000,Charlie,Tier 1,Hardware Failure
INC_1281,Escalated,2026-04-11 16:57:50.935626,Charlie,Tier 1,Hardware Failure
INC_1281,In Progress,2026-04-11 17:12:50.935626,Frank,Tier 2 - Software,Hardware Failure
INC_1281,Resolved,2026-04-11 20:17:41.070722,Frank,Tier 2 - Software,Hardware Failure
INC_1281,Closed,2026-04-11 21:17:41.070722,Charlie,Tier 1,Hardware Failure
INC_1282,Ticket Created,2026-04-12 09:00:00.000000,Dani,Tier 1,Network Issue
INC_1282,Escalated,2026-04-12 10:13:21.198475,Dani,Tier 1,Network Issue
INC_1282,In Progress,2026-04-12 10:28:21.198475,David,Tier 2 - Network,Network Issue
INC_1282,Resolved,2026-04-12 17:42:08.523285,David,Tier 2 - Network,Network Issue
INC_1282,Closed,2026-04-12 18:42:08.523285,Dani,Tier 1,Network Issue
INC_1283,Ticket Created,2026-04-07 15:00:00.000000,Dani,Tier 1,Software Bug
INC_1283,Escalated,2026-04-07 16:00:00.000000,Dani,Tier 1,Software Bug
INC_1283,Awaiting Info,2026-04-07 18:00:00.000000,Grace,Tier 2 - Software,Software Bug
INC_1283,In Progress,2026-04-08 07:35:01.983798,Dani,Tier 1,Software Bug
INC_1283,Resolved,2026-04-08 12:40:59.062223,Grace,Tier 2 - Software,Software Bug
INC_1283,Closed,2026-04-08 14:40:59.062223,Dani,Tier 1,Software Bug
INC_1284,Ticket Created,2026-04-27 10:00:00.000000,Dani,Tier 1,Software Bug
INC_1284,Escalated,2026-04-27 11:38:49.347127,Dani,Tier 1,Software Bug
INC_1284,In Progress,2026-04-27 11:53:49.347127,Frank,Tier 2 - Software,Software Bug
INC_1284,Resolved,2026-04-28 03:52:00.615492,Frank,Tier 2 - Software,Software Bug
INC_1284,Closed,2026-04-28 04:52:00.615492,Dani,Tier 1,Software Bug
INC_1285,Ticket Created,2026-04-08 17:00:00.000000,Charlie,Tier 1,Password Reset
INC_1285,Resolved,2026-04-08 17:34:00.000000,Charlie,Tier 1,Password Reset
INC_1285,Closed,2026-04-08 17:44:00.000000,Charlie,Tier 1,Password Reset
INC_1286,Ticket Created,2026-04-19 17:00:00.000000,Charlie,Tier 1,Software Bug
INC_1286,Escalated,2026-04-19 18:00:00.000000,Charlie,Tier 1,Software Bug
INC_1286,Awaiting Info,2026-04-19 20:00:00.000000,Grace,Tier 2 - Software,Software Bug
INC_1286,In Progress,2026-04-20 17:44:38.254144,Charlie,Tier 1,Software Bug
INC_1286,Resolved,2026-04-20 23:43:07.197854,Grace,Tier 2 - Software,Software Bug
INC_1286,Closed,2026-04-21 01:43:07.197854,Charlie,Tier 1,Software Bug
INC_1287,Ticket Created,2026-04-04 17:00:00.000000,Dani,Tier 1,Software Bug
INC_1287,Escalated,2026-04-04 18:00:00.000000,Dani,Tier 1,Software Bug
INC_1287,Awaiting Info,2026-04-04 20:00:00.000000,Frank,Tier 2 - Software,Software Bug
INC_1287,In Progress,2026-04-05 06:09:09.035917,Dani,Tier 1,Software Bug
INC_1287,Resolved,2026-04-05 08:52:09.062083,Frank,Tier 2 - Software,Software Bug
INC_1287,Closed,2026-04-05 10:52:09.062083,Dani,Tier 1,Software Bug
INC_1288,Ticket Created,2026-04-22 15:00:00.000000,Alex,Tier 1,Password Reset
INC_1288,Resolved,2026-04-22 16:06:00.000000,Alex,Tier 1,Password Reset
INC_1288,Closed,2026-04-22 16:16:00.000000,Alex,Tier 1,Password Reset
INC_1289,Ticket Created,2026-04-26 09:00:00.000000,Charlie,Tier 1,Software Bug
INC_1289,Resolved,2026-04-26 09:34:00.000000,Charlie,Tier 1,Software Bug
INC_1289,Closed,2026-04-26 09:44:00.000000,Charlie,Tier 1,Software Bug
INC_1290,Ticket Created,2026-04-16 12:00:00.000000,Dani,Tier 1,Hardware Failure
INC_1290,Escalated,2026-04-16 13:41:50.312526,Dani,Tier 1,Hardware Failure
INC_1290,In Progress,2026-04-16 13:56:50.312526,Grace,Tier 2 - Software,Hardware Failure
INC_1290,Resolved,2026-04-16 17:12:55.483526,Grace,Tier 2 - Software,Hardware Failure
INC_1290,Closed,2026-04-16 18:12:55.483526,Dani,Tier 1,Hardware Failure
INC_1291,Ticket Created,2026-04-21 13:00:00.000000,Dani,Tier 1,Hardware Failure
INC_1291,Resolved,2026-04-21 13:35:00.000000,Dani,Tier 1,Hardware Failure
INC_1291,Closed,2026-04-21 13:45:00.000000,Dani,Tier 1,Hardware Failure
INC_1292,Ticket Created,2026-04-28 16:00:00.000000,Dani,Tier 1,Software Bug
INC_1292,Escalated,2026-04-28 17:00:00.000000,Dani,Tier 1,Software Bug
INC_1292,Awaiting Info,2026-04-28 19:00:00.000000,Grace,Tier 2 - Software,Software Bug
INC_1292,In Progress,2026-04-29 06:08:05.012961,Dani,Tier 1,Software Bug
INC_1292,Resolved,2026-04-29 11:18:53.587096,Grace,Tier 2 - Software,Software Bug
INC_1292,Closed,2026-04-29 13:18:53.587096,Dani,Tier 1,Software Bug
INC_1293,Ticket Created,2026-04-13 16:00:00.000000,Dani,Tier 1,Network Issue
INC_1293,Escalated,2026-04-13 17:17:56.056885,Dani,Tier 1,Network Issue
INC_1293,In Progress,2026-04-13 17:32:56.056885,Elena,Tier 2 - Network,Network Issue
INC_1293,Resolved,2026-04-14 07:36:52.513607,Elena,Tier 2 - Network,Network Issue
INC_1293,Closed,2026-04-14 08:36:52.513607,Dani,Tier 1,Network Issue
INC_1294,Ticket Created,2026-04-26 12:00:00.000000,Brea,Tier 1,Software Bug
INC_1294,Escalated,2026-04-26 13:00:00.000000,Brea,Tier 1,Software Bug
INC_1294,Awaiting Info,2026-04-26 15:00:00.000000,Frank,Tier 2 - Software,Software Bug
INC_1294,In Progress,2026-04-27 11:48:11.514855,Brea,Tier 1,Software Bug
INC_1294,Resolved,2026-04-27 16:49:35.314618,Frank,Tier 2 - Software,Software Bug
INC_1294,Closed,2026-04-27 18:49:35.314618,Brea,Tier 1,Software Bug
INC_1295,Ticket Created,2026-04-16 15:00:00.000000,Brea,Tier 1,Password Reset
INC_1295,Resolved,2026-04-16 16:05:00.000000,Brea,Tier 1,Password Reset
INC_1295,Closed,2026-04-16 16:15:00.000000,Brea,Tier 1,Password Reset
INC_1296,Ticket Created,2026-04-05 17:00:00.000000,Brea,Tier 1,Hardware Failure
INC_1296,Escalated,2026-04-05 18:50:20.822860,Brea,Tier 1,Hardware Failure
INC_1296,In Progress,2026-04-05 19:05:20.822860,Grace,Tier 2 - Software,Hardware Failure
INC_1296,Resolved,2026-04-05 22:41:30.612461,Grace,Tier 2 - Software,Hardware Failure
INC_1296,Closed,2026-04-05 23:41:30.612461,Brea,Tier 1,Hardware Failure
INC_1297,Ticket Created,2026-04-19 11:00:00.000000,Charlie,Tier 1,Password Reset
INC_1297,Resolved,2026-04-19 12:08:00.000000,Charlie,Tier 1,Password Reset
INC_1297,Closed,2026-04-19 12:18:00.000000,Charlie,Tier 1,Password Reset
INC_1298,Ticket Created,2026-04-23 16:00:00.000000,Charlie,Tier 1,Software Bug
INC_1298,Resolved,2026-04-23 17:20:00.000000,Charlie,Tier 1,Software Bug
INC_1298,Closed,2026-04-23 17:30:00.000000,Charlie,Tier 1,Software Bug
INC_1299,Ticket Created,2026-04-04 14:00:00.000000,Brea,Tier 1,Network Issue
INC_1299,Escalated,2026-04-04 15:00:00.000000,Brea,Tier 1,Network Issue
INC_1299,Awaiting Info,2026-04-04 17:00:00.000000,Elena,Tier 2 - Network,Network Issue
INC_1299,In Progress,2026-04-05 07:22:46.806034,Brea,Tier 1,Network Issue
INC_1299,In Progress,2026-04-05 11:22:46.806034,Henry,Tier 3 - Management,Network Issue
INC_1299,Resolved,2026-04-05 15:51:46.677292,Elena,Tier 2 - Network,Network Issue
INC_1299,Closed,2026-04-05 17:51:46.677292,Brea,Tier 1,Network Issue
INC_1300,Ticket Created,2026-04-17 10:00:00.000000,Charlie,Tier 1,Network Issue
INC_1300,Escalated,2026-04-17 11:59:52.317570,Charlie,Tier 1,Network Issue
INC_1300,In Progress,2026-04-17 12:14:52.317570,David,Tier 2 - Network,Network Issue
INC_1300,Resolved,2026-04-17 21:08:26.938590,David,Tier 2 - Network,Network Issue
INC_1300,Closed,2026-04-17 22:08:26.938590,Charlie,Tier 1,Network Issue
INC_1301,Ticket Created,2026-04-17 13:00:00.000000,Brea,Tier 1,Software Bug
INC_1301,Escalated,2026-04-17 14:00:00.000000,Brea,Tier 1,Software Bug
INC_1301,Awaiting Info,2026-04-17 16:00:00.000000,Grace,Tier 2 - Software,Software Bug
INC_1301,In Progress,2026-04-18 04:25:09.622836,Brea,Tier 1,Software Bug
INC_1301,Resolved,2026-04-18 08:23:43.165485,Grace,Tier 2 - Software,Software Bug
INC_1301,Closed,2026-04-18 10:23:43.165485,Brea,Tier 1,Software Bug
INC_1302,Ticket Created,2026-04-25 17:00:00.000000,Brea,Tier 1,Password Reset
INC_1302,Resolved,2026-04-25 18:05:00.000000,Brea,Tier 1,Password Reset
INC_1302,Closed,2026-04-25 18:15:00.000000,Brea,Tier 1,Password Reset
INC_1303,Ticket Created,2026-04-17 11:00:00.000000,Dani,Tier 1,Hardware Failure
INC_1303,Escalated,2026-04-17 12:32:03.111554,Dani,Tier 1,Hardware Failure
INC_1303,In Progress,2026-04-17 12:47:03.111554,Frank,Tier 2 - Software,Hardware Failure
INC_1303,Resolved,2026-04-17 14:13:10.058466,Frank,Tier 2 - Software,Hardware Failure
INC_1303,Closed,2026-04-17 15:13:10.058466,Dani,Tier 1,Hardware Failure
INC_1304,Ticket Created,2026-04-03 10:00:00.000000,Dani,Tier 1,Software Bug
INC_1304,Resolved,2026-04-03 10:38:00.000000,Dani,Tier 1,Software Bug
INC_1304,Closed,2026-04-03 10:48:00.000000,Dani,Tier 1,Software Bug
INC_1305,Ticket Created,2026-04-22 11:00:00.000000,Brea,Tier 1,Network Issue
INC_1305,Escalated,2026-04-22 11:50:16.299063,Brea,Tier 1,Network Issue
INC_1305,In Progress,2026-04-22 12:05:16.299063,David,Tier 2 - Network,Network Issue
INC_1305,Resolved,2026-04-22 23:28:35.115083,David,Tier 2 - Network,Network Issue
INC_1305,Closed,2026-04-23 00:28:35.115083,Brea,Tier 1,Network Issue
INC_1306,Ticket Created,2026-04-17 17:00:00.000000,Brea,Tier 1,Software Bug
INC_1306,Escalated,2026-04-17 18:00:00.000000,Brea,Tier 1,Software Bug
INC_1306,Awaiting Info,2026-04-17 20:00:00.000000,Grace,Tier 2 - Software,Software Bug
INC_1306,In Progress,2026-04-18 06:31:23.516195,Brea,Tier 1,Software Bug
INC_1306,Resolved,2026-04-18 10:04:29.669864,Grace,Tier 2 - Software,Software Bug
INC_1306,Closed,2026-04-18 12:04:29.669864,Brea,Tier 1,Software Bug
INC_1307,Ticket Created,2026-04-25 12:00:00.000000,Alex,Tier 1,Password Reset
INC_1307,Resolved,2026-04-25 13:15:00.000000,Alex,Tier 1,Password Reset
INC_1307,Closed,2026-04-25 13:25:00.000000,Alex,Tier 1,Password Reset
INC_1308,Ticket Created,2026-04-22 12:00:00.000000,Brea,Tier 1,Software Bug
INC_1308,Escalated,2026-04-22 13:51:24.993420,Brea,Tier 1,Software Bug
INC_1308,In Progress,2026-04-22 14:06:24.993420,Frank,Tier 2 - Software,Software Bug
INC_1308,Resolved,2026-04-23 01:49:39.642295,Frank,Tier 2 - Software,Software Bug
INC_1308,Closed,2026-04-23 02:49:39.642295,Brea,Tier 1,Software Bug
INC_1309,Ticket Created,2026-04-05 11:00:00.000000,Dani,Tier 1,Software Bug
INC_1309,Escalated,2026-04-05 11:56:16.930000,Dani,Tier 1,Software Bug
INC_1309,In Progress,2026-04-05 12:11:16.930000,Frank,Tier 2 - Software,Software Bug
INC_1309,Resolved,2026-04-05 20:59:14.160066,Frank,Tier 2 - Software,Software Bug
INC_1309,Closed,2026-04-05 21:59:14.160066,Dani,Tier 1,Software Bug
INC_1310,Ticket Created,2026-04-23 09:00:00.000000,Charlie,Tier 1,Password Reset
INC_1310,Escalated,2026-04-23 10:19:49.636144,Charlie,Tier 1,Password Reset
INC_1310,In Progress,2026-04-23 10:34:49.636144,Grace,Tier 2 - Software,Password Reset
INC_1310,Resolved,2026-04-23 14:22:00.327394,Grace,Tier 2 - Software,Password Reset
INC_1310,Closed,2026-04-23 15:22:00.327394,Charlie,Tier 1,Password Reset
INC_1311,Ticket Created,2026-04-07 15:00:00.000000,Alex,Tier 1,Software Bug
INC_1311,Escalated,2026-04-07 16:32:08.834836,Alex,Tier 1,Software Bug
INC_1311,In Progress,2026-04-07 16:47:08.834836,Grace,Tier 2 - Software,Software Bug
INC_1311,Resolved,2026-04-08 03:01:59.810714,Grace,Tier 2 - Software,Software Bug
INC_1311,Closed,2026-04-08 04:01:59.810714,Alex,Tier 1,Software Bug
INC_1312,Ticket Created,2026-04-04 17:00:00.000000,Brea,Tier 1,Network Issue
INC_1312,Escalated,2026-04-04 18:17:34.257857,Brea,Tier 1,Network Issue
INC_1312,In Progress,2026-04-04 18:32:34.257857,David,Tier 2 - Network,Network Issue
INC_1312,Resolved,2026-04-05 12:14:34.167373,David,Tier 2 - Network,Network Issue
INC_1312,Closed,2026-04-05 13:14:34.167373,Brea,Tier 1,Network Issue
INC_1313,Ticket Created,2026-04-14 11:00:00.000000,Brea,Tier 1,Hardware Failure
INC_1313,Resolved,2026-04-14 11:25:00.000000,Brea,Tier 1,Hardware Failure
INC_1313,Closed,2026-04-14 11:35:00.000000,Brea,Tier 1,Hardware Failure
INC_1314,Ticket Created,2026-04-22 09:00:00.000000,Dani,Tier 1,Hardware Failure
INC_1314,Escalated,2026-04-22 10:45:17.616686,Dani,Tier 1,Hardware Failure
INC_1314,In Progress,2026-04-22 11:00:17.616686,Frank,Tier 2 - Software,Hardware Failure
INC_1314,Resolved,2026-04-22 14:07:15.353490,Frank,Tier 2 - Software,Hardware Failure
INC_1314,Closed,2026-04-22 15:07:15.353490,Dani,Tier 1,Hardware Failure
INC_1315,Ticket Created,2026-05-01 10:00:00.000000,Charlie,Tier 1,Software Bug
INC_1315,Escalated,2026-05-01 10:37:27.031712,Charlie,Tier 1,Software Bug
INC_1315,In Progress,2026-05-01 10:52:27.031712,Frank,Tier 2 - Software,Software Bug
INC_1315,Resolved,2026-05-02 04:40:09.319642,Frank,Tier 2 - Software,Software Bug
INC_1315,Closed,2026-05-02 05:40:09.319642,Charlie,Tier 1,Software Bug
INC_1316,Ticket Created,2026-04-01 13:00:00.000000,Brea,Tier 1,Password Reset
INC_1316,Resolved,2026-04-01 13:45:00.000000,Brea,Tier 1,Password Reset
INC_1316,Closed,2026-04-01 13:55:00.000000,Brea,Tier 1,Password Reset
INC_1317,Ticket Created,2026-04-22 13:00:00.000000,Charlie,Tier 1,Software Bug
INC_1317,Escalated,2026-04-22 14:32:37.799514,Charlie,Tier 1,Software Bug
INC_1317,In Progress,2026-04-22 14:47:37.799514,Grace,Tier 2 - Software,Software Bug
INC_1317,Resolved,2026-04-23 05:23:21.824325,Grace,Tier 2 - Software,Software Bug
INC_1317,Closed,2026-04-23 06:23:21.824325,Charlie,Tier 1,Software Bug
INC_1318,Ticket Created,2026-04-04 16:00:00.000000,Brea,Tier 1,Network Issue
INC_1318,Escalated,2026-04-04 16:59:33.175550,Brea,Tier 1,Network Issue
INC_1318,In Progress,2026-04-04 17:14:33.175550,David,Tier 2 - Network,Network Issue
INC_1318,Resolved,2026-04-05 10:36:59.986969,David,Tier 2 - Network,Network Issue
INC_1318,Closed,2026-04-05 11:36:59.986969,Brea,Tier 1,Network Issue
INC_1319,Ticket Created,2026-04-13 17:00:00.000000,Brea,Tier 1,Software Bug
INC_1319,Escalated,2026-04-13 18:00:00.000000,Brea,Tier 1,Software Bug
INC_1319,Awaiting Info,2026-04-13 20:00:00.000000,Frank,Tier 2 - Software,Software Bug
INC_1319,In Progress,2026-04-14 18:57:43.643418,Brea,Tier 1,Software Bug
INC_1319,Resolved,2026-04-14 23:06:43.359617,Frank,Tier 2 - Software,Software Bug
INC_1319,Closed,2026-04-15 01:06:43.359617,Brea,Tier 1,Software Bug
INC_1320,Ticket Created,2026-04-15 16:00:00.000000,Charlie,Tier 1,Password Reset
INC_1320,Resolved,2026-04-15 17:05:00.000000,Charlie,Tier 1,Password Reset
INC_1320,Closed,2026-04-15 17:15:00.000000,Charlie,Tier 1,Password Reset
INC_1321,Ticket Created,2026-04-30 11:00:00.000000,Alex,Tier 1,Password Reset
INC_1321,Resolved,2026-04-30 11:57:00.000000,Alex,Tier 1,Password Reset
INC_1321,Closed,2026-04-30 12:07:00.000000,Alex,Tier 1,Password Reset
INC_1322,Ticket Created,2026-05-01 12:00:00.000000,Charlie,Tier 1,Network Issue
INC_1322,Escalated,2026-05-01 13:36:27.272822,Charlie,Tier 1,Network Issue
INC_1322,In Progress,2026-05-01 13:51:27.272822,David,Tier 2 - Network,Network Issue
INC_1322,Resolved,2026-05-02 02:08:02.863121,David,Tier 2 - Network,Network Issue
INC_1322,Closed,2026-05-02 03:08:02.863121,Charlie,Tier 1,Network Issue
INC_1323,Ticket Created,2026-04-14 16:00:00.000000,Brea,Tier 1,Password Reset
INC_1323,Resolved,2026-04-14 16:43:00.000000,Brea,Tier 1,Password Reset
INC_1323,Closed,2026-04-14 16:53:00.000000,Brea,Tier 1,Password Reset
INC_1324,Ticket Created,2026-04-09 14:00:00.000000,Charlie,Tier 1,Network Issue
INC_1324,Escalated,2026-04-09 15:00:00.000000,Charlie,Tier 1,Network Issue
INC_1324,Awaiting Info,2026-04-09 17:00:00.000000,Elena,Tier 2 - Network,Network Issue
INC_1324,In Progress,2026-04-10 10:33:24.653921,Charlie,Tier 1,Network Issue
INC_1324,In Progress,2026-04-10 14:33:24.653921,Henry,Tier 3 - Management,Network Issue
INC_1324,Resolved,2026-04-10 20:15:09.362187,Elena,Tier 2 - Network,Network Issue
INC_1324,Closed,2026-04-10 22:15:09.362187,Charlie,Tier 1,Network Issue
INC_1325,Ticket Created,2026-04-14 14:00:00.000000,Alex,Tier 1,Network Issue
INC_1325,Escalated,2026-04-14 15:31:55.303986,Alex,Tier 1,Network Issue
INC_1325,In Progress,2026-04-14 15:46:55.303986,Elena,Tier 2 - Network,Network Issue
INC_1325,Resolved,2026-04-15 05:14:26.076317,Elena,Tier 2 - Network,Network Issue
INC_1325,Closed,2026-04-15 06:14:26.076317,Alex,Tier 1,Network Issue
INC_1326,Ticket Created,2026-04-07 11:00:00.000000,Dani,Tier 1,Network Issue
INC_1326,Escalated,2026-04-07 12:00:00.000000,Dani,Tier 1,Network Issue
INC_1326,Awaiting Info,2026-04-07 14:00:00.000000,David,Tier 2 - Network,Network Issue
INC_1326,In Progress,2026-04-08 09:54:45.337646,Dani,Tier 1,Network Issue
INC_1326,In Progress,2026-04-08 13:54:45.337646,Henry,Tier 3 - Management,Network Issue
INC_1326,Resolved,2026-04-08 18:34:05.906188,David,Tier 2 - Network,Network Issue
INC_1326,Closed,2026-04-08 20:34:05.906188,Dani,Tier 1,Network Issue
INC_1327,Ticket Created,2026-04-28 10:00:00.000000,Alex,Tier 1,Hardware Failure
INC_1327,Resolved,2026-04-28 11:18:00.000000,Alex,Tier 1,Hardware Failure
INC_1327,Closed,2026-04-28 11:28:00.000000,Alex,Tier 1,Hardware Failure
INC_1328,Ticket Created,2026-04-17 10:00:00.000000,Dani,Tier 1,Software Bug
INC_1328,Escalated,2026-04-17 11:07:19.004024,Dani,Tier 1,Software Bug
INC_1328,In Progress,2026-04-17 11:22:19.004024,Grace,Tier 2 - Software,Software Bug
INC_1328,Resolved,2026-04-18 01:15:40.133528,Grace,Tier 2 - Software,Software Bug
INC_1328,Closed,2026-04-18 02:15:40.133528,Dani,Tier 1,Software Bug
INC_1329,Ticket Created,2026-05-01 13:00:00.000000,Brea,Tier 1,Password Reset
INC_1329,Escalated,2026-05-01 14:20:06.577749,Brea,Tier 1,Password Reset
INC_1329,In Progress,2026-05-01 14:35:06.577749,Grace,Tier 2 - Software,Password Reset
INC_1329,Resolved,2026-05-01 16:59:40.201023,Grace,Tier 2 - Software,Password Reset
INC_1329,Closed,2026-05-01 17:59:40.201023,Brea,Tier 1,Password Reset
INC_1330,Ticket Created,2026-04-01 12:00:00.000000,Dani,Tier 1,Hardware Failure
INC_1330,Resolved,2026-04-01 12:33:00.000000,Dani,Tier 1,Hardware Failure
INC_1330,Closed,2026-04-01 12:43:00.000000,Dani,Tier 1,Hardware Failure
INC_1331,Ticket Created,2026-04-25 15:00:00.000000,Alex,Tier 1,Hardware Failure
INC_1331,Resolved,2026-04-25 15:46:00.000000,Alex,Tier 1,Hardware Failure
INC_1331,Closed,2026-04-25 15:56:00.000000,Alex,Tier 1,Hardware Failure
INC_1332,Ticket Created,2026-04-22 10:00:00.000000,Alex,Tier 1,Password Reset
INC_1332,Resolved,2026-04-22 10:48:00.000000,Alex,Tier 1,Password Reset
INC_1332,Closed,2026-04-22 10:58:00.000000,Alex,Tier 1,Password Reset
INC_1333,Ticket Created,2026-04-29 15:00:00.000000,Charlie,Tier 1,Hardware Failure
INC_1333,Escalated,2026-04-29 16:00:00.000000,Charlie,Tier 1,Hardware Failure
INC_1333,Awaiting Info,2026-04-29 18:00:00.000000,Grace,Tier 2 - Software,Hardware Failure
INC_1333,In Progress,2026-04-30 07:10:50.112266,Charlie,Tier 1,Hardware Failure
INC_1333,Resolved,2026-04-30 09:53:54.253952,Grace,Tier 2 - Software,Hardware Failure
INC_1333,Closed,2026-04-30 11:53:54.253952,Charlie,Tier 1,Hardware Failure
INC_1334,Ticket Created,2026-04-03 17:00:00.000000,Dani,Tier 1,Network Issue
INC_1334,Escalated,2026-04-03 17:59:58.237415,Dani,Tier 1,Network Issue
INC_1334,In Progress,2026-04-03 18:14:58.237415,David,Tier 2 - Network,Network Issue
INC_1334,Resolved,2026-04-04 09:36:22.135116,David,Tier 2 - Network,Network Issue
INC_1334,Closed,2026-04-04 10:36:22.135116,Dani,Tier 1,Network Issue
INC_1335,Ticket Created,2026-04-27 14:00:00.000000,Alex,Tier 1,Hardware Failure
INC_1335,Escalated,2026-04-27 15:44:57.014105,Alex,Tier 1,Hardware Failure
INC_1335,In Progress,2026-04-27 15:59:57.014105,Grace,Tier 2 - Software,Hardware Failure
INC_1335,Resolved,2026-04-27 18:23:06.756272,Grace,Tier 2 - Software,Hardware Failure
INC_1335,Closed,2026-04-27 19:23:06.756272,Alex,Tier 1,Hardware Failure
INC_1336,Ticket Created,2026-04-22 12:00:00.000000,Alex,Tier 1,Hardware Failure
INC_1336,Resolved,2026-04-22 12:41:00.000000,Alex,Tier 1,Hardware Failure
INC_1336,Closed,2026-04-22 12:51:00.000000,Alex,Tier 1,Hardware Failure
INC_1337,Ticket Created,2026-04-24 17:00:00.000000,Charlie,Tier 1,Password Reset
INC_1337,Resolved,2026-04-24 18:20:00.000000,Charlie,Tier 1,Password Reset
INC_1337,Closed,2026-04-24 18:30:00.000000,Charlie,Tier 1,Password Reset
INC_1338,Ticket Created,2026-04-04 15:00:00.000000,Dani,Tier 1,Hardware Failure
INC_1338,Resolved,2026-04-04 15:56:00.000000,Dani,Tier 1,Hardware Failure
INC_1338,Closed,2026-04-04 16:06:00.000000,Dani,Tier 1,Hardware Failure
INC_1339,Ticket Created,2026-04-25 11:00:00.000000,Dani,Tier 1,Network Issue
INC_1339,Escalated,2026-04-25 12:02:24.865522,Dani,Tier 1,Network Issue
INC_1339,In Progress,2026-04-25 12:17:24.865522,Elena,Tier 2 - Network,Network Issue
INC_1339,Resolved,2026-04-25 19:18:13.473833,Elena,Tier 2 - Network,Network Issue
INC_1339,Closed,2026-04-25 20:18:13.473833,Dani,Tier 1,Network Issue
INC_1340,Ticket Created,2026-04-20 11:00:00.000000,Charlie,Tier 1,Hardware Failure
INC_1340,Resolved,2026-04-20 12:11:00.000000,Charlie,Tier 1,Hardware Failure
INC_1340,Closed,2026-04-20 12:21:00.000000,Charlie,Tier 1,Hardware Failure
INC_1341,Ticket Created,2026-04-08 10:00:00.000000,Dani,Tier 1,Network Issue
INC_1341,Escalated,2026-04-08 11:23:22.964685,Dani,Tier 1,Network Issue
INC_1341,In Progress,2026-04-08 11:38:22.964685,Elena,Tier 2 - Network,Network Issue
INC_1341,Resolved,2026-04-08 19:32:35.855671,Elena,Tier 2 - Network,Network Issue
INC_1341,Closed,2026-04-08 20:32:35.855671,Dani,Tier 1,Network Issue
INC_1342,Ticket Created,2026-04-29 12:00:00.000000,Alex,Tier 1,Password Reset
INC_1342,Resolved,2026-04-29 12:47:00.000000,Alex,Tier 1,Password Reset
INC_1342,Closed,2026-04-29 12:57:00.000000,Alex,Tier 1,Password Reset
INC_1343,Ticket Created,2026-04-29 11:00:00.000000,Charlie,Tier 1,Software Bug
INC_1343,Escalated,2026-04-29 12:00:00.000000,Charlie,Tier 1,Software Bug
INC_1343,Awaiting Info,2026-04-29 14:00:00.000000,Frank,Tier 2 - Software,Software Bug
INC_1343,In Progress,2026-04-30 13:47:30.441868,Charlie,Tier 1,Software Bug
INC_1343,Resolved,2026-04-30 17:15:04.614461,Frank,Tier 2 - Software,Software Bug
INC_1343,Closed,2026-04-30 19:15:04.614461,Charlie,Tier 1,Software Bug
INC_1344,Ticket Created,2026-04-22 14:00:00.000000,Alex,Tier 1,Password Reset
INC_1344,Resolved,2026-04-22 14:26:00.000000,Alex,Tier 1,Password Reset
INC_1344,Closed,2026-04-22 14:36:00.000000,Alex,Tier 1,Password Reset
INC_1345,Ticket Created,2026-04-28 17:00:00.000000,Brea,Tier 1,Network Issue
INC_1345,Escalated,2026-04-28 17:59:54.008920,Brea,Tier 1,Network Issue
INC_1345,In Progress,2026-04-28 18:14:54.008920,David,Tier 2 - Network,Network Issue
INC_1345,Resolved,2026-04-29 11:41:00.344244,David,Tier 2 - Network,Network Issue
INC_1345,Closed,2026-04-29 12:41:00.344244,Brea,Tier 1,Network Issue
INC_1346,Ticket Created,2026-04-08 10:00:00.000000,Dani,Tier 1,Password Reset
INC_1346,Resolved,2026-04-08 10:56:00.000000,Dani,Tier 1,Password Reset
INC_1346,Closed,2026-04-08 11:06:00.000000,Dani,Tier 1,Password Reset
INC_1347,Ticket Created,2026-04-26 10:00:00.000000,Dani,Tier 1,Software Bug
INC_1347,Escalated,2026-04-26 11:00:00.000000,Dani,Tier 1,Software Bug
INC_1347,Awaiting Info,2026-04-26 13:00:00.000000,Grace,Tier 2 - Software,Software Bug
INC_1347,In Progress,2026-04-27 10:17:35.712077,Dani,Tier 1,Software Bug
INC_1347,Resolved,2026-04-27 15:06:21.677684,Grace,Tier 2 - Software,Software Bug
INC_1347,Closed,2026-04-27 17:06:21.677684,Dani,Tier 1,Software Bug
INC_1348,Ticket Created,2026-04-03 11:00:00.000000,Charlie,Tier 1,Password Reset
INC_1348,Resolved,2026-04-03 12:09:00.000000,Charlie,Tier 1,Password Reset
INC_1348,Closed,2026-04-03 12:19:00.000000,Charlie,Tier 1,Password Reset
INC_1349,Ticket Created,2026-04-13 14:00:00.000000,Alex,Tier 1,Hardware Failure
INC_1349,Escalated,2026-04-13 14:36:12.278853,Alex,Tier 1,Hardware Failure
INC_1349,In Progress,2026-04-13 14:51:12.278853,Grace,Tier 2 - Software,Hardware Failure
INC_1349,Resolved,2026-04-13 19:29:24.013129,Grace,Tier 2 - Software,Hardware Failure
INC_1349,Closed,2026-04-13 20:29:24.013129,Alex,Tier 1,Hardware Failure
INC_1350,Ticket Created,2026-04-06 17:00:00.000000,Charlie,Tier 1,Password Reset
INC_1350,Resolved,2026-04-06 18:10:00.000000,Charlie,Tier 1,Password Reset
INC_1350,Closed,2026-04-06 18:20:00.000000,Charlie,Tier 1,Password Reset
INC_1351,Ticket Created,2026-04-15 15:00:00.000000,Brea,Tier 1,Network Issue
INC_1351,Escalated,2026-04-15 16:00:00.000000,Brea,Tier 1,Network Issue
INC_1351,Awaiting Info,2026-04-15 18:00:00.000000,Elena,Tier 2 - Network,Network Issue
INC_1351,In Progress,2026-04-16 14:29:53.504556,Brea,Tier 1,Network Issue
INC_1351,In Progress,2026-04-16 18:29:53.504556,Henry,Tier 3 - Management,Network Issue
INC_1351,Resolved,2026-04-16 22:26:22.509432,Elena,Tier 2 - Network,Network Issue
INC_1351,Closed,2026-04-17 00:26:22.509432,Brea,Tier 1,Network Issue
INC_1352,Ticket Created,2026-04-28 15:00:00.000000,Alex,Tier 1,Password Reset
INC_1352,Resolved,2026-04-28 16:24:00.000000,Alex,Tier 1,Password Reset
INC_1352,Closed,2026-04-28 16:34:00.000000,Alex,Tier 1,Password Reset
INC_1353,Ticket Created,2026-04-02 11:00:00.000000,Charlie,Tier 1,Hardware Failure
INC_1353,Escalated,2026-04-02 12:32:11.397745,Charlie,Tier 1,Hardware Failure
INC_1353,In Progress,2026-04-02 12:47:11.397745,Grace,Tier 2 - Software,Hardware Failure
INC_1353,Resolved,2026-04-02 15:11:22.510004,Grace,Tier 2 - Software,Hardware Failure
INC_1353,Closed,2026-04-02 16:11:22.510004,Charlie,Tier 1,Hardware Failure
INC_1354,Ticket Created,2026-04-27 09:00:00.000000,Charlie,Tier 1,Password Reset
INC_1354,Resolved,2026-04-27 10:22:00.000000,Charlie,Tier 1,Password Reset
INC_1354,Closed,2026-04-27 10:32:00.000000,Charlie,Tier 1,Password Reset
INC_1355,Ticket Created,2026-04-14 11:00:00.000000,Brea,Tier 1,Hardware Failure
INC_1355,Escalated,2026-04-14 12:13:51.884798,Brea,Tier 1,Hardware Failure
INC_1355,In Progress,2026-04-14 12:28:51.884798,Frank,Tier 2 - Software,Hardware Failure
INC_1355,Resolved,2026-04-14 16:49:42.037698,Frank,Tier 2 - Software,Hardware Failure
INC_1355,Closed,2026-04-14 17:49:42.037698,Brea,Tier 1,Hardware Failure
INC_1356,Ticket Created,2026-04-26 12:00:00.000000,Charlie,Tier 1,Network Issue
INC_1356,Escalated,2026-04-26 12:45:38.074606,Charlie,Tier 1,Network Issue
INC_1356,In Progress,2026-04-26 13:00:38.074606,Elena,Tier 2 - Network,Network Issue
INC_1356,Resolved,2026-04-27 04:10:27.669265,Elena,Tier 2 - Network,Network Issue
INC_1356,Closed,2026-04-27 05:10:27.669265,Charlie,Tier 1,Network Issue
INC_1357,Ticket Created,2026-04-27 11:00:00.000000,Brea,Tier 1,Password Reset
INC_1357,Resolved,2026-04-27 11:43:00.000000,Brea,Tier 1,Password Reset
INC_1357,Closed,2026-04-27 11:53:00.000000,Brea,Tier 1,Password Reset
INC_1358,Ticket Created,2026-04-19 13:00:00.000000,Alex,Tier 1,Hardware Failure
INC_1358,Resolved,2026-04-19 13:39:00.000000,Alex,Tier 1,Hardware Failure
INC_1358,Closed,2026-04-19 13:49:00.000000,Alex,Tier 1,Hardware Failure
INC_1359,Ticket Created,2026-04-07 16:00:00.000000,Alex,Tier 1,Software Bug
INC_1359,Resolved,2026-04-07 16:44:00.000000,Alex,Tier 1,Software Bug
INC_1359,Closed,2026-04-07 16:54:00.000000,Alex,Tier 1,Software Bug
INC_1360,Ticket Created,2026-04-26 13:00:00.000000,Alex,Tier 1,Hardware Failure
INC_1360,Resolved,2026-04-26 13:38:00.000000,Alex,Tier 1,Hardware Failure
INC_1360,Closed,2026-04-26 13:48:00.000000,Alex,Tier 1,Hardware Failure
INC_1361,Ticket Created,2026-04-25 10:00:00.000000,Alex,Tier 1,Software Bug
INC_1361,Escalated,2026-04-25 10:42:41.150891,Alex,Tier 1,Software Bug
INC_1361,In Progress,2026-04-25 10:57:41.150891,Grace,Tier 2 - Software,Software Bug
INC_1361,Resolved,2026-04-26 03:59:41.726838,Grace,Tier 2 - Software,Software Bug
INC_1361,Closed,2026-04-26 04:59:41.726838,Alex,Tier 1,Software Bug
INC_1362,Ticket Created,2026-04-06 10:00:00.000000,Brea,Tier 1,Network Issue
INC_1362,Escalated,2026-04-06 11:09:33.584156,Brea,Tier 1,Network Issue
INC_1362,In Progress,2026-04-06 11:24:33.584156,Elena,Tier 2 - Network,Network Issue
INC_1362,Resolved,2026-04-07 01:58:21.787432,Elena,Tier 2 - Network,Network Issue
INC_1362,Closed,2026-04-07 02:58:21.787432,Brea,Tier 1,Network Issue
INC_1363,Ticket Created,2026-04-07 12:00:00.000000,Charlie,Tier 1,Hardware Failure
INC_1363,Escalated,2026-04-07 12:36:12.350842,Charlie,Tier 1,Hardware Failure
INC_1363,In Progress,2026-04-07 12:51:12.350842,Grace,Tier 2 - Software,Hardware Failure
INC_1363,Resolved,2026-04-07 17:23:00.975833,Grace,Tier 2 - Software,Hardware Failure
INC_1363,Closed,2026-04-07 18:23:00.975833,Charlie,Tier 1,Hardware Failure
INC_1364,Ticket Created,2026-04-20 09:00:00.000000,Charlie,Tier 1,Software Bug
INC_1364,Escalated,2026-04-20 10:05:44.262237,Charlie,Tier 1,Software Bug
INC_1364,In Progress,2026-04-20 10:20:44.262237,Grace,Tier 2 - Software,Software Bug
INC_1364,Resolved,2026-04-21 05:09:12.001493,Grace,Tier 2 - Software,Software Bug
INC_1364,Closed,2026-04-21 06:09:12.001493,Charlie,Tier 1,Software Bug
INC_1365,Ticket Created,2026-04-17 10:00:00.000000,Alex,Tier 1,Hardware Failure
INC_1365,Escalated,2026-04-17 11:40:11.733739,Alex,Tier 1,Hardware Failure
INC_1365,In Progress,2026-04-17 11:55:11.733739,Frank,Tier 2 - Software,Hardware Failure
INC_1365,Resolved,2026-04-17 14:31:20.765084,Frank,Tier 2 - Software,Hardware Failure
INC_1365,Closed,2026-04-17 15:31:20.765084,Alex,Tier 1,Hardware Failure
INC_1366,Ticket Created,2026-04-18 17:00:00.000000,Charlie,Tier 1,Hardware Failure
INC_1366,Escalated,2026-04-18 18:16:13.762498,Charlie,Tier 1,Hardware Failure
INC_1366,In Progress,2026-04-18 18:31:13.762498,Grace,Tier 2 - Software,Hardware Failure
INC_1366,Resolved,2026-04-18 21:44:15.659618,Grace,Tier 2 - Software,Hardware Failure
INC_1366,Closed,2026-04-18 22:44:15.659618,Charlie,Tier 1,Hardware Failure
INC_1367,Ticket Created,2026-04-01 12:00:00.000000,Alex,Tier 1,Hardware Failure
INC_1367,Escalated,2026-04-01 13:28:26.547086,Alex,Tier 1,Hardware Failure
INC_1367,In Progress,2026-04-01 13:43:26.547086,Frank,Tier 2 - Software,Hardware Failure
INC_1367,Resolved,2026-04-01 16:23:15.454017,Frank,Tier 2 - Software,Hardware Failure
INC_1367,Closed,2026-04-01 17:23:15.454017,Alex,Tier 1,Hardware Failure
INC_1368,Ticket Created,2026-04-02 15:00:00.000000,Charlie,Tier 1,Hardware Failure
INC_1368,Resolved,2026-04-02 15:36:00.000000,Charlie,Tier 1,Hardware Failure
INC_1368,Closed,2026-04-02 15:46:00.000000,Charlie,Tier 1,Hardware Failure
INC_1369,Ticket Created,2026-04-16 12:00:00.000000,Brea,Tier 1,Network Issue
INC_1369,Escalated,2026-04-16 13:00:00.000000,Brea,Tier 1,Network Issue
INC_1369,Awaiting Info,2026-04-16 15:00:00.000000,David,Tier 2 - Network,Network Issue
INC_1369,In Progress,2026-04-17 05:11:18.927133,Brea,Tier 1,Network Issue
INC_1369,In Progress,2026-04-17 09:11:18.927133,Henry,Tier 3 - Management,Network Issue
INC_1369,Resolved,2026-04-17 13:09:25.727158,David,Tier 2 - Network,Network Issue
INC_1369,Closed,2026-04-17 15:09:25.727158,Brea,Tier 1,Network Issue
INC_1370,Ticket Created,2026-04-03 12:00:00.000000,Dani,Tier 1,Network Issue
INC_1370,Resolved,2026-04-03 13:27:00.000000,Dani,Tier 1,Network Issue
INC_1370,Closed,2026-04-03 13:37:00.000000,Dani,Tier 1,Network Issue
INC_1371,Ticket Created,2026-04-10 13:00:00.000000,Brea,Tier 1,Software Bug
INC_1371,Escalated,2026-04-10 14:00:00.000000,Brea,Tier 1,Software Bug
INC_1371,Awaiting Info,2026-04-10 16:00:00.000000,Frank,Tier 2 - Software,Software Bug
INC_1371,In Progress,2026-04-11 08:35:07.218154,Brea,Tier 1,Software Bug
INC_1371,Resolved,2026-04-11 11:32:49.185860,Frank,Tier 2 - Software,Software Bug
INC_1371,Closed,2026-04-11 13:32:49.185860,Brea,Tier 1,Software Bug
INC_1372,Ticket Created,2026-04-22 09:00:00.000000,Charlie,Tier 1,Hardware Failure
INC_1372,Escalated,2026-04-22 10:48:29.159632,Charlie,Tier 1,Hardware Failure
INC_1372,In Progress,2026-04-22 11:03:29.159632,Grace,Tier 2 - Software,Hardware Failure
INC_1372,Resolved,2026-04-22 14:42:51.503337,Grace,Tier 2 - Software,Hardware Failure
INC_1372,Closed,2026-04-22 15:42:51.503337,Charlie,Tier 1,Hardware Failure
INC_1373,Ticket Created,2026-04-23 13:00:00.000000,Charlie,Tier 1,Hardware Failure
INC_1373,Escalated,2026-04-23 14:41:40.377040,Charlie,Tier 1,Hardware Failure
INC_1373,In Progress,2026-04-23 14:56:40.377040,Frank,Tier 2 - Software,Hardware Failure
INC_1373,Resolved,2026-04-23 18:35:51.913430,Frank,Tier 2 - Software,Hardware Failure
INC_1373,Closed,2026-04-23 19:35:51.913430,Charlie,Tier 1,Hardware Failure
INC_1374,Ticket Created,2026-04-28 16:00:00.000000,Charlie,Tier 1,Password Reset
INC_1374,Resolved,2026-04-28 16:34:00.000000,Charlie,Tier 1,Password Reset
INC_1374,Closed,2026-04-28 16:44:00.000000,Charlie,Tier 1,Password Reset
INC_1375,Ticket Created,2026-04-21 09:00:00.000000,Brea,Tier 1,Network Issue
INC_1375,Escalated,2026-04-21 10:03:37.415003,Brea,Tier 1,Network Issue
INC_1375,In Progress,2026-04-21 10:18:37.415003,David,Tier 2 - Network,Network Issue
INC_1375,Resolved,2026-04-22 01:12:10.133506,David,Tier 2 - Network,Network Issue
INC_1375,Closed,2026-04-22 02:12:10.133506,Brea,Tier 1,Network Issue
INC_1376,Ticket Created,2026-04-11 11:00:00.000000,Brea,Tier 1,Hardware Failure
INC_1376,Escalated,2026-04-11 12:38:54.290427,Brea,Tier 1,Hardware Failure
INC_1376,In Progress,2026-04-11 12:53:54.290427,Grace,Tier 2 - Software,Hardware Failure
INC_1376,Resolved,2026-04-11 14:48:55.416980,Grace,Tier 2 - Software,Hardware Failure
INC_1376,Closed,2026-04-11 15:48:55.416980,Brea,Tier 1,Hardware Failure
INC_1377,Ticket Created,2026-05-01 14:00:00.000000,Alex,Tier 1,Software Bug
INC_1377,Escalated,2026-05-01 15:23:14.996947,Alex,Tier 1,Software Bug
INC_1377,In Progress,2026-05-01 15:38:14.996947,Frank,Tier 2 - Software,Software Bug
INC_1377,Resolved,2026-05-02 03:47:41.797747,Frank,Tier 2 - Software,Software Bug
INC_1377,Closed,2026-05-02 04:47:41.797747,Alex,Tier 1,Software Bug
INC_1378,Ticket Created,2026-04-16 14:00:00.000000,Brea,Tier 1,Network Issue
INC_1378,Escalated,2026-04-16 15:56:03.662370,Brea,Tier 1,Network Issue
INC_1378,In Progress,2026-04-16 16:11:03.662370,Elena,Tier 2 - Network,Network Issue
INC_1378,Resolved,2026-04-17 04:25:38.376972,Elena,Tier 2 - Network,Network Issue
INC_1378,Closed,2026-04-17 05:25:38.376972,Brea,Tier 1,Network Issue
INC_1379,Ticket Created,2026-04-02 12:00:00.000000,Dani,Tier 1,Network Issue
INC_1379,Escalated,2026-04-02 12:54:52.203044,Dani,Tier 1,Network Issue
INC_1379,In Progress,2026-04-02 13:09:52.203044,Elena,Tier 2 - Network,Network Issue
INC_1379,Resolved,2026-04-03 06:09:01.670255,Elena,Tier 2 - Network,Network Issue
INC_1379,Closed,2026-04-03 07:09:01.670255,Dani,Tier 1,Network Issue
INC_1380,Ticket Created,2026-04-28 17:00:00.000000,Alex,Tier 1,Password Reset
INC_1380,Resolved,2026-04-28 17:21:00.000000,Alex,Tier 1,Password Reset
INC_1380,Closed,2026-04-28 17:31:00.000000,Alex,Tier 1,Password Reset
INC_1381,Ticket Created,2026-04-25 13:00:00.000000,Dani,Tier 1,Software Bug
INC_1381,Resolved,2026-04-25 13:25:00.000000,Dani,Tier 1,Software Bug
INC_1381,Closed,2026-04-25 13:35:00.000000,Dani,Tier 1,Software Bug
INC_1382,Ticket Created,2026-04-22 11:00:00.000000,Alex,Tier 1,Software Bug
INC_1382,Escalated,2026-04-22 11:33:13.831911,Alex,Tier 1,Software Bug
INC_1382,In Progress,2026-04-22 11:48:13.831911,Grace,Tier 2 - Software,Software Bug
INC_1382,Resolved,2026-04-23 03:03:07.471648,Grace,Tier 2 - Software,Software Bug
INC_1382,Closed,2026-04-23 04:03:07.471648,Alex,Tier 1,Software Bug
INC_1383,Ticket Created,2026-04-20 17:00:00.000000,Brea,Tier 1,Network Issue
INC_1383,Escalated,2026-04-20 18:00:00.000000,Brea,Tier 1,Network Issue
INC_1383,Awaiting Info,2026-04-20 20:00:00.000000,Elena,Tier 2 - Network,Network Issue
INC_1383,In Progress,2026-04-21 08:56:51.534499,Brea,Tier 1,Network Issue
INC_1383,In Progress,2026-04-21 12:56:51.534499,Henry,Tier 3 - Management,Network Issue
INC_1383,Resolved,2026-04-21 16:41:41.098895,Elena,Tier 2 - Network,Network Issue
INC_1383,Closed,2026-04-21 18:41:41.098895,Brea,Tier 1,Network Issue
INC_1384,Ticket Created,2026-04-25 11:00:00.000000,Brea,Tier 1,Network Issue
INC_1384,Escalated,2026-04-25 12:00:00.000000,Brea,Tier 1,Network Issue
INC_1384,Awaiting Info,2026-04-25 14:00:00.000000,Elena,Tier 2 - Network,Network Issue
INC_1384,In Progress,2026-04-26 11:43:46.709613,Brea,Tier 1,Network Issue
INC_1384,In Progress,2026-04-26 15:43:46.709613,Henry,Tier 3 - Management,Network Issue
INC_1384,Resolved,2026-04-26 20:58:25.267098,Elena,Tier 2 - Network,Network Issue
INC_1384,Closed,2026-04-26 22:58:25.267098,Brea,Tier 1,Network Issue
INC_1385,Ticket Created,2026-04-26 14:00:00.000000,Alex,Tier 1,Password Reset
INC_1385,Resolved,2026-04-26 15:15:00.000000,Alex,Tier 1,Password Reset
INC_1385,Closed,2026-04-26 15:25:00.000000,Alex,Tier 1,Password Reset
INC_1386,Ticket Created,2026-04-04 09:00:00.000000,Brea,Tier 1,Software Bug
INC_1386,Escalated,2026-04-04 10:39:50.749229,Brea,Tier 1,Software Bug
INC_1386,In Progress,2026-04-04 10:54:50.749229,Grace,Tier 2 - Software,Software Bug
INC_1386,Resolved,2026-04-05 06:26:59.484412,Grace,Tier 2 - Software,Software Bug
INC_1386,Closed,2026-04-05 07:26:59.484412,Brea,Tier 1,Software Bug
INC_1387,Ticket Created,2026-04-21 16:00:00.000000,Dani,Tier 1,Software Bug
INC_1387,Escalated,2026-04-21 17:00:00.000000,Dani,Tier 1,Software Bug
INC_1387,Awaiting Info,2026-04-21 19:00:00.000000,Frank,Tier 2 - Software,Software Bug
INC_1387,In Progress,2026-04-22 12:53:25.903451,Dani,Tier 1,Software Bug
INC_1387,Resolved,2026-04-22 15:49:57.883451,Frank,Tier 2 - Software,Software Bug
INC_1387,Closed,2026-04-22 17:49:57.883451,Dani,Tier 1,Software Bug
INC_1388,Ticket Created,2026-04-06 10:00:00.000000,Dani,Tier 1,Network Issue
INC_1388,Escalated,2026-04-06 11:00:00.000000,Dani,Tier 1,Network Issue
INC_1388,Awaiting Info,2026-04-06 13:00:00.000000,Elena,Tier 2 - Network,Network Issue
INC_1388,In Progress,2026-04-07 08:33:56.586326,Dani,Tier 1,Network Issue
INC_1388,In Progress,2026-04-07 12:33:56.586326,Henry,Tier 3 - Management,Network Issue
INC_1388,Resolved,2026-04-07 17:29:13.377530,Elena,Tier 2 - Network,Network Issue
INC_1388,Closed,2026-04-07 19:29:13.377530,Dani,Tier 1,Network Issue
INC_1389,Ticket Created,2026-04-28 17:00:00.000000,Dani,Tier 1,Software Bug
INC_1389,Escalated,2026-04-28 18:38:07.847448,Dani,Tier 1,Software Bug
INC_1389,In Progress,2026-04-28 18:53:07.847448,Frank,Tier 2 - Software,Software Bug
INC_1389,Resolved,2026-04-29 06:20:49.905935,Frank,Tier 2 - Software,Software Bug
INC_1389,Closed,2026-04-29 07:20:49.905935,Dani,Tier 1,Software Bug
INC_1390,Ticket Created,2026-04-16 14:00:00.000000,Charlie,Tier 1,Password Reset
INC_1390,Resolved,2026-04-16 15:23:00.000000,Charlie,Tier 1,Password Reset
INC_1390,Closed,2026-04-16 15:33:00.000000,Charlie,Tier 1,Password Reset
INC_1391,Ticket Created,2026-04-05 10:00:00.000000,Dani,Tier 1,Password Reset
INC_1391,Resolved,2026-04-05 10:54:00.000000,Dani,Tier 1,Password Reset
INC_1391,Closed,2026-04-05 11:04:00.000000,Dani,Tier 1,Password Reset
INC_1392,Ticket Created,2026-04-15 13:00:00.000000,Charlie,Tier 1,Password Reset
INC_1392,Resolved,2026-04-15 14:09:00.000000,Charlie,Tier 1,Password Reset
INC_1392,Closed,2026-04-15 14:19:00.000000,Charlie,Tier 1,Password Reset
INC_1393,Ticket Created,2026-04-28 16:00:00.000000,Brea,Tier 1,Software Bug
INC_1393,Escalated,2026-04-28 17:03:39.481540,Brea,Tier 1,Software Bug
INC_1393,In Progress,2026-04-28 17:18:39.481540,Grace,Tier 2 - Software,Software Bug
INC_1393,Resolved,2026-04-29 06:28:10.899013,Grace,Tier 2 - Software,Software Bug
INC_1393,Closed,2026-04-29 07:28:10.899013,Brea,Tier 1,Software Bug
INC_1394,Ticket Created,2026-04-12 17:00:00.000000,Brea,Tier 1,Hardware Failure
INC_1394,Resolved,2026-04-12 18:30:00.000000,Brea,Tier 1,Hardware Failure
INC_1394,Closed,2026-04-12 18:40:00.000000,Brea,Tier 1,Hardware Failure
INC_1395,Ticket Created,2026-04-14 10:00:00.000000,Alex,Tier 1,Hardware Failure
INC_1395,Resolved,2026-04-14 10:41:00.000000,Alex,Tier 1,Hardware Failure
INC_1395,Closed,2026-04-14 10:51:00.000000,Alex,Tier 1,Hardware Failure
INC_1396,Ticket Created,2026-04-10 11:00:00.000000,Dani,Tier 1,Hardware Failure
INC_1396,Resolved,2026-04-10 12:09:00.000000,Dani,Tier 1,Hardware Failure
INC_1396,Closed,2026-04-10 12:19:00.000000,Dani,Tier 1,Hardware Failure
INC_1397,Ticket Created,2026-04-01 13:00:00.000000,Dani,Tier 1,Password Reset
INC_1397,Resolved,2026-04-01 13:40:00.000000,Dani,Tier 1,Password Reset
INC_1397,Closed,2026-04-01 13:50:00.000000,Dani,Tier 1,Password Reset
INC_1398,Ticket Created,2026-04-19 15:00:00.000000,Brea,Tier 1,Software Bug
INC_1398,Escalated,2026-04-19 16:09:17.197374,Brea,Tier 1,Software Bug
INC_1398,In Progress,2026-04-19 16:24:17.197374,Grace,Tier 2 - Software,Software Bug
INC_1398,Resolved,2026-04-20 09:03:46.658570,Grace,Tier 2 - Software,Software Bug
INC_1398,Closed,2026-04-20 10:03:46.658570,Brea,Tier 1,Software Bug
INC_1399,Ticket Created,2026-04-26 11:00:00.000000,Charlie,Tier 1,Software Bug
INC_1399,Resolved,2026-04-26 11:58:00.000000,Charlie,Tier 1,Software Bug
INC_1399,Closed,2026-04-26 12:08:00.000000,Charlie,Tier 1,Software Bug
INC_1400,Ticket Created,2026-05-01 12:00:00.000000,Alex,Tier 1,Network Issue
INC_1400,Escalated,2026-05-01 13:07:50.092885,Alex,Tier 1,Network Issue
INC_1400,In Progress,2026-05-01 13:22:50.092885,David,Tier 2 - Network,Network Issue
INC_1400,Resolved,2026-05-02 07:07:37.258500,David,Tier 2 - Network,Network Issue
INC_1400,Closed,2026-05-02 08:07:37.258500,Alex,Tier 1,Network Issue
INC_1401,Ticket Created,2026-04-14 17:00:00.000000,Dani,Tier 1,Network Issue
INC_1401,Escalated,2026-04-14 18:00:00.000000,Dani,Tier 1,Network Issue
INC_1401,Awaiting Info,2026-04-14 20:00:00.000000,David,Tier 2 - Network,Network Issue
INC_1401,In Progress,2026-04-15 16:37:49.586638,Dani,Tier 1,Network Issue
INC_1401,In Progress,2026-04-15 20:37:49.586638,Henry,Tier 3 - Management,Network Issue
INC_1401,Resolved,2026-04-16 00:45:29.404819,David,Tier 2 - Network,Network Issue
INC_1401,Closed,2026-04-16 02:45:29.404819,Dani,Tier 1,Network Issue
INC_1402,Ticket Created,2026-04-04 15:00:00.000000,Dani,Tier 1,Hardware Failure
INC_1402,Resolved,2026-04-04 15:57:00.000000,Dani,Tier 1,Hardware Failure
INC_1402,Closed,2026-04-04 16:07:00.000000,Dani,Tier 1,Hardware Failure
INC_1403,Ticket Created,2026-04-05 09:00:00.000000,Alex,Tier 1,Hardware Failure
INC_1403,Resolved,2026-04-05 10:14:00.000000,Alex,Tier 1,Hardware Failure
INC_1403,Closed,2026-04-05 10:24:00.000000,Alex,Tier 1,Hardware Failure
INC_1404,Ticket Created,2026-04-25 10:00:00.000000,Brea,Tier 1,Software Bug
INC_1404,Escalated,2026-04-25 11:11:05.225853,Brea,Tier 1,Software Bug
INC_1404,In Progress,2026-04-25 11:26:05.225853,Frank,Tier 2 - Software,Software Bug
INC_1404,Resolved,2026-04-26 06:52:19.591406,Frank,Tier 2 - Software,Software Bug
INC_1404,Closed,2026-04-26 07:52:19.591406,Brea,Tier 1,Software Bug
INC_1405,Ticket Created,2026-04-02 10:00:00.000000,Dani,Tier 1,Hardware Failure
INC_1405,Escalated,2026-04-02 11:07:21.631204,Dani,Tier 1,Hardware Failure
INC_1405,In Progress,2026-04-02 11:22:21.631204,Frank,Tier 2 - Software,Hardware Failure
INC_1405,Resolved,2026-04-02 15:42:27.081419,Frank,Tier 2 - Software,Hardware Failure
INC_1405,Closed,2026-04-02 16:42:27.081419,Dani,Tier 1,Hardware Failure
INC_1406,Ticket Created,2026-04-28 16:00:00.000000,Charlie,Tier 1,Password Reset
INC_1406,Resolved,2026-04-28 16:45:00.000000,Charlie,Tier 1,Password Reset
INC_1406,Closed,2026-04-28 16:55:00.000000,Charlie,Tier 1,Password Reset
INC_1407,Ticket Created,2026-04-15 16:00:00.000000,Brea,Tier 1,Software Bug
INC_1407,Escalated,2026-04-15 17:33:13.470741,Brea,Tier 1,Software Bug
INC_1407,In Progress,2026-04-15 17:48:13.470741,Frank,Tier 2 - Software,Software Bug
INC_1407,Resolved,2026-04-16 01:02:22.064488,Frank,Tier 2 - Software,Software Bug
INC_1407,Closed,2026-04-16 02:02:22.064488,Brea,Tier 1,Software Bug
INC_1408,Ticket Created,2026-04-21 16:00:00.000000,Dani,Tier 1,Network Issue
INC_1408,Escalated,2026-04-21 16:45:30.387025,Dani,Tier 1,Network Issue
INC_1408,In Progress,2026-04-21 17:00:30.387025,David,Tier 2 - Network,Network Issue
INC_1408,Resolved,2026-04-22 02:48:10.075752,David,Tier 2 - Network,Network Issue
INC_1408,Closed,2026-04-22 03:48:10.075752,Dani,Tier 1,Network Issue
INC_1409,Ticket Created,2026-04-19 12:00:00.000000,Charlie,Tier 1,Hardware Failure
INC_1409,Escalated,2026-04-19 13:37:13.500762,Charlie,Tier 1,Hardware Failure
INC_1409,In Progress,2026-04-19 13:52:13.500762,Grace,Tier 2 - Software,Hardware Failure
INC_1409,Resolved,2026-04-19 15:07:23.973965,Grace,Tier 2 - Software,Hardware Failure
INC_1409,Closed,2026-04-19 16:07:23.973965,Charlie,Tier 1,Hardware Failure
INC_1410,Ticket Created,2026-04-01 09:00:00.000000,Dani,Tier 1,Software Bug
INC_1410,Escalated,2026-04-01 10:00:00.000000,Dani,Tier 1,Software Bug
INC_1410,Awaiting Info,2026-04-01 12:00:00.000000,Frank,Tier 2 - Software,Software Bug
INC_1410,In Progress,2026-04-02 11:49:49.999541,Dani,Tier 1,Software Bug
INC_1410,Resolved,2026-04-02 16:18:08.522998,Frank,Tier 2 - Software,Software Bug
INC_1410,Closed,2026-04-02 18:18:08.522998,Dani,Tier 1,Software Bug
INC_1411,Ticket Created,2026-04-01 10:00:00.000000,Charlie,Tier 1,Hardware Failure
INC_1411,Escalated,2026-04-01 11:35:01.964948,Charlie,Tier 1,Hardware Failure
INC_1411,In Progress,2026-04-01 11:50:01.964948,Frank,Tier 2 - Software,Hardware Failure
INC_1411,Resolved,2026-04-01 14:03:34.290376,Frank,Tier 2 - Software,Hardware Failure
INC_1411,Closed,2026-04-01 15:03:34.290376,Charlie,Tier 1,Hardware Failure
INC_1412,Ticket Created,2026-04-18 09:00:00.000000,Charlie,Tier 1,Password Reset
INC_1412,Resolved,2026-04-18 09:46:00.000000,Charlie,Tier 1,Password Reset
INC_1412,Closed,2026-04-18 09:56:00.000000,Charlie,Tier 1,Password Reset
INC_1413,Ticket Created,2026-04-02 12:00:00.000000,Dani,Tier 1,Password Reset
INC_1413,Resolved,2026-04-02 13:24:00.000000,Dani,Tier 1,Password Reset
INC_1413,Closed,2026-04-02 13:34:00.000000,Dani,Tier 1,Password Reset
INC_1414,Ticket Created,2026-04-08 13:00:00.000000,Brea,Tier 1,Password Reset
INC_1414,Resolved,2026-04-08 14:15:00.000000,Brea,Tier 1,Password Reset
INC_1414,Closed,2026-04-08 14:25:00.000000,Brea,Tier 1,Password Reset
INC_1415,Ticket Created,2026-04-29 10:00:00.000000,Alex,Tier 1,Hardware Failure
INC_1415,Resolved,2026-04-29 10:50:00.000000,Alex,Tier 1,Hardware Failure
INC_1415,Closed,2026-04-29 11:00:00.000000,Alex,Tier 1,Hardware Failure
INC_1416,Ticket Created,2026-04-10 12:00:00.000000,Brea,Tier 1,Network Issue
INC_1416,Escalated,2026-04-10 13:00:00.000000,Brea,Tier 1,Network Issue
INC_1416,Awaiting Info,2026-04-10 15:00:00.000000,David,Tier 2 - Network,Network Issue
INC_1416,In Progress,2026-04-11 11:09:49.253097,Brea,Tier 1,Network Issue
INC_1416,In Progress,2026-04-11 15:09:49.253097,Henry,Tier 3 - Management,Network Issue
INC_1416,Resolved,2026-04-11 20:55:51.786195,David,Tier 2 - Network,Network Issue
INC_1416,Closed,2026-04-11 22:55:51.786195,Brea,Tier 1,Network Issue
INC_1417,Ticket Created,2026-04-20 16:00:00.000000,Brea,Tier 1,Hardware Failure
INC_1417,Resolved,2026-04-20 17:01:00.000000,Brea,Tier 1,Hardware Failure
INC_1417,Closed,2026-04-20 17:11:00.000000,Brea,Tier 1,Hardware Failure
INC_1418,Ticket Created,2026-04-03 13:00:00.000000,Alex,Tier 1,Network Issue
INC_1418,Escalated,2026-04-03 14:48:06.564694,Alex,Tier 1,Network Issue
INC_1418,In Progress,2026-04-03 15:03:06.564694,David,Tier 2 - Network,Network Issue
INC_1418,Resolved,2026-04-04 07:16:20.616495,David,Tier 2 - Network,Network Issue
INC_1418,Closed,2026-04-04 08:16:20.616495,Alex,Tier 1,Network Issue
INC_1419,Ticket Created,2026-04-05 16:00:00.000000,Alex,Tier 1,Network Issue
INC_1419,Resolved,2026-04-05 17:03:00.000000,Alex,Tier 1,Network Issue
INC_1419,Closed,2026-04-05 17:13:00.000000,Alex,Tier 1,Network Issue
INC_1420,Ticket Created,2026-04-18 13:00:00.000000,Alex,Tier 1,Software Bug
INC_1420,Escalated,2026-04-18 14:06:03.021629,Alex,Tier 1,Software Bug
INC_1420,In Progress,2026-04-18 14:21:03.021629,Frank,Tier 2 - Software,Software Bug
INC_1420,Resolved,2026-04-19 04:07:49.231505,Frank,Tier 2 - Software,Software Bug
INC_1420,Closed,2026-04-19 05:07:49.231505,Alex,Tier 1,Software Bug
INC_1421,Ticket Created,2026-04-04 09:00:00.000000,Brea,Tier 1,Password Reset
INC_1421,Resolved,2026-04-04 09:28:00.000000,Brea,Tier 1,Password Reset
INC_1421,Closed,2026-04-04 09:38:00.000000,Brea,Tier 1,Password Reset
INC_1422,Ticket Created,2026-05-01 12:00:00.000000,Alex,Tier 1,Network Issue
INC_1422,Escalated,2026-05-01 13:25:00.738546,Alex,Tier 1,Network Issue
INC_1422,In Progress,2026-05-01 13:40:00.738546,David,Tier 2 - Network,Network Issue
INC_1422,Resolved,2026-05-01 23:56:37.403724,David,Tier 2 - Network,Network Issue
INC_1422,Closed,2026-05-02 00:56:37.403724,Alex,Tier 1,Network Issue
INC_1423,Ticket Created,2026-04-20 13:00:00.000000,Brea,Tier 1,Password Reset
INC_1423,Resolved,2026-04-20 13:27:00.000000,Brea,Tier 1,Password Reset
INC_1423,Closed,2026-04-20 13:37:00.000000,Brea,Tier 1,Password Reset
INC_1424,Ticket Created,2026-04-18 16:00:00.000000,Alex,Tier 1,Hardware Failure
INC_1424,Resolved,2026-04-18 16:58:00.000000,Alex,Tier 1,Hardware Failure
INC_1424,Closed,2026-04-18 17:08:00.000000,Alex,Tier 1,Hardware Failure
INC_1425,Ticket Created,2026-04-26 09:00:00.000000,Brea,Tier 1,Hardware Failure
INC_1425,Resolved,2026-04-26 09:22:00.000000,Brea,Tier 1,Hardware Failure
INC_1425,Closed,2026-04-26 09:32:00.000000,Brea,Tier 1,Hardware Failure
INC_1426,Ticket Created,2026-04-09 16:00:00.000000,Alex,Tier 1,Software Bug
INC_1426,Escalated,2026-04-09 17:12:06.655684,Alex,Tier 1,Software Bug
INC_1426,In Progress,2026-04-09 17:27:06.655684,Frank,Tier 2 - Software,Software Bug
INC_1426,Resolved,2026-04-09 23:49:02.435214,Frank,Tier 2 - Software,Software Bug
INC_1426,Closed,2026-04-10 00:49:02.435214,Alex,Tier 1,Software Bug
INC_1427,Ticket Created,2026-04-08 13:00:00.000000,Alex,Tier 1,Network Issue
INC_1427,Escalated,2026-04-08 13:52:07.648810,Alex,Tier 1,Network Issue
INC_1427,In Progress,2026-04-08 14:07:07.648810,David,Tier 2 - Network,Network Issue
INC_1427,Resolved,2026-04-09 03:49:37.902300,David,Tier 2 - Network,Network Issue
INC_1427,Closed,2026-04-09 04:49:37.902300,Alex,Tier 1,Network Issue
INC_1428,Ticket Created,2026-04-11 09:00:00.000000,Brea,Tier 1,Hardware Failure
INC_1428,Escalated,2026-04-11 10:31:08.217633,Brea,Tier 1,Hardware Failure
INC_1428,In Progress,2026-04-11 10:46:08.217633,Frank,Tier 2 - Software,Hardware Failure
INC_1428,Resolved,2026-04-11 15:00:54.562070,Frank,Tier 2 - Software,Hardware Failure
INC_1428,Closed,2026-04-11 16:00:54.562070,Brea,Tier 1,Hardware Failure
INC_1429,Ticket Created,2026-04-02 12:00:00.000000,Dani,Tier 1,Hardware Failure
INC_1429,Escalated,2026-04-02 13:00:00.000000,Dani,Tier 1,Hardware Failure
INC_1429,Awaiting Info,2026-04-02 15:00:00.000000,Frank,Tier 2 - Software,Hardware Failure
INC_1429,In Progress,2026-04-03 03:25:22.624145,Dani,Tier 1,Hardware Failure
INC_1429,Resolved,2026-04-03 08:50:46.383012,Frank,Tier 2 - Software,Hardware Failure
INC_1429,Closed,2026-04-03 10:50:46.383012,Dani,Tier 1,Hardware Failure
INC_1430,Ticket Created,2026-04-22 09:00:00.000000,Dani,Tier 1,Hardware Failure
INC_1430,Escalated,2026-04-22 09:32:12.709049,Dani,Tier 1,Hardware Failure
INC_1430,In Progress,2026-04-22 09:47:12.709049,Frank,Tier 2 - Software,Hardware Failure
INC_1430,Resolved,2026-04-22 14:20:15.266402,Frank,Tier 2 - Software,Hardware Failure
INC_1430,Closed,2026-04-22 15:20:15.266402,Dani,Tier 1,Hardware Failure
INC_1431,Ticket Created,2026-04-21 15:00:00.000000,Charlie,Tier 1,Software Bug
INC_1431,Escalated,2026-04-21 16:21:37.077547,Charlie,Tier 1,Software Bug
INC_1431,In Progress,2026-04-21 16:36:37.077547,Grace,Tier 2 - Software,Software Bug
INC_1431,Resolved,2026-04-22 09:24:01.965494,Grace,Tier 2 - Software,Software Bug
INC_1431,Closed,2026-04-22 10:24:01.965494,Charlie,Tier 1,Software Bug
INC_1432,Ticket Created,2026-04-04 09:00:00.000000,Charlie,Tier 1,Software Bug
INC_1432,Escalated,2026-04-04 10:00:00.000000,Charlie,Tier 1,Software Bug
INC_1432,Awaiting Info,2026-04-04 12:00:00.000000,Grace,Tier 2 - Software,Software Bug
INC_1432,In Progress,2026-04-05 09:13:16.317316,Charlie,Tier 1,Software Bug
INC_1432,Resolved,2026-04-05 12:28:11.370924,Grace,Tier 2 - Software,Software Bug
INC_1432,Closed,2026-04-05 14:28:11.370924,Charlie,Tier 1,Software Bug
INC_1433,Ticket Created,2026-04-24 11:00:00.000000,Alex,Tier 1,Password Reset
INC_1433,Resolved,2026-04-24 11:54:00.000000,Alex,Tier 1,Password Reset
INC_1433,Closed,2026-04-24 12:04:00.000000,Alex,Tier 1,Password Reset
INC_1434,Ticket Created,2026-04-25 17:00:00.000000,Dani,Tier 1,Hardware Failure
INC_1434,Escalated,2026-04-25 17:32:07.975268,Dani,Tier 1,Hardware Failure
INC_1434,In Progress,2026-04-25 17:47:07.975268,Frank,Tier 2 - Software,Hardware Failure
INC_1434,Resolved,2026-04-25 22:37:45.686479,Frank,Tier 2 - Software,Hardware Failure
INC_1434,Closed,2026-04-25 23:37:45.686479,Dani,Tier 1,Hardware Failure
INC_1435,Ticket Created,2026-04-20 17:00:00.000000,Alex,Tier 1,Network Issue
INC_1435,Resolved,2026-04-20 18:28:00.000000,Alex,Tier 1,Network Issue
INC_1435,Closed,2026-04-20 18:38:00.000000,Alex,Tier 1,Network Issue
INC_1436,Ticket Created,2026-04-10 17:00:00.000000,Alex,Tier 1,Hardware Failure
INC_1436,Resolved,2026-04-10 17:27:00.000000,Alex,Tier 1,Hardware Failure
INC_1436,Closed,2026-04-10 17:37:00.000000,Alex,Tier 1,Hardware Failure
INC_1437,Ticket Created,2026-04-07 14:00:00.000000,Alex,Tier 1,Network Issue
INC_1437,Escalated,2026-04-07 15:47:42.991865,Alex,Tier 1,Network Issue
INC_1437,In Progress,2026-04-07 16:02:42.991865,Elena,Tier 2 - Network,Network Issue
INC_1437,Resolved,2026-04-08 10:58:39.210896,Elena,Tier 2 - Network,Network Issue
INC_1437,Closed,2026-04-08 11:58:39.210896,Alex,Tier 1,Network Issue
INC_1438,Ticket Created,2026-04-28 15:00:00.000000,Dani,Tier 1,Network Issue
INC_1438,Resolved,2026-04-28 16:27:00.000000,Dani,Tier 1,Network Issue
INC_1438,Closed,2026-04-28 16:37:00.000000,Dani,Tier 1,Network Issue
INC_1439,Ticket Created,2026-04-09 13:00:00.000000,Charlie,Tier 1,Software Bug
INC_1439,Escalated,2026-04-09 14:00:00.000000,Charlie,Tier 1,Software Bug
INC_1439,Awaiting Info,2026-04-09 16:00:00.000000,Grace,Tier 2 - Software,Software Bug
INC_1439,In Progress,2026-04-10 11:25:49.890797,Charlie,Tier 1,Software Bug
INC_1439,Resolved,2026-04-10 15:57:46.257503,Grace,Tier 2 - Software,Software Bug
INC_1439,Closed,2026-04-10 17:57:46.257503,Charlie,Tier 1,Software Bug
INC_1440,Ticket Created,2026-04-28 12:00:00.000000,Charlie,Tier 1,Hardware Failure
INC_1440,Resolved,2026-04-28 13:30:00.000000,Charlie,Tier 1,Hardware Failure
INC_1440,Closed,2026-04-28 13:40:00.000000,Charlie,Tier 1,Hardware Failure
INC_1441,Ticket Created,2026-04-11 16:00:00.000000,Brea,Tier 1,Password Reset
INC_1441,Resolved,2026-04-11 16:40:00.000000,Brea,Tier 1,Password Reset
INC_1441,Closed,2026-04-11 16:50:00.000000,Brea,Tier 1,Password Reset
INC_1442,Ticket Created,2026-04-07 13:00:00.000000,Charlie,Tier 1,Hardware Failure
INC_1442,Escalated,2026-04-07 14:57:05.747434,Charlie,Tier 1,Hardware Failure
INC_1442,In Progress,2026-04-07 15:12:05.747434,Grace,Tier 2 - Software,Hardware Failure
INC_1442,Resolved,2026-04-07 18:14:17.086123,Grace,Tier 2 - Software,Hardware Failure
INC_1442,Closed,2026-04-07 19:14:17.086123,Charlie,Tier 1,Hardware Failure
INC_1443,Ticket Created,2026-04-29 15:00:00.000000,Charlie,Tier 1,Network Issue
INC_1443,Escalated,2026-04-29 16:18:07.680697,Charlie,Tier 1,Network Issue
INC_1443,In Progress,2026-04-29 16:33:07.680697,David,Tier 2 - Network,Network Issue
INC_1443,Resolved,2026-04-30 10:07:10.712525,David,Tier 2 - Network,Network Issue
INC_1443,Closed,2026-04-30 11:07:10.712525,Charlie,Tier 1,Network Issue
INC_1444,Ticket Created,2026-04-02 09:00:00.000000,Charlie,Tier 1,Hardware Failure
INC_1444,Escalated,2026-04-02 10:17:17.785344,Charlie,Tier 1,Hardware Failure
INC_1444,In Progress,2026-04-02 10:32:17.785344,Grace,Tier 2 - Software,Hardware Failure
INC_1444,Resolved,2026-04-02 12:10:48.669176,Grace,Tier 2 - Software,Hardware Failure
INC_1444,Closed,2026-04-02 13:10:48.669176,Charlie,Tier 1,Hardware Failure
INC_1445,Ticket Created,2026-04-01 16:00:00.000000,Brea,Tier 1,Password Reset
INC_1445,Resolved,2026-04-01 17:15:00.000000,Brea,Tier 1,Password Reset
INC_1445,Closed,2026-04-01 17:25:00.000000,Brea,Tier 1,Password Reset
INC_1446,Ticket Created,2026-04-02 10:00:00.000000,Charlie,Tier 1,Software Bug
INC_1446,Escalated,2026-04-02 10:39:44.318958,Charlie,Tier 1,Software Bug
INC_1446,In Progress,2026-04-02 10:54:44.318958,Grace,Tier 2 - Software,Software Bug
INC_1446,Resolved,2026-04-02 21:45:06.754443,Grace,Tier 2 - Software,Software Bug
INC_1446,Closed,2026-04-02 22:45:06.754443,Charlie,Tier 1,Software Bug
INC_1447,Ticket Created,2026-05-01 16:00:00.000000,Dani,Tier 1,Network Issue
INC_1447,Escalated,2026-05-01 17:00:00.000000,Dani,Tier 1,Network Issue
INC_1447,Awaiting Info,2026-05-01 19:00:00.000000,David,Tier 2 - Network,Network Issue
INC_1447,In Progress,2026-05-02 17:14:06.268381,Dani,Tier 1,Network Issue
INC_1447,In Progress,2026-05-02 21:14:06.268381,Henry,Tier 3 - Management,Network Issue
INC_1447,Resolved,2026-05-03 00:04:14.319894,David,Tier 2 - Network,Network Issue
INC_1447,Closed,2026-05-03 02:04:14.319894,Dani,Tier 1,Network Issue
INC_1448,Ticket Created,2026-04-09 10:00:00.000000,Charlie,Tier 1,Network Issue
INC_1448,Escalated,2026-04-09 11:00:00.000000,Charlie,Tier 1,Network Issue
INC_1448,Awaiting Info,2026-04-09 13:00:00.000000,David,Tier 2 - Network,Network Issue
INC_1448,In Progress,2026-04-10 12:54:07.281164,Charlie,Tier 1,Network Issue
INC_1448,In Progress,2026-04-10 16:54:07.281164,Henry,Tier 3 - Management,Network Issue
INC_1448,Resolved,2026-04-10 21:13:33.811360,David,Tier 2 - Network,Network Issue
INC_1448,Closed,2026-04-10 23:13:33.811360,Charlie,Tier 1,Network Issue
INC_1449,Ticket Created,2026-05-01 15:00:00.000000,Brea,Tier 1,Password Reset
INC_1449,Resolved,2026-05-01 16:12:00.000000,Brea,Tier 1,Password Reset
INC_1449,Closed,2026-05-01 16:22:00.000000,Brea,Tier 1,Password Reset
INC_1450,Ticket Created,2026-04-16 10:00:00.000000,Dani,Tier 1,Software Bug
INC_1450,Escalated,2026-04-16 11:28:47.083909,Dani,Tier 1,Software Bug
INC_1450,In Progress,2026-04-16 11:43:47.083909,Grace,Tier 2 - Software,Software Bug
INC_1450,Resolved,2026-04-17 04:04:18.244920,Grace,Tier 2 - Software,Software Bug
INC_1450,Closed,2026-04-17 05:04:18.244920,Dani,Tier 1,Software Bug
INC_1451,Ticket Created,2026-04-30 13:00:00.000000,Dani,Tier 1,Hardware Failure
INC_1451,Resolved,2026-04-30 14:15:00.000000,Dani,Tier 1,Hardware Failure
INC_1451,Closed,2026-04-30 14:25:00.000000,Dani,Tier 1,Hardware Failure
INC_1452,Ticket Created,2026-04-06 15:00:00.000000,Brea,Tier 1,Password Reset
INC_1452,Resolved,2026-04-06 15:47:00.000000,Brea,Tier 1,Password Reset
INC_1452,Closed,2026-04-06 15:57:00.000000,Brea,Tier 1,Password Reset
INC_1453,Ticket Created,2026-04-13 11:00:00.000000,Alex,Tier 1,Software Bug
INC_1453,Escalated,2026-04-13 12:00:00.000000,Alex,Tier 1,Software Bug
INC_1453,Awaiting Info,2026-04-13 14:00:00.000000,Frank,Tier 2 - Software,Software Bug
INC_1453,In Progress,2026-04-14 05:18:38.065697,Alex,Tier 1,Software Bug
INC_1453,Resolved,2026-04-14 07:29:48.396720,Frank,Tier 2 - Software,Software Bug
INC_1453,Closed,2026-04-14 09:29:48.396720,Alex,Tier 1,Software Bug
INC_1454,Ticket Created,2026-04-18 17:00:00.000000,Brea,Tier 1,Network Issue
INC_1454,Escalated,2026-04-18 18:00:00.000000,Brea,Tier 1,Network Issue
INC_1454,Awaiting Info,2026-04-18 20:00:00.000000,David,Tier 2 - Network,Network Issue
INC_1454,In Progress,2026-04-19 16:32:13.620790,Brea,Tier 1,Network Issue
INC_1454,In Progress,2026-04-19 20:32:13.620790,Henry,Tier 3 - Management,Network Issue
INC_1454,Resolved,2026-04-20 00:41:39.910823,David,Tier 2 - Network,Network Issue
INC_1454,Closed,2026-04-20 02:41:39.910823,Brea,Tier 1,Network Issue
INC_1455,Ticket Created,2026-04-28 10:00:00.000000,Alex,Tier 1,Network Issue
INC_1455,Escalated,2026-04-28 11:38:03.060873,Alex,Tier 1,Network Issue
INC_1455,In Progress,2026-04-28 11:53:03.060873,Elena,Tier 2 - Network,Network Issue
INC_1455,Resolved,2026-04-29 04:21:28.932993,Elena,Tier 2 - Network,Network Issue
INC_1455,Closed,2026-04-29 05:21:28.932993,Alex,Tier 1,Network Issue
INC_1456,Ticket Created,2026-04-09 11:00:00.000000,Charlie,Tier 1,Software Bug
INC_1456,Resolved,2026-04-09 11:54:00.000000,Charlie,Tier 1,Software Bug
INC_1456,Closed,2026-04-09 12:04:00.000000,Charlie,Tier 1,Software Bug
INC_1457,Ticket Created,2026-04-14 12:00:00.000000,Dani,Tier 1,Network Issue
INC_1457,Escalated,2026-04-14 13:41:01.002222,Dani,Tier 1,Network Issue
INC_1457,In Progress,2026-04-14 13:56:01.002222,Elena,Tier 2 - Network,Network Issue
INC_1457,Resolved,2026-04-14 22:43:25.189381,Elena,Tier 2 - Network,Network Issue
INC_1457,Closed,2026-04-14 23:43:25.189381,Dani,Tier 1,Network Issue
INC_1458,Ticket Created,2026-05-01 13:00:00.000000,Charlie,Tier 1,Hardware Failure
INC_1458,Resolved,2026-05-01 13:59:00.000000,Charlie,Tier 1,Hardware Failure
INC_1458,Closed,2026-05-01 14:09:00.000000,Charlie,Tier 1,Hardware Failure
INC_1459,Ticket Created,2026-04-29 17:00:00.000000,Dani,Tier 1,Software Bug
INC_1459,Escalated,2026-04-29 18:55:07.191971,Dani,Tier 1,Software Bug
INC_1459,In Progress,2026-04-29 19:10:07.191971,Frank,Tier 2 - Software,Software Bug
INC_1459,Resolved,2026-04-30 09:32:13.544359,Frank,Tier 2 - Software,Software Bug
INC_1459,Closed,2026-04-30 10:32:13.544359,Dani,Tier 1,Software Bug
INC_1460,Ticket Created,2026-04-25 13:00:00.000000,Charlie,Tier 1,Hardware Failure
INC_1460,Resolved,2026-04-25 14:05:00.000000,Charlie,Tier 1,Hardware Failure
INC_1460,Closed,2026-04-25 14:15:00.000000,Charlie,Tier 1,Hardware Failure
INC_1461,Ticket Created,2026-04-05 09:00:00.000000,Brea,Tier 1,Software Bug
INC_1461,Resolved,2026-04-05 10:30:00.000000,Brea,Tier 1,Software Bug
INC_1461,Closed,2026-04-05 10:40:00.000000,Brea,Tier 1,Software Bug
INC_1462,Ticket Created,2026-04-18 17:00:00.000000,Alex,Tier 1,Network Issue
INC_1462,Escalated,2026-04-18 18:42:03.581132,Alex,Tier 1,Network Issue
INC_1462,In Progress,2026-04-18 18:57:03.581132,Elena,Tier 2 - Network,Network Issue
INC_1462,Resolved,2026-04-19 07:47:58.599822,Elena,Tier 2 - Network,Network Issue
INC_1462,Closed,2026-04-19 08:47:58.599822,Alex,Tier 1,Network Issue
INC_1463,Ticket Created,2026-04-04 14:00:00.000000,Charlie,Tier 1,Software Bug
INC_1463,Escalated,2026-04-04 15:00:00.000000,Charlie,Tier 1,Software Bug
INC_1463,Awaiting Info,2026-04-04 17:00:00.000000,Frank,Tier 2 - Software,Software Bug
INC_1463,In Progress,2026-04-05 14:50:17.515442,Charlie,Tier 1,Software Bug
INC_1463,Resolved,2026-04-05 18:23:56.264352,Frank,Tier 2 - Software,Software Bug
INC_1463,Closed,2026-04-05 20:23:56.264352,Charlie,Tier 1,Software Bug
INC_1464,Ticket Created,2026-04-23 12:00:00.000000,Dani,Tier 1,Software Bug
INC_1464,Escalated,2026-04-23 13:00:00.000000,Dani,Tier 1,Software Bug
INC_1464,Awaiting Info,2026-04-23 15:00:00.000000,Frank,Tier 2 - Software,Software Bug
INC_1464,In Progress,2026-04-24 03:02:40.606596,Dani,Tier 1,Software Bug
INC_1464,Resolved,2026-04-24 05:48:59.126210,Frank,Tier 2 - Software,Software Bug
INC_1464,Closed,2026-04-24 07:48:59.126210,Dani,Tier 1,Software Bug
INC_1465,Ticket Created,2026-04-28 14:00:00.000000,Charlie,Tier 1,Software Bug
INC_1465,Escalated,2026-04-28 15:45:21.084009,Charlie,Tier 1,Software Bug
INC_1465,In Progress,2026-04-28 16:00:21.084009,Grace,Tier 2 - Software,Software Bug
INC_1465,Resolved,2026-04-29 08:54:50.301067,Grace,Tier 2 - Software,Software Bug
INC_1465,Closed,2026-04-29 09:54:50.301067,Charlie,Tier 1,Software Bug
INC_1466,Ticket Created,2026-04-21 16:00:00.000000,Charlie,Tier 1,Password Reset
INC_1466,Escalated,2026-04-21 17:43:34.696892,Charlie,Tier 1,Password Reset
INC_1466,In Progress,2026-04-21 17:58:34.696892,Grace,Tier 2 - Software,Password Reset
INC_1466,Resolved,2026-04-21 20:12:43.900916,Grace,Tier 2 - Software,Password Reset
INC_1466,Closed,2026-04-21 21:12:43.900916,Charlie,Tier 1,Password Reset
INC_1467,Ticket Created,2026-04-05 16:00:00.000000,Dani,Tier 1,Network Issue
INC_1467,Escalated,2026-04-05 17:58:15.182353,Dani,Tier 1,Network Issue
INC_1467,In Progress,2026-04-05 18:13:15.182353,David,Tier 2 - Network,Network Issue
INC_1467,Resolved,2026-04-06 11:29:20.917101,David,Tier 2 - Network,Network Issue
INC_1467,Closed,2026-04-06 12:29:20.917101,Dani,Tier 1,Network Issue
INC_1468,Ticket Created,2026-05-01 17:00:00.000000,Dani,Tier 1,Software Bug
INC_1468,Resolved,2026-05-01 18:04:00.000000,Dani,Tier 1,Software Bug
INC_1468,Closed,2026-05-01 18:14:00.000000,Dani,Tier 1,Software Bug
INC_1469,Ticket Created,2026-04-15 09:00:00.000000,Alex,Tier 1,Software Bug
INC_1469,Resolved,2026-04-15 10:21:00.000000,Alex,Tier 1,Software Bug
INC_1469,Closed,2026-04-15 10:31:00.000000,Alex,Tier 1,Software Bug
INC_1470,Ticket Created,2026-04-14 12:00:00.000000,Alex,Tier 1,Network Issue
INC_1470,Escalated,2026-04-14 13:06:27.752667,Alex,Tier 1,Network Issue
INC_1470,In Progress,2026-04-14 13:21:27.752667,Elena,Tier 2 - Network,Network Issue
INC_1470,Resolved,2026-04-15 09:08:39.524196,Elena,Tier 2 - Network,Network Issue
INC_1470,Closed,2026-04-15 10:08:39.524196,Alex,Tier 1,Network Issue
INC_1471,Ticket Created,2026-04-06 16:00:00.000000,Alex,Tier 1,Network Issue
INC_1471,Escalated,2026-04-06 17:00:00.000000,Alex,Tier 1,Network Issue
INC_1471,Awaiting Info,2026-04-06 19:00:00.000000,David,Tier 2 - Network,Network Issue
INC_1471,In Progress,2026-04-07 17:13:24.339647,Alex,Tier 1,Network Issue
INC_1471,In Progress,2026-04-07 21:13:24.339647,Henry,Tier 3 - Management,Network Issue
INC_1471,Resolved,2026-04-07 23:23:21.916260,David,Tier 2 - Network,Network Issue
INC_1471,Closed,2026-04-08 01:23:21.916260,Alex,Tier 1,Network Issue
INC_1472,Ticket Created,2026-04-30 14:00:00.000000,Charlie,Tier 1,Hardware Failure
INC_1472,Escalated,2026-04-30 15:42:25.538349,Charlie,Tier 1,Hardware Failure
INC_1472,In Progress,2026-04-30 15:57:25.538349,Grace,Tier 2 - Software,Hardware Failure
INC_1472,Resolved,2026-04-30 18:17:04.414909,Grace,Tier 2 - Software,Hardware Failure
INC_1472,Closed,2026-04-30 19:17:04.414909,Charlie,Tier 1,Hardware Failure
INC_1473,Ticket Created,2026-04-05 16:00:00.000000,Dani,Tier 1,Network Issue
INC_1473,Escalated,2026-04-05 17:00:43.128525,Dani,Tier 1,Network Issue
INC_1473,In Progress,2026-04-05 17:15:43.128525,Elena,Tier 2 - Network,Network Issue
INC_1473,Resolved,2026-04-06 10:15:21.355102,Elena,Tier 2 - Network,Network Issue
INC_1473,Closed,2026-04-06 11:15:21.355102,Dani,Tier 1,Network Issue
INC_1474,Ticket Created,2026-04-17 11:00:00.000000,Charlie,Tier 1,Hardware Failure
INC_1474,Resolved,2026-04-17 12:27:00.000000,Charlie,Tier 1,Hardware Failure
INC_1474,Closed,2026-04-17 12:37:00.000000,Charlie,Tier 1,Hardware Failure
INC_1475,Ticket Created,2026-04-13 15:00:00.000000,Alex,Tier 1,Hardware Failure
INC_1475,Resolved,2026-04-13 15:58:00.000000,Alex,Tier 1,Hardware Failure
INC_1475,Closed,2026-04-13 16:08:00.000000,Alex,Tier 1,Hardware Failure
INC_1476,Ticket Created,2026-04-23 11:00:00.000000,Brea,Tier 1,Password Reset
INC_1476,Resolved,2026-04-23 12:23:00.000000,Brea,Tier 1,Password Reset
INC_1476,Closed,2026-04-23 12:33:00.000000,Brea,Tier 1,Password Reset
INC_1477,Ticket Created,2026-04-05 11:00:00.000000,Brea,Tier 1,Hardware Failure
INC_1477,Resolved,2026-04-05 11:39:00.000000,Brea,Tier 1,Hardware Failure
INC_1477,Closed,2026-04-05 11:49:00.000000,Brea,Tier 1,Hardware Failure
INC_1478,Ticket Created,2026-04-09 14:00:00.000000,Dani,Tier 1,Network Issue
INC_1478,Escalated,2026-04-09 15:39:00.422550,Dani,Tier 1,Network Issue
INC_1478,In Progress,2026-04-09 15:54:00.422550,Elena,Tier 2 - Network,Network Issue
INC_1478,Resolved,2026-04-10 05:08:25.504904,Elena,Tier 2 - Network,Network Issue
INC_1478,Closed,2026-04-10 06:08:25.504904,Dani,Tier 1,Network Issue
INC_1479,Ticket Created,2026-04-23 11:00:00.000000,Alex,Tier 1,Password Reset
INC_1479,Escalated,2026-04-23 12:12:41.097711,Alex,Tier 1,Password Reset
INC_1479,In Progress,2026-04-23 12:27:41.097711,Frank,Tier 2 - Software,Password Reset
INC_1479,Resolved,2026-04-23 15:19:32.512556,Frank,Tier 2 - Software,Password Reset
INC_1479,Closed,2026-04-23 16:19:32.512556,Alex,Tier 1,Password Reset
INC_1480,Ticket Created,2026-04-06 13:00:00.000000,Charlie,Tier 1,Software Bug
INC_1480,Escalated,2026-04-06 14:51:37.919997,Charlie,Tier 1,Software Bug
INC_1480,In Progress,2026-04-06 15:06:37.919997,Grace,Tier 2 - Software,Software Bug
INC_1480,Resolved,2026-04-07 10:29:31.246798,Grace,Tier 2 - Software,Software Bug
INC_1480,Closed,2026-04-07 11:29:31.246798,Charlie,Tier 1,Software Bug
INC_1481,Ticket Created,2026-04-24 09:00:00.000000,Dani,Tier 1,Password Reset
INC_1481,Resolved,2026-04-24 10:17:00.000000,Dani,Tier 1,Password Reset
INC_1481,Closed,2026-04-24 10:27:00.000000,Dani,Tier 1,Password Reset
INC_1482,Ticket Created,2026-04-03 15:00:00.000000,Alex,Tier 1,Hardware Failure
INC_1482,Escalated,2026-04-03 16:06:47.886871,Alex,Tier 1,Hardware Failure
INC_1482,In Progress,2026-04-03 16:21:47.886871,Frank,Tier 2 - Software,Hardware Failure
INC_1482,Resolved,2026-04-03 19:04:40.446635,Frank,Tier 2 - Software,Hardware Failure
INC_1482,Closed,2026-04-03 20:04:40.446635,Alex,Tier 1,Hardware Failure
INC_1483,Ticket Created,2026-05-01 11:00:00.000000,Brea,Tier 1,Hardware Failure
INC_1483,Resolved,2026-05-01 12:07:00.000000,Brea,Tier 1,Hardware Failure
INC_1483,Closed,2026-05-01 12:17:00.000000,Brea,Tier 1,Hardware Failure
INC_1484,Ticket Created,2026-05-01 14:00:00.000000,Charlie,Tier 1,Network Issue
INC_1484,Escalated,2026-05-01 15:07:02.344012,Charlie,Tier 1,Network Issue
INC_1484,In Progress,2026-05-01 15:22:02.344012,Elena,Tier 2 - Network,Network Issue
INC_1484,Resolved,2026-05-01 23:18:07.730041,Elena,Tier 2 - Network,Network Issue
INC_1484,Closed,2026-05-02 00:18:07.730041,Charlie,Tier 1,Network Issue
INC_1485,Ticket Created,2026-04-15 12:00:00.000000,Dani,Tier 1,Password Reset
INC_1485,Resolved,2026-04-15 12:21:00.000000,Dani,Tier 1,Password Reset
INC_1485,Closed,2026-04-15 12:31:00.000000,Dani,Tier 1,Password Reset
INC_1486,Ticket Created,2026-04-30 15:00:00.000000,Brea,Tier 1,Password Reset
INC_1486,Resolved,2026-04-30 16:24:00.000000,Brea,Tier 1,Password Reset
INC_1486,Closed,2026-04-30 16:34:00.000000,Brea,Tier 1,Password Reset
INC_1487,Ticket Created,2026-04-17 10:00:00.000000,Charlie,Tier 1,Network Issue
INC_1487,Escalated,2026-04-17 11:34:08.251769,Charlie,Tier 1,Network Issue
INC_1487,In Progress,2026-04-17 11:49:08.251769,David,Tier 2 - Network,Network Issue
INC_1487,Resolved,2026-04-18 00:11:42.959807,David,Tier 2 - Network,Network Issue
INC_1487,Closed,2026-04-18 01:11:42.959807,Charlie,Tier 1,Network Issue
INC_1488,Ticket Created,2026-04-24 10:00:00.000000,Brea,Tier 1,Hardware Failure
INC_1488,Escalated,2026-04-24 11:38:45.775106,Brea,Tier 1,Hardware Failure
INC_1488,In Progress,2026-04-24 11:53:45.775106,Frank,Tier 2 - Software,Hardware Failure
INC_1488,Resolved,2026-04-24 13:45:04.007512,Frank,Tier 2 - Software,Hardware Failure
INC_1488,Closed,2026-04-24 14:45:04.007512,Brea,Tier 1,Hardware Failure
INC_1489,Ticket Created,2026-04-21 15:00:00.000000,Alex,Tier 1,Hardware Failure
INC_1489,Resolved,2026-04-21 16:10:00.000000,Alex,Tier 1,Hardware Failure
INC_1489,Closed,2026-04-21 16:20:00.000000,Alex,Tier 1,Hardware Failure
INC_1490,Ticket Created,2026-04-23 14:00:00.000000,Alex,Tier 1,Password Reset
INC_1490,Resolved,2026-04-23 15:07:00.000000,Alex,Tier 1,Password Reset
INC_1490,Closed,2026-04-23 15:17:00.000000,Alex,Tier 1,Password Reset
INC_1491,Ticket Created,2026-04-06 09:00:00.000000,Brea,Tier 1,Password Reset
INC_1491,Escalated,2026-04-06 10:03:17.524387,Brea,Tier 1,Password Reset
INC_1491,In Progress,2026-04-06 10:18:17.524387,Frank,Tier 2 - Software,Password Reset
INC_1491,Resolved,2026-04-06 13:32:23.363958,Frank,Tier 2 - Software,Password Reset
INC_1491,Closed,2026-04-06 14:32:23.363958,Brea,Tier 1,Password Reset
INC_1492,Ticket Created,2026-04-22 10:00:00.000000,Alex,Tier 1,Hardware Failure
INC_1492,Resolved,2026-04-22 10:32:00.000000,Alex,Tier 1,Hardware Failure
INC_1492,Closed,2026-04-22 10:42:00.000000,Alex,Tier 1,Hardware Failure
INC_1493,Ticket Created,2026-04-18 10:00:00.000000,Charlie,Tier 1,Software Bug
INC_1493,Resolved,2026-04-18 10:53:00.000000,Charlie,Tier 1,Software Bug
INC_1493,Closed,2026-04-18 11:03:00.000000,Charlie,Tier 1,Software Bug
INC_1494,Ticket Created,2026-04-07 13:00:00.000000,Alex,Tier 1,Hardware Failure
INC_1494,Resolved,2026-04-07 13:22:00.000000,Alex,Tier 1,Hardware Failure
INC_1494,Closed,2026-04-07 13:32:00.000000,Alex,Tier 1,Hardware Failure
INC_1495,Ticket Created,2026-04-02 12:00:00.000000,Alex,Tier 1,Password Reset
INC_1495,Resolved,2026-04-02 13:11:00.000000,Alex,Tier 1,Password Reset
INC_1495,Closed,2026-04-02 13:21:00.000000,Alex,Tier 1,Password Reset
INC_1496,Ticket Created,2026-04-15 16:00:00.000000,Alex,Tier 1,Software Bug
INC_1496,Escalated,2026-04-15 17:32:44.628721,Alex,Tier 1,Software Bug
INC_1496,In Progress,2026-04-15 17:47:44.628721,Frank,Tier 2 - Software,Software Bug
INC_1496,Resolved,2026-04-15 23:13:26.044589,Frank,Tier 2 - Software,Software Bug
INC_1496,Closed,2026-04-16 00:13:26.044589,Alex,Tier 1,Software Bug
INC_1497,Ticket Created,2026-04-12 14:00:00.000000,Charlie,Tier 1,Network Issue
INC_1497,Escalated,2026-04-12 14:54:27.238261,Charlie,Tier 1,Network Issue
INC_1497,In Progress,2026-04-12 15:09:27.238261,David,Tier 2 - Network,Network Issue
INC_1497,Resolved,2026-04-13 03:17:45.893348,David,Tier 2 - Network,Network Issue
INC_1497,Closed,2026-04-13 04:17:45.893348,Charlie,Tier 1,Network Issue
INC_1498,Ticket Created,2026-04-04 14:00:00.000000,Dani,Tier 1,Hardware Failure
INC_1498,Escalated,2026-04-04 14:44:17.316684,Dani,Tier 1,Hardware Failure
INC_1498,In Progress,2026-04-04 14:59:17.316684,Grace,Tier 2 - Software,Hardware Failure
INC_1498,Resolved,2026-04-04 18:30:03.416153,Grace,Tier 2 - Software,Hardware Failure
INC_1498,Closed,2026-04-04 19:30:03.416153,Dani,Tier 1,Hardware Failure
INC_1499,Ticket Created,2026-04-30 12:00:00.000000,Dani,Tier 1,Password Reset
INC_1499,Resolved,2026-04-30 12:59:00.000000,Dani,Tier 1,Password Reset
INC_1499,Closed,2026-04-30 13:09:00.000000,Dani,Tier 1,Password Reset
INC_1500,Ticket Created,2026-04-07 11:00:00.000000,Alex,Tier 1,Software Bug
INC_1500,Escalated,2026-04-07 11:54:13.052261,Alex,Tier 1,Software Bug
INC_1500,In Progress,2026-04-07 12:09:13.052261,Frank,Tier 2 - Software,Software Bug
INC_1500,Resolved,2026-04-08 07:27:45.877939,Frank,Tier 2 - Software,Software Bug
INC_1500,Closed,2026-04-08 08:27:45.877939,Alex,Tier 1,Software Bug
INC_1501,Ticket Created,2026-04-30 10:00:00.000000,Brea,Tier 1,Password Reset
INC_1501,Resolved,2026-04-30 11:28:00.000000,Brea,Tier 1,Password Reset
INC_1501,Closed,2026-04-30 11:38:00.000000,Brea,Tier 1,Password Reset
INC_1502,Ticket Created,2026-04-30 14:00:00.000000,Alex,Tier 1,Software Bug
INC_1502,Escalated,2026-04-30 14:49:55.731831,Alex,Tier 1,Software Bug
INC_1502,In Progress,2026-04-30 15:04:55.731831,Frank,Tier 2 - Software,Software Bug
INC_1502,Resolved,2026-05-01 00:24:48.880985,Frank,Tier 2 - Software,Software Bug
INC_1502,Closed,2026-05-01 01:24:48.880985,Alex,Tier 1,Software Bug
INC_1503,Ticket Created,2026-04-16 14:00:00.000000,Brea,Tier 1,Password Reset
INC_1503,Resolved,2026-04-16 15:26:00.000000,Brea,Tier 1,Password Reset
INC_1503,Closed,2026-04-16 15:36:00.000000,Brea,Tier 1,Password Reset
INC_1504,Ticket Created,2026-04-24 11:00:00.000000,Brea,Tier 1,Network Issue
INC_1504,Escalated,2026-04-24 12:39:31.361966,Brea,Tier 1,Network Issue
INC_1504,In Progress,2026-04-24 12:54:31.361966,Elena,Tier 2 - Network,Network Issue
INC_1504,Resolved,2026-04-25 00:19:31.595383,Elena,Tier 2 - Network,Network Issue
INC_1504,Closed,2026-04-25 01:19:31.595383,Brea,Tier 1,Network Issue
INC_1505,Ticket Created,2026-04-07 15:00:00.000000,Dani,Tier 1,Network Issue
INC_1505,Escalated,2026-04-07 16:50:43.114189,Dani,Tier 1,Network Issue
INC_1505,In Progress,2026-04-07 17:05:43.114189,David,Tier 2 - Network,Network Issue
INC_1505,Resolved,2026-04-08 12:13:07.954450,David,Tier 2 - Network,Network Issue
INC_1505,Closed,2026-04-08 13:13:07.954450,Dani,Tier 1,Network Issue
INC_1506,Ticket Created,2026-04-14 16:00:00.000000,Alex,Tier 1,Hardware Failure
INC_1506,Escalated,2026-04-14 16:57:52.967250,Alex,Tier 1,Hardware Failure
INC_1506,In Progress,2026-04-14 17:12:52.967250,Frank,Tier 2 - Software,Hardware Failure
INC_1506,Resolved,2026-04-14 20:29:18.830591,Frank,Tier 2 - Software,Hardware Failure
INC_1506,Closed,2026-04-14 21:29:18.830591,Alex,Tier 1,Hardware Failure
INC_1507,Ticket Created,2026-04-24 15:00:00.000000,Brea,Tier 1,Password Reset
INC_1507,Resolved,2026-04-24 15:20:00.000000,Brea,Tier 1,Password Reset
INC_1507,Closed,2026-04-24 15:30:00.000000,Brea,Tier 1,Password Reset
INC_1508,Ticket Created,2026-04-12 10:00:00.000000,Charlie,Tier 1,Password Reset
INC_1508,Resolved,2026-04-12 11:25:00.000000,Charlie,Tier 1,Password Reset
INC_1508,Closed,2026-04-12 11:35:00.000000,Charlie,Tier 1,Password Reset
INC_1509,Ticket Created,2026-04-18 15:00:00.000000,Dani,Tier 1,Password Reset
INC_1509,Resolved,2026-04-18 15:28:00.000000,Dani,Tier 1,Password Reset
INC_1509,Closed,2026-04-18 15:38:00.000000,Dani,Tier 1,Password Reset
INC_1510,Ticket Created,2026-04-26 11:00:00.000000,Charlie,Tier 1,Network Issue
INC_1510,Escalated,2026-04-26 12:00:00.000000,Charlie,Tier 1,Network Issue
INC_1510,Awaiting Info,2026-04-26 14:00:00.000000,Elena,Tier 2 - Network,Network Issue
INC_1510,In Progress,2026-04-27 04:01:18.949505,Charlie,Tier 1,Network Issue
INC_1510,In Progress,2026-04-27 08:01:18.949505,Henry,Tier 3 - Management,Network Issue
INC_1510,Resolved,2026-04-27 13:14:38.897543,Elena,Tier 2 - Network,Network Issue
INC_1510,Closed,2026-04-27 15:14:38.897543,Charlie,Tier 1,Network Issue
INC_1511,Ticket Created,2026-04-29 10:00:00.000000,Charlie,Tier 1,Network Issue
INC_1511,Escalated,2026-04-29 10:35:01.570861,Charlie,Tier 1,Network Issue
INC_1511,In Progress,2026-04-29 10:50:01.570861,David,Tier 2 - Network,Network Issue
INC_1511,Resolved,2026-04-30 03:27:34.512736,David,Tier 2 - Network,Network Issue
INC_1511,Closed,2026-04-30 04:27:34.512736,Charlie,Tier 1,Network Issue
INC_1512,Ticket Created,2026-04-17 09:00:00.000000,Alex,Tier 1,Hardware Failure
INC_1512,Escalated,2026-04-17 10:08:57.160205,Alex,Tier 1,Hardware Failure
INC_1512,In Progress,2026-04-17 10:23:57.160205,Grace,Tier 2 - Software,Hardware Failure
INC_1512,Resolved,2026-04-17 11:27:57.322801,Grace,Tier 2 - Software,Hardware Failure
INC_1512,Closed,2026-04-17 12:27:57.322801,Alex,Tier 1,Hardware Failure
INC_1513,Ticket Created,2026-04-29 17:00:00.000000,Alex,Tier 1,Hardware Failure
INC_1513,Resolved,2026-04-29 18:28:00.000000,Alex,Tier 1,Hardware Failure
INC_1513,Closed,2026-04-29 18:38:00.000000,Alex,Tier 1,Hardware Failure
INC_1514,Ticket Created,2026-04-25 11:00:00.000000,Alex,Tier 1,Password Reset
INC_1514,Resolved,2026-04-25 12:19:00.000000,Alex,Tier 1,Password Reset
INC_1514,Closed,2026-04-25 12:29:00.000000,Alex,Tier 1,Password Reset
INC_1515,Ticket Created,2026-04-23 09:00:00.000000,Dani,Tier 1,Software Bug
INC_1515,Escalated,2026-04-23 09:50:21.416922,Dani,Tier 1,Software Bug
INC_1515,In Progress,2026-04-23 10:05:21.416922,Frank,Tier 2 - Software,Software Bug
INC_1515,Resolved,2026-04-23 22:43:55.051988,Frank,Tier 2 - Software,Software Bug
INC_1515,Closed,2026-04-23 23:43:55.051988,Dani,Tier 1,Software Bug
INC_1516,Ticket Created,2026-04-24 14:00:00.000000,Brea,Tier 1,Network Issue
INC_1516,Escalated,2026-04-24 15:00:00.000000,Brea,Tier 1,Network Issue
INC_1516,Awaiting Info,2026-04-24 17:00:00.000000,Elena,Tier 2 - Network,Network Issue
INC_1516,In Progress,2026-04-25 15:39:33.264389,Brea,Tier 1,Network Issue
INC_1516,In Progress,2026-04-25 19:39:33.264389,Henry,Tier 3 - Management,Network Issue
INC_1516,Resolved,2026-04-25 21:42:34.324549,Elena,Tier 2 - Network,Network Issue
INC_1516,Closed,2026-04-25 23:42:34.324549,Brea,Tier 1,Network Issue
INC_1517,Ticket Created,2026-04-16 14:00:00.000000,Brea,Tier 1,Password Reset
INC_1517,Resolved,2026-04-16 15:19:00.000000,Brea,Tier 1,Password Reset
INC_1517,Closed,2026-04-16 15:29:00.000000,Brea,Tier 1,Password Reset
INC_1518,Ticket Created,2026-04-05 17:00:00.000000,Dani,Tier 1,Software Bug
INC_1518,Resolved,2026-04-05 18:05:00.000000,Dani,Tier 1,Software Bug
INC_1518,Closed,2026-04-05 18:15:00.000000,Dani,Tier 1,Software Bug
INC_1519,Ticket Created,2026-04-10 09:00:00.000000,Brea,Tier 1,Network Issue
INC_1519,Escalated,2026-04-10 09:35:55.242901,Brea,Tier 1,Network Issue
INC_1519,In Progress,2026-04-10 09:50:55.242901,Elena,Tier 2 - Network,Network Issue
INC_1519,Resolved,2026-04-10 16:10:54.275373,Elena,Tier 2 - Network,Network Issue
INC_1519,Closed,2026-04-10 17:10:54.275373,Brea,Tier 1,Network Issue
INC_1520,Ticket Created,2026-04-02 15:00:00.000000,Dani,Tier 1,Software Bug
INC_1520,Escalated,2026-04-02 16:00:00.000000,Dani,Tier 1,Software Bug
INC_1520,Awaiting Info,2026-04-02 18:00:00.000000,Frank,Tier 2 - Software,Software Bug
INC_1520,In Progress,2026-04-03 14:12:04.666115,Dani,Tier 1,Software Bug
INC_1520,Resolved,2026-04-03 19:39:12.360395,Frank,Tier 2 - Software,Software Bug
INC_1520,Closed,2026-04-03 21:39:12.360395,Dani,Tier 1,Software Bug
INC_1521,Ticket Created,2026-04-19 14:00:00.000000,Brea,Tier 1,Network Issue
INC_1521,Escalated,2026-04-19 15:08:26.511235,Brea,Tier 1,Network Issue
INC_1521,In Progress,2026-04-19 15:23:26.511235,David,Tier 2 - Network,Network Issue
INC_1521,Resolved,2026-04-20 03:52:30.802716,David,Tier 2 - Network,Network Issue
INC_1521,Closed,2026-04-20 04:52:30.802716,Brea,Tier 1,Network Issue
INC_1522,Ticket Created,2026-04-27 13:00:00.000000,Alex,Tier 1,Software Bug
INC_1522,Escalated,2026-04-27 13:43:52.547998,Alex,Tier 1,Software Bug
INC_1522,In Progress,2026-04-27 13:58:52.547998,Grace,Tier 2 - Software,Software Bug
INC_1522,Resolved,2026-04-28 01:23:22.625006,Grace,Tier 2 - Software,Software Bug
INC_1522,Closed,2026-04-28 02:23:22.625006,Alex,Tier 1,Software Bug
INC_1523,Ticket Created,2026-04-13 14:00:00.000000,Brea,Tier 1,Hardware Failure
INC_1523,Escalated,2026-04-13 15:33:41.617483,Brea,Tier 1,Hardware Failure
INC_1523,In Progress,2026-04-13 15:48:41.617483,Frank,Tier 2 - Software,Hardware Failure
INC_1523,Resolved,2026-04-13 19:14:45.698663,Frank,Tier 2 - Software,Hardware Failure
INC_1523,Closed,2026-04-13 20:14:45.698663,Brea,Tier 1,Hardware Failure
INC_1524,Ticket Created,2026-04-03 13:00:00.000000,Alex,Tier 1,Software Bug
INC_1524,Escalated,2026-04-03 14:48:40.997822,Alex,Tier 1,Software Bug
INC_1524,In Progress,2026-04-03 15:03:40.997822,Frank,Tier 2 - Software,Software Bug
INC_1524,Resolved,2026-04-04 10:56:56.103484,Frank,Tier 2 - Software,Software Bug
INC_1524,Closed,2026-04-04 11:56:56.103484,Alex,Tier 1,Software Bug
INC_1525,Ticket Created,2026-04-09 12:00:00.000000,Charlie,Tier 1,Hardware Failure
INC_1525,Escalated,2026-04-09 12:36:30.185230,Charlie,Tier 1,Hardware Failure
INC_1525,In Progress,2026-04-09 12:51:30.185230,Grace,Tier 2 - Software,Hardware Failure
INC_1525,Resolved,2026-04-09 15:21:04.013166,Grace,Tier 2 - Software,Hardware Failure
INC_1525,Closed,2026-04-09 16:21:04.013166,Charlie,Tier 1,Hardware Failure
INC_1526,Ticket Created,2026-04-23 14:00:00.000000,Charlie,Tier 1,Software Bug
INC_1526,Escalated,2026-04-23 15:31:10.104678,Charlie,Tier 1,Software Bug
INC_1526,In Progress,2026-04-23 15:46:10.104678,Grace,Tier 2 - Software,Software Bug
INC_1526,Resolved,2026-04-24 09:43:03.487893,Grace,Tier 2 - Software,Software Bug
INC_1526,Closed,2026-04-24 10:43:03.487893,Charlie,Tier 1,Software Bug
INC_1527,Ticket Created,2026-04-13 09:00:00.000000,Brea,Tier 1,Software Bug
INC_1527,Resolved,2026-04-13 10:20:00.000000,Brea,Tier 1,Software Bug
INC_1527,Closed,2026-04-13 10:30:00.000000,Brea,Tier 1,Software Bug
INC_1528,Ticket Created,2026-05-01 10:00:00.000000,Brea,Tier 1,Software Bug
INC_1528,Escalated,2026-05-01 11:00:00.000000,Brea,Tier 1,Software Bug
INC_1528,Awaiting Info,2026-05-01 13:00:00.000000,Frank,Tier 2 - Software,Software Bug
INC_1528,In Progress,2026-05-02 01:40:33.498757,Brea,Tier 1,Software Bug
INC_1528,Resolved,2026-05-02 07:02:45.419905,Frank,Tier 2 - Software,Software Bug
INC_1528,Closed,2026-05-02 09:02:45.419905,Brea,Tier 1,Software Bug
INC_1529,Ticket Created,2026-04-17 14:00:00.000000,Charlie,Tier 1,Hardware Failure
INC_1529,Resolved,2026-04-17 14:41:00.000000,Charlie,Tier 1,Hardware Failure
INC_1529,Closed,2026-04-17 14:51:00.000000,Charlie,Tier 1,Hardware Failure
INC_1530,Ticket Created,2026-04-02 17:00:00.000000,Brea,Tier 1,Software Bug
INC_1530,Escalated,2026-04-02 17:37:14.995738,Brea,Tier 1,Software Bug
INC_1530,In Progress,2026-04-02 17:52:14.995738,Grace,Tier 2 - Software,Software Bug
INC_1530,Resolved,2026-04-03 05:40:14.969192,Grace,Tier 2 - Software,Software Bug
INC_1530,Closed,2026-04-03 06:40:14.969192,Brea,Tier 1,Software Bug
INC_1531,Ticket Created,2026-04-01 09:00:00.000000,Brea,Tier 1,Software Bug
INC_1531,Escalated,2026-04-01 09:41:38.852523,Brea,Tier 1,Software Bug
INC_1531,In Progress,2026-04-01 09:56:38.852523,Grace,Tier 2 - Software,Software Bug
INC_1531,Resolved,2026-04-01 16:02:06.723253,Grace,Tier 2 - Software,Software Bug
INC_1531,Closed,2026-04-01 17:02:06.723253,Brea,Tier 1,Software Bug
INC_1532,Ticket Created,2026-04-14 09:00:00.000000,Alex,Tier 1,Hardware Failure
INC_1532,Resolved,2026-04-14 10:25:00.000000,Alex,Tier 1,Hardware Failure
INC_1532,Closed,2026-04-14 10:35:00.000000,Alex,Tier 1,Hardware Failure
INC_1533,Ticket Created,2026-04-24 15:00:00.000000,Alex,Tier 1,Network Issue
INC_1533,Escalated,2026-04-24 16:23:35.024341,Alex,Tier 1,Network Issue
INC_1533,In Progress,2026-04-24 16:38:35.024341,David,Tier 2 - Network,Network Issue
INC_1533,Resolved,2026-04-25 10:12:40.848773,David,Tier 2 - Network,Network Issue
INC_1533,Closed,2026-04-25 11:12:40.848773,Alex,Tier 1,Network Issue
INC_1534,Ticket Created,2026-04-16 15:00:00.000000,Dani,Tier 1,Software Bug
INC_1534,Escalated,2026-04-16 16:00:00.000000,Dani,Tier 1,Software Bug
INC_1534,Awaiting Info,2026-04-16 18:00:00.000000,Grace,Tier 2 - Software,Software Bug
INC_1534,In Progress,2026-04-17 12:47:26.153487,Dani,Tier 1,Software Bug
INC_1534,Resolved,2026-04-17 18:32:45.963286,Grace,Tier 2 - Software,Software Bug
INC_1534,Closed,2026-04-17 20:32:45.963286,Dani,Tier 1,Software Bug
INC_1535,Ticket Created,2026-04-01 17:00:00.000000,Dani,Tier 1,Software Bug
INC_1535,Escalated,2026-04-01 18:02:19.025127,Dani,Tier 1,Software Bug
INC_1535,In Progress,2026-04-01 18:17:19.025127,Frank,Tier 2 - Software,Software Bug
INC_1535,Resolved,2026-04-02 08:53:59.774924,Frank,Tier 2 - Software,Software Bug
INC_1535,Closed,2026-04-02 09:53:59.774924,Dani,Tier 1,Software Bug
INC_1536,Ticket Created,2026-04-08 12:00:00.000000,Dani,Tier 1,Network Issue
INC_1536,Escalated,2026-04-08 13:43:12.157406,Dani,Tier 1,Network Issue
INC_1536,In Progress,2026-04-08 13:58:12.157406,Elena,Tier 2 - Network,Network Issue
INC_1536,Resolved,2026-04-09 09:16:42.329941,Elena,Tier 2 - Network,Network Issue
INC_1536,Closed,2026-04-09 10:16:42.329941,Dani,Tier 1,Network Issue
INC_1537,Ticket Created,2026-04-26 15:00:00.000000,Alex,Tier 1,Software Bug
INC_1537,Escalated,2026-04-26 16:00:00.000000,Alex,Tier 1,Software Bug
INC_1537,Awaiting Info,2026-04-26 18:00:00.000000,Grace,Tier 2 - Software,Software Bug
INC_1537,In Progress,2026-04-27 12:06:11.405468,Alex,Tier 1,Software Bug
INC_1537,Resolved,2026-04-27 16:39:47.549453,Grace,Tier 2 - Software,Software Bug
INC_1537,Closed,2026-04-27 18:39:47.549453,Alex,Tier 1,Software Bug
INC_1538,Ticket Created,2026-04-26 10:00:00.000000,Dani,Tier 1,Network Issue
INC_1538,Escalated,2026-04-26 11:40:28.506792,Dani,Tier 1,Network Issue
INC_1538,In Progress,2026-04-26 11:55:28.506792,David,Tier 2 - Network,Network Issue
INC_1538,Resolved,2026-04-26 22:38:45.645784,David,Tier 2 - Network,Network Issue
INC_1538,Closed,2026-04-26 23:38:45.645784,Dani,Tier 1,Network Issue
INC_1539,Ticket Created,2026-04-03 13:00:00.000000,Charlie,Tier 1,Network Issue
INC_1539,Escalated,2026-04-03 13:43:14.834389,Charlie,Tier 1,Network Issue
INC_1539,In Progress,2026-04-03 13:58:14.834389,Elena,Tier 2 - Network,Network Issue
INC_1539,Resolved,2026-04-04 07:51:10.295070,Elena,Tier 2 - Network,Network Issue
INC_1539,Closed,2026-04-04 08:51:10.295070,Charlie,Tier 1,Network Issue
INC_1540,Ticket Created,2026-04-01 10:00:00.000000,Brea,Tier 1,Software Bug
INC_1540,Escalated,2026-04-01 11:12:43.887597,Brea,Tier 1,Software Bug
INC_1540,In Progress,2026-04-01 11:27:43.887597,Grace,Tier 2 - Software,Software Bug
INC_1540,Resolved,2026-04-01 21:07:34.430102,Grace,Tier 2 - Software,Software Bug
INC_1540,Closed,2026-04-01 22:07:34.430102,Brea,Tier 1,Software Bug
INC_1541,Ticket Created,2026-04-13 10:00:00.000000,Alex,Tier 1,Hardware Failure
INC_1541,Resolved,2026-04-13 11:04:00.000000,Alex,Tier 1,Hardware Failure
INC_1541,Closed,2026-04-13 11:14:00.000000,Alex,Tier 1,Hardware Failure
INC_1542,Ticket Created,2026-04-24 14:00:00.000000,Brea,Tier 1,Software Bug
INC_1542,Escalated,2026-04-24 15:39:04.372172,Brea,Tier 1,Software Bug
INC_1542,In Progress,2026-04-24 15:54:04.372172,Frank,Tier 2 - Software,Software Bug
INC_1542,Resolved,2026-04-24 21:35:40.441133,Frank,Tier 2 - Software,Software Bug
INC_1542,Closed,2026-04-24 22:35:40.441133,Brea,Tier 1,Software Bug
INC_1543,Ticket Created,2026-04-05 14:00:00.000000,Charlie,Tier 1,Hardware Failure
INC_1543,Escalated,2026-04-05 15:04:24.967455,Charlie,Tier 1,Hardware Failure
INC_1543,In Progress,2026-04-05 15:19:24.967455,Grace,Tier 2 - Software,Hardware Failure
INC_1543,Resolved,2026-04-05 18:55:25.232577,Grace,Tier 2 - Software,Hardware Failure
INC_1543,Closed,2026-04-05 19:55:25.232577,Charlie,Tier 1,Hardware Failure
INC_1544,Ticket Created,2026-04-05 16:00:00.000000,Brea,Tier 1,Hardware Failure
INC_1544,Escalated,2026-04-05 17:03:19.170468,Brea,Tier 1,Hardware Failure
INC_1544,In Progress,2026-04-05 17:18:19.170468,Frank,Tier 2 - Software,Hardware Failure
INC_1544,Resolved,2026-04-05 19:34:06.560880,Frank,Tier 2 - Software,Hardware Failure
INC_1544,Closed,2026-04-05 20:34:06.560880,Brea,Tier 1,Hardware Failure
INC_1545,Ticket Created,2026-04-19 09:00:00.000000,Alex,Tier 1,Software Bug
INC_1545,Escalated,2026-04-19 10:01:37.103709,Alex,Tier 1,Software Bug
INC_1545,In Progress,2026-04-19 10:16:37.103709,Grace,Tier 2 - Software,Software Bug
INC_1545,Resolved,2026-04-19 16:35:58.654627,Grace,Tier 2 - Software,Software Bug
INC_1545,Closed,2026-04-19 17:35:58.654627,Alex,Tier 1,Software Bug
INC_1546,Ticket Created,2026-04-27 10:00:00.000000,Dani,Tier 1,Password Reset
INC_1546,Resolved,2026-04-27 10:42:00.000000,Dani,Tier 1,Password Reset
INC_1546,Closed,2026-04-27 10:52:00.000000,Dani,Tier 1,Password Reset
INC_1547,Ticket Created,2026-04-16 13:00:00.000000,Dani,Tier 1,Password Reset
INC_1547,Resolved,2026-04-16 14:02:00.000000,Dani,Tier 1,Password Reset
INC_1547,Closed,2026-04-16 14:12:00.000000,Dani,Tier 1,Password Reset
INC_1548,Ticket Created,2026-04-20 14:00:00.000000,Charlie,Tier 1,Password Reset
INC_1548,Resolved,2026-04-20 14:47:00.000000,Charlie,Tier 1,Password Reset
INC_1548,Closed,2026-04-20 14:57:00.000000,Charlie,Tier 1,Password Reset
INC_1549,Ticket Created,2026-04-11 12:00:00.000000,Alex,Tier 1,Network Issue
INC_1549,Escalated,2026-04-11 12:30:04.834046,Alex,Tier 1,Network Issue
INC_1549,In Progress,2026-04-11 12:45:04.834046,Elena,Tier 2 - Network,Network Issue
INC_1549,Resolved,2026-04-11 23:48:47.864874,Elena,Tier 2 - Network,Network Issue
INC_1549,Closed,2026-04-12 00:48:47.864874,Alex,Tier 1,Network Issue
INC_1550,Ticket Created,2026-04-03 12:00:00.000000,Alex,Tier 1,Software Bug
INC_1550,Escalated,2026-04-03 13:00:00.000000,Alex,Tier 1,Software Bug
INC_1550,Awaiting Info,2026-04-03 15:00:00.000000,Grace,Tier 2 - Software,Software Bug
INC_1550,In Progress,2026-04-04 13:52:56.121255,Alex,Tier 1,Software Bug
INC_1550,Resolved,2026-04-04 17:35:53.531898,Grace,Tier 2 - Software,Software Bug
INC_1550,Closed,2026-04-04 19:35:53.531898,Alex,Tier 1,Software Bug
INC_1551,Ticket Created,2026-04-10 15:00:00.000000,Dani,Tier 1,Hardware Failure
INC_1551,Escalated,2026-04-10 16:07:53.523097,Dani,Tier 1,Hardware Failure
INC_1551,In Progress,2026-04-10 16:22:53.523097,Grace,Tier 2 - Software,Hardware Failure
INC_1551,Resolved,2026-04-10 21:13:04.959713,Grace,Tier 2 - Software,Hardware Failure
INC_1551,Closed,2026-04-10 22:13:04.959713,Dani,Tier 1,Hardware Failure
INC_1552,Ticket Created,2026-04-21 14:00:00.000000,Charlie,Tier 1,Password Reset
INC_1552,Resolved,2026-04-21 15:17:00.000000,Charlie,Tier 1,Password Reset
INC_1552,Closed,2026-04-21 15:27:00.000000,Charlie,Tier 1,Password Reset
INC_1553,Ticket Created,2026-04-08 11:00:00.000000,Brea,Tier 1,Software Bug
INC_1553,Escalated,2026-04-08 12:00:00.000000,Brea,Tier 1,Software Bug
INC_1553,Awaiting Info,2026-04-08 14:00:00.000000,Frank,Tier 2 - Software,Software Bug
INC_1553,In Progress,2026-04-09 04:22:40.565002,Brea,Tier 1,Software Bug
INC_1553,Resolved,2026-04-09 09:54:44.561003,Frank,Tier 2 - Software,Software Bug
INC_1553,Closed,2026-04-09 11:54:44.561003,Brea,Tier 1,Software Bug
INC_1554,Ticket Created,2026-04-05 17:00:00.000000,Charlie,Tier 1,Password Reset
INC_1554,Resolved,2026-04-05 17:47:00.000000,Charlie,Tier 1,Password Reset
INC_1554,Closed,2026-04-05 17:57:00.000000,Charlie,Tier 1,Password Reset
INC_1555,Ticket Created,2026-04-09 14:00:00.000000,Brea,Tier 1,Network Issue
INC_1555,Escalated,2026-04-09 15:00:00.000000,Brea,Tier 1,Network Issue
INC_1555,Awaiting Info,2026-04-09 17:00:00.000000,Elena,Tier 2 - Network,Network Issue
INC_1555,In Progress,2026-04-10 16:58:03.870772,Brea,Tier 1,Network Issue
INC_1555,In Progress,2026-04-10 20:58:03.870772,Henry,Tier 3 - Management,Network Issue
INC_1555,Resolved,2026-04-11 01:58:26.382891,Elena,Tier 2 - Network,Network Issue
INC_1555,Closed,2026-04-11 03:58:26.382891,Brea,Tier 1,Network Issue
INC_1556,Ticket Created,2026-04-21 15:00:00.000000,Charlie,Tier 1,Hardware Failure
INC_1556,Resolved,2026-04-21 15:30:00.000000,Charlie,Tier 1,Hardware Failure
INC_1556,Closed,2026-04-21 15:40:00.000000,Charlie,Tier 1,Hardware Failure
INC_1557,Ticket Created,2026-04-07 11:00:00.000000,Dani,Tier 1,Software Bug
INC_1557,Escalated,2026-04-07 12:00:00.000000,Dani,Tier 1,Software Bug
INC_1557,Awaiting Info,2026-04-07 14:00:00.000000,Frank,Tier 2 - Software,Software Bug
INC_1557,In Progress,2026-04-08 04:18:03.987803,Dani,Tier 1,Software Bug
INC_1557,Resolved,2026-04-08 06:56:48.433051,Frank,Tier 2 - Software,Software Bug
INC_1557,Closed,2026-04-08 08:56:48.433051,Dani,Tier 1,Software Bug
INC_1558,Ticket Created,2026-04-25 10:00:00.000000,Dani,Tier 1,Software Bug
INC_1558,Escalated,2026-04-25 11:04:07.229416,Dani,Tier 1,Software Bug
INC_1558,In Progress,2026-04-25 11:19:07.229416,Grace,Tier 2 - Software,Software Bug
INC_1558,Resolved,2026-04-25 23:55:38.270192,Grace,Tier 2 - Software,Software Bug
INC_1558,Closed,2026-04-26 00:55:38.270192,Dani,Tier 1,Software Bug
INC_1559,Ticket Created,2026-04-13 12:00:00.000000,Alex,Tier 1,Password Reset
INC_1559,Resolved,2026-04-13 12:22:00.000000,Alex,Tier 1,Password Reset
INC_1559,Closed,2026-04-13 12:32:00.000000,Alex,Tier 1,Password Reset
INC_1560,Ticket Created,2026-04-30 15:00:00.000000,Charlie,Tier 1,Software Bug
INC_1560,Escalated,2026-04-30 16:00:00.000000,Charlie,Tier 1,Software Bug
INC_1560,Awaiting Info,2026-04-30 18:00:00.000000,Frank,Tier 2 - Software,Software Bug
INC_1560,In Progress,2026-05-01 04:30:01.665753,Charlie,Tier 1,Software Bug
INC_1560,Resolved,2026-05-01 08:12:02.951317,Frank,Tier 2 - Software,Software Bug
INC_1560,Closed,2026-05-01 10:12:02.951317,Charlie,Tier 1,Software Bug
INC_1561,Ticket Created,2026-04-07 15:00:00.000000,Dani,Tier 1,Hardware Failure
INC_1561,Escalated,2026-04-07 16:20:45.775358,Dani,Tier 1,Hardware Failure
INC_1561,In Progress,2026-04-07 16:35:45.775358,Frank,Tier 2 - Software,Hardware Failure
INC_1561,Resolved,2026-04-07 17:45:11.227567,Frank,Tier 2 - Software,Hardware Failure
INC_1561,Closed,2026-04-07 18:45:11.227567,Dani,Tier 1,Hardware Failure
INC_1562,Ticket Created,2026-04-25 10:00:00.000000,Alex,Tier 1,Password Reset
INC_1562,Resolved,2026-04-25 10:43:00.000000,Alex,Tier 1,Password Reset
INC_1562,Closed,2026-04-25 10:53:00.000000,Alex,Tier 1,Password Reset
INC_1563,Ticket Created,2026-04-19 10:00:00.000000,Alex,Tier 1,Hardware Failure
INC_1563,Escalated,2026-04-19 10:38:08.089371,Alex,Tier 1,Hardware Failure
INC_1563,In Progress,2026-04-19 10:53:08.089371,Grace,Tier 2 - Software,Hardware Failure
INC_1563,Resolved,2026-04-19 12:47:28.046666,Grace,Tier 2 - Software,Hardware Failure
INC_1563,Closed,2026-04-19 13:47:28.046666,Alex,Tier 1,Hardware Failure
INC_1564,Ticket Created,2026-04-15 15:00:00.000000,Alex,Tier 1,Software Bug
INC_1564,Escalated,2026-04-15 16:00:00.000000,Alex,Tier 1,Software Bug
INC_1564,Awaiting Info,2026-04-15 18:00:00.000000,Frank,Tier 2 - Software,Software Bug
INC_1564,In Progress,2026-04-16 16:58:07.744818,Alex,Tier 1,Software Bug
INC_1564,Resolved,2026-04-16 21:50:22.146501,Frank,Tier 2 - Software,Software Bug
INC_1564,Closed,2026-04-16 23:50:22.146501,Alex,Tier 1,Software Bug
INC_1565,Ticket Created,2026-04-25 11:00:00.000000,Alex,Tier 1,Password Reset
INC_1565,Resolved,2026-04-25 12:03:00.000000,Alex,Tier 1,Password Reset
INC_1565,Closed,2026-04-25 12:13:00.000000,Alex,Tier 1,Password Reset
INC_1566,Ticket Created,2026-04-08 13:00:00.000000,Brea,Tier 1,Hardware Failure
INC_1566,Escalated,2026-04-08 14:37:42.338610,Brea,Tier 1,Hardware Failure
INC_1566,In Progress,2026-04-08 14:52:42.338610,Grace,Tier 2 - Software,Hardware Failure
INC_1566,Resolved,2026-04-08 19:49:20.546668,Grace,Tier 2 - Software,Hardware Failure
INC_1566,Closed,2026-04-08 20:49:20.546668,Brea,Tier 1,Hardware Failure
INC_1567,Ticket Created,2026-04-01 12:00:00.000000,Charlie,Tier 1,Software Bug
INC_1567,Escalated,2026-04-01 13:00:00.000000,Charlie,Tier 1,Software Bug
INC_1567,Awaiting Info,2026-04-01 15:00:00.000000,Frank,Tier 2 - Software,Software Bug
INC_1567,In Progress,2026-04-02 05:45:09.906128,Charlie,Tier 1,Software Bug
INC_1567,Resolved,2026-04-02 11:06:45.471315,Frank,Tier 2 - Software,Software Bug
INC_1567,Closed,2026-04-02 13:06:45.471315,Charlie,Tier 1,Software Bug
INC_1568,Ticket Created,2026-04-19 15:00:00.000000,Dani,Tier 1,Hardware Failure
INC_1568,Resolved,2026-04-19 15:23:00.000000,Dani,Tier 1,Hardware Failure
INC_1568,Closed,2026-04-19 15:33:00.000000,Dani,Tier 1,Hardware Failure
INC_1569,Ticket Created,2026-04-07 16:00:00.000000,Charlie,Tier 1,Software Bug
INC_1569,Escalated,2026-04-07 17:26:50.098975,Charlie,Tier 1,Software Bug
INC_1569,In Progress,2026-04-07 17:41:50.098975,Frank,Tier 2 - Software,Software Bug
INC_1569,Resolved,2026-04-08 10:44:07.173989,Frank,Tier 2 - Software,Software Bug
INC_1569,Closed,2026-04-08 11:44:07.173989,Charlie,Tier 1,Software Bug
INC_1570,Ticket Created,2026-04-19 10:00:00.000000,Brea,Tier 1,Network Issue
INC_1570,Escalated,2026-04-19 11:40:07.039505,Brea,Tier 1,Network Issue
INC_1570,In Progress,2026-04-19 11:55:07.039505,Elena,Tier 2 - Network,Network Issue
INC_1570,Resolved,2026-04-20 05:21:17.709929,Elena,Tier 2 - Network,Network Issue
INC_1570,Closed,2026-04-20 06:21:17.709929,Brea,Tier 1,Network Issue
INC_1571,Ticket Created,2026-04-17 12:00:00.000000,Brea,Tier 1,Software Bug
INC_1571,Escalated,2026-04-17 13:16:11.866720,Brea,Tier 1,Software Bug
INC_1571,In Progress,2026-04-17 13:31:11.866720,Frank,Tier 2 - Software,Software Bug
INC_1571,Resolved,2026-04-18 00:11:26.370599,Frank,Tier 2 - Software,Software Bug
INC_1571,Closed,2026-04-18 01:11:26.370599,Brea,Tier 1,Software Bug
INC_1572,Ticket Created,2026-04-02 14:00:00.000000,Alex,Tier 1,Password Reset
INC_1572,Resolved,2026-04-02 14:57:00.000000,Alex,Tier 1,Password Reset
INC_1572,Closed,2026-04-02 15:07:00.000000,Alex,Tier 1,Password Reset
INC_1573,Ticket Created,2026-05-01 15:00:00.000000,Brea,Tier 1,Password Reset
INC_1573,Resolved,2026-05-01 15:27:00.000000,Brea,Tier 1,Password Reset
INC_1573,Closed,2026-05-01 15:37:00.000000,Brea,Tier 1,Password Reset
INC_1574,Ticket Created,2026-04-23 17:00:00.000000,Dani,Tier 1,Network Issue
INC_1574,Escalated,2026-04-23 18:00:00.000000,Dani,Tier 1,Network Issue
INC_1574,Awaiting Info,2026-04-23 20:00:00.000000,Elena,Tier 2 - Network,Network Issue
INC_1574,In Progress,2026-04-24 13:57:06.713328,Dani,Tier 1,Network Issue
INC_1574,In Progress,2026-04-24 17:57:06.713328,Henry,Tier 3 - Management,Network Issue
INC_1574,Resolved,2026-04-24 23:03:34.086783,Elena,Tier 2 - Network,Network Issue
INC_1574,Closed,2026-04-25 01:03:34.086783,Dani,Tier 1,Network Issue
INC_1575,Ticket Created,2026-04-17 16:00:00.000000,Brea,Tier 1,Password Reset
INC_1575,Resolved,2026-04-17 16:43:00.000000,Brea,Tier 1,Password Reset
INC_1575,Closed,2026-04-17 16:53:00.000000,Brea,Tier 1,Password Reset
INC_1576,Ticket Created,2026-04-23 15:00:00.000000,Dani,Tier 1,Hardware Failure
INC_1576,Resolved,2026-04-23 16:21:00.000000,Dani,Tier 1,Hardware Failure
INC_1576,Closed,2026-04-23 16:31:00.000000,Dani,Tier 1,Hardware Failure
INC_1577,Ticket Created,2026-04-20 10:00:00.000000,Dani,Tier 1,Network Issue
INC_1577,Escalated,2026-04-20 11:20:43.216939,Dani,Tier 1,Network Issue
INC_1577,In Progress,2026-04-20 11:35:43.216939,David,Tier 2 - Network,Network Issue
INC_1577,Resolved,2026-04-21 04:02:47.054801,David,Tier 2 - Network,Network Issue
INC_1577,Closed,2026-04-21 05:02:47.054801,Dani,Tier 1,Network Issue
INC_1578,Ticket Created,2026-04-21 15:00:00.000000,Alex,Tier 1,Software Bug
INC_1578,Escalated,2026-04-21 15:49:23.131417,Alex,Tier 1,Software Bug
INC_1578,In Progress,2026-04-21 16:04:23.131417,Frank,Tier 2 - Software,Software Bug
INC_1578,Resolved,2026-04-22 03:02:57.802990,Frank,Tier 2 - Software,Software Bug
INC_1578,Closed,2026-04-22 04:02:57.802990,Alex,Tier 1,Software Bug
INC_1579,Ticket Created,2026-04-10 11:00:00.000000,Dani,Tier 1,Software Bug
INC_1579,Resolved,2026-04-10 12:09:00.000000,Dani,Tier 1,Software Bug
INC_1579,Closed,2026-04-10 12:19:00.000000,Dani,Tier 1,Software Bug
INC_1580,Ticket Created,2026-04-09 11:00:00.000000,Charlie,Tier 1,Hardware Failure
INC_1580,Resolved,2026-04-09 12:05:00.000000,Charlie,Tier 1,Hardware Failure
INC_1580,Closed,2026-04-09 12:15:00.000000,Charlie,Tier 1,Hardware Failure
INC_1581,Ticket Created,2026-04-25 14:00:00.000000,Alex,Tier 1,Password Reset
INC_1581,Resolved,2026-04-25 15:22:00.000000,Alex,Tier 1,Password Reset
INC_1581,Closed,2026-04-25 15:32:00.000000,Alex,Tier 1,Password Reset
INC_1582,Ticket Created,2026-04-02 16:00:00.000000,Charlie,Tier 1,Password Reset
INC_1582,Resolved,2026-04-02 16:24:00.000000,Charlie,Tier 1,Password Reset
INC_1582,Closed,2026-04-02 16:34:00.000000,Charlie,Tier 1,Password Reset
INC_1583,Ticket Created,2026-04-13 17:00:00.000000,Charlie,Tier 1,Password Reset
INC_1583,Resolved,2026-04-13 18:16:00.000000,Charlie,Tier 1,Password Reset
INC_1583,Closed,2026-04-13 18:26:00.000000,Charlie,Tier 1,Password Reset
INC_1584,Ticket Created,2026-04-15 09:00:00.000000,Brea,Tier 1,Password Reset
INC_1584,Resolved,2026-04-15 10:10:00.000000,Brea,Tier 1,Password Reset
INC_1584,Closed,2026-04-15 10:20:00.000000,Brea,Tier 1,Password Reset
INC_1585,Ticket Created,2026-04-11 17:00:00.000000,Brea,Tier 1,Software Bug
INC_1585,Escalated,2026-04-11 18:01:56.054100,Brea,Tier 1,Software Bug
INC_1585,In Progress,2026-04-11 18:16:56.054100,Frank,Tier 2 - Software,Software Bug
INC_1585,Resolved,2026-04-12 07:04:08.006239,Frank,Tier 2 - Software,Software Bug
INC_1585,Closed,2026-04-12 08:04:08.006239,Brea,Tier 1,Software Bug
INC_1586,Ticket Created,2026-04-14 13:00:00.000000,Brea,Tier 1,Software Bug
INC_1586,Escalated,2026-04-14 14:00:00.000000,Brea,Tier 1,Software Bug
INC_1586,Awaiting Info,2026-04-14 16:00:00.000000,Grace,Tier 2 - Software,Software Bug
INC_1586,In Progress,2026-04-15 13:29:34.537620,Brea,Tier 1,Software Bug
INC_1586,Resolved,2026-04-15 17:44:51.393848,Grace,Tier 2 - Software,Software Bug
INC_1586,Closed,2026-04-15 19:44:51.393848,Brea,Tier 1,Software Bug
INC_1587,Ticket Created,2026-04-23 14:00:00.000000,Dani,Tier 1,Network Issue
INC_1587,Escalated,2026-04-23 15:43:33.655336,Dani,Tier 1,Network Issue
INC_1587,In Progress,2026-04-23 15:58:33.655336,Elena,Tier 2 - Network,Network Issue
INC_1587,Resolved,2026-04-23 22:01:17.611979,Elena,Tier 2 - Network,Network Issue
INC_1587,Closed,2026-04-23 23:01:17.611979,Dani,Tier 1,Network Issue
INC_1588,Ticket Created,2026-04-24 10:00:00.000000,Alex,Tier 1,Password Reset
INC_1588,Resolved,2026-04-24 10:56:00.000000,Alex,Tier 1,Password Reset
INC_1588,Closed,2026-04-24 11:06:00.000000,Alex,Tier 1,Password Reset
INC_1589,Ticket Created,2026-04-02 13:00:00.000000,Dani,Tier 1,Software Bug
INC_1589,Escalated,2026-04-02 14:32:08.578407,Dani,Tier 1,Software Bug
INC_1589,In Progress,2026-04-02 14:47:08.578407,Frank,Tier 2 - Software,Software Bug
INC_1589,Resolved,2026-04-03 00:48:13.163793,Frank,Tier 2 - Software,Software Bug
INC_1589,Closed,2026-04-03 01:48:13.163793,Dani,Tier 1,Software Bug
INC_1590,Ticket Created,2026-04-04 17:00:00.000000,Dani,Tier 1,Password Reset
INC_1590,Resolved,2026-04-04 17:21:00.000000,Dani,Tier 1,Password Reset
INC_1590,Closed,2026-04-04 17:31:00.000000,Dani,Tier 1,Password Reset
INC_1591,Ticket Created,2026-04-24 16:00:00.000000,Charlie,Tier 1,Network Issue
INC_1591,Escalated,2026-04-24 16:38:53.371076,Charlie,Tier 1,Network Issue
INC_1591,In Progress,2026-04-24 16:53:53.371076,Elena,Tier 2 - Network,Network Issue
INC_1591,Resolved,2026-04-25 11:36:25.059674,Elena,Tier 2 - Network,Network Issue
INC_1591,Closed,2026-04-25 12:36:25.059674,Charlie,Tier 1,Network Issue
INC_1592,Ticket Created,2026-04-04 09:00:00.000000,Charlie,Tier 1,Hardware Failure
INC_1592,Escalated,2026-04-04 09:36:03.758661,Charlie,Tier 1,Hardware Failure
INC_1592,In Progress,2026-04-04 09:51:03.758661,Frank,Tier 2 - Software,Hardware Failure
INC_1592,Resolved,2026-04-04 13:07:06.751181,Frank,Tier 2 - Software,Hardware Failure
INC_1592,Closed,2026-04-04 14:07:06.751181,Charlie,Tier 1,Hardware Failure
INC_1593,Ticket Created,2026-04-13 14:00:00.000000,Dani,Tier 1,Hardware Failure
INC_1593,Resolved,2026-04-13 14:30:00.000000,Dani,Tier 1,Hardware Failure
INC_1593,Closed,2026-04-13 14:40:00.000000,Dani,Tier 1,Hardware Failure
INC_1594,Ticket Created,2026-04-01 16:00:00.000000,Charlie,Tier 1,Software Bug
INC_1594,Escalated,2026-04-01 17:00:00.000000,Charlie,Tier 1,Software Bug
INC_1594,Awaiting Info,2026-04-01 19:00:00.000000,Frank,Tier 2 - Software,Software Bug
INC_1594,In Progress,2026-04-02 17:01:54.574912,Charlie,Tier 1,Software Bug
INC_1594,Resolved,2026-04-02 22:22:33.944856,Frank,Tier 2 - Software,Software Bug
INC_1594,Closed,2026-04-03 00:22:33.944856,Charlie,Tier 1,Software Bug
INC_1595,Ticket Created,2026-04-29 10:00:00.000000,Dani,Tier 1,Network Issue
INC_1595,Resolved,2026-04-29 10:56:00.000000,Dani,Tier 1,Network Issue
INC_1595,Closed,2026-04-29 11:06:00.000000,Dani,Tier 1,Network Issue
INC_1596,Ticket Created,2026-04-04 17:00:00.000000,Dani,Tier 1,Software Bug
INC_1596,Resolved,2026-04-04 18:03:00.000000,Dani,Tier 1,Software Bug
INC_1596,Closed,2026-04-04 18:13:00.000000,Dani,Tier 1,Software Bug
INC_1597,Ticket Created,2026-04-03 11:00:00.000000,Dani,Tier 1,Network Issue
INC_1597,Escalated,2026-04-03 12:52:44.278187,Dani,Tier 1,Network Issue
INC_1597,In Progress,2026-04-03 13:07:44.278187,Elena,Tier 2 - Network,Network Issue
INC_1597,Resolved,2026-04-03 21:27:04.487047,Elena,Tier 2 - Network,Network Issue
INC_1597,Closed,2026-04-03 22:27:04.487047,Dani,Tier 1,Network Issue
INC_1598,Ticket Created,2026-05-01 16:00:00.000000,Brea,Tier 1,Hardware Failure
INC_1598,Escalated,2026-05-01 17:00:00.000000,Brea,Tier 1,Hardware Failure
INC_1598,Awaiting Info,2026-05-01 19:00:00.000000,Grace,Tier 2 - Software,Hardware Failure
INC_1598,In Progress,2026-05-02 13:45:08.230102,Brea,Tier 1,Hardware Failure
INC_1598,Resolved,2026-05-02 17:49:48.087400,Grace,Tier 2 - Software,Hardware Failure
INC_1598,Closed,2026-05-02 19:49:48.087400,Brea,Tier 1,Hardware Failure
INC_1599,Ticket Created,2026-04-22 13:00:00.000000,Brea,Tier 1,Password Reset
INC_1599,Resolved,2026-04-22 14:26:00.000000,Brea,Tier 1,Password Reset
INC_1599,Closed,2026-04-22 14:36:00.000000,Brea,Tier 1,Password Reset
INC_1600,Ticket Created,2026-04-05 17:00:00.000000,Charlie,Tier 1,Software Bug
INC_1600,Escalated,2026-04-05 18:00:00.000000,Charlie,Tier 1,Software Bug
INC_1600,Awaiting Info,2026-04-05 20:00:00.000000,Grace,Tier 2 - Software,Software Bug
INC_1600,In Progress,2026-04-06 18:49:09.581973,Charlie,Tier 1,Software Bug
INC_1600,Resolved,2026-04-06 21:30:30.636813,Grace,Tier 2 - Software,Software Bug
INC_1600,Closed,2026-04-06 23:30:30.636813,Charlie,Tier 1,Software Bug
INC_1601,Ticket Created,2026-04-20 17:00:00.000000,Dani,Tier 1,Software Bug
INC_1601,Escalated,2026-04-20 18:06:17.728411,Dani,Tier 1,Software Bug
INC_1601,In Progress,2026-04-20 18:21:17.728411,Grace,Tier 2 - Software,Software Bug
INC_1601,Resolved,2026-04-21 12:42:14.475273,Grace,Tier 2 - Software,Software Bug
INC_1601,Closed,2026-04-21 13:42:14.475273,Dani,Tier 1,Software Bug
INC_1602,Ticket Created,2026-04-02 14:00:00.000000,Dani,Tier 1,Password Reset
INC_1602,Resolved,2026-04-02 14:40:00.000000,Dani,Tier 1,Password Reset
INC_1602,Closed,2026-04-02 14:50:00.000000,Dani,Tier 1,Password Reset
INC_1603,Ticket Created,2026-04-03 17:00:00.000000,Dani,Tier 1,Hardware Failure
INC_1603,Escalated,2026-04-03 17:45:28.836054,Dani,Tier 1,Hardware Failure
INC_1603,In Progress,2026-04-03 18:00:28.836054,Frank,Tier 2 - Software,Hardware Failure
INC_1603,Resolved,2026-04-03 20:54:06.033718,Frank,Tier 2 - Software,Hardware Failure
INC_1603,Closed,2026-04-03 21:54:06.033718,Dani,Tier 1,Hardware Failure
INC_1604,Ticket Created,2026-04-30 17:00:00.000000,Brea,Tier 1,Password Reset
INC_1604,Resolved,2026-04-30 17:54:00.000000,Brea,Tier 1,Password Reset
INC_1604,Closed,2026-04-30 18:04:00.000000,Brea,Tier 1,Password Reset
INC_1605,Ticket Created,2026-04-12 11:00:00.000000,Charlie,Tier 1,Network Issue
INC_1605,Escalated,2026-04-12 12:37:40.662034,Charlie,Tier 1,Network Issue
INC_1605,In Progress,2026-04-12 12:52:40.662034,David,Tier 2 - Network,Network Issue
INC_1605,Resolved,2026-04-13 08:17:05.619949,David,Tier 2 - Network,Network Issue
INC_1605,Closed,2026-04-13 09:17:05.619949,Charlie,Tier 1,Network Issue
INC_1606,Ticket Created,2026-04-06 17:00:00.000000,Alex,Tier 1,Network Issue
INC_1606,Escalated,2026-04-06 18:00:00.000000,Alex,Tier 1,Network Issue
INC_1606,Awaiting Info,2026-04-06 20:00:00.000000,David,Tier 2 - Network,Network Issue
INC_1606,In Progress,2026-04-07 06:52:07.272328,Alex,Tier 1,Network Issue
INC_1606,In Progress,2026-04-07 10:52:07.272328,Henry,Tier 3 - Management,Network Issue
INC_1606,Resolved,2026-04-07 15:28:13.284466,David,Tier 2 - Network,Network Issue
INC_1606,Closed,2026-04-07 17:28:13.284466,Alex,Tier 1,Network Issue
INC_1607,Ticket Created,2026-04-17 13:00:00.000000,Alex,Tier 1,Software Bug
INC_1607,Escalated,2026-04-17 14:00:00.000000,Alex,Tier 1,Software Bug
INC_1607,Awaiting Info,2026-04-17 16:00:00.000000,Frank,Tier 2 - Software,Software Bug
INC_1607,In Progress,2026-04-18 08:00:57.288129,Alex,Tier 1,Software Bug
INC_1607,Resolved,2026-04-18 13:55:20.398654,Frank,Tier 2 - Software,Software Bug
INC_1607,Closed,2026-04-18 15:55:20.398654,Alex,Tier 1,Software Bug
INC_1608,Ticket Created,2026-04-07 10:00:00.000000,Brea,Tier 1,Software Bug
INC_1608,Escalated,2026-04-07 11:19:07.561093,Brea,Tier 1,Software Bug
INC_1608,In Progress,2026-04-07 11:34:07.561093,Grace,Tier 2 - Software,Software Bug
INC_1608,Resolved,2026-04-07 23:39:39.728263,Grace,Tier 2 - Software,Software Bug
INC_1608,Closed,2026-04-08 00:39:39.728263,Brea,Tier 1,Software Bug
INC_1609,Ticket Created,2026-04-10 11:00:00.000000,Charlie,Tier 1,Software Bug
INC_1609,Escalated,2026-04-10 12:00:00.000000,Charlie,Tier 1,Software Bug
INC_1609,Awaiting Info,2026-04-10 14:00:00.000000,Frank,Tier 2 - Software,Software Bug
INC_1609,In Progress,2026-04-11 09:00:42.503490,Charlie,Tier 1,Software Bug
INC_1609,Resolved,2026-04-11 11:10:46.324148,Frank,Tier 2 - Software,Software Bug
INC_1609,Closed,2026-04-11 13:10:46.324148,Charlie,Tier 1,Software Bug
INC_1610,Ticket Created,2026-04-13 12:00:00.000000,Brea,Tier 1,Network Issue
INC_1610,Escalated,2026-04-13 13:00:00.000000,Brea,Tier 1,Network Issue
INC_1610,Awaiting Info,2026-04-13 15:00:00.000000,David,Tier 2 - Network,Network Issue
INC_1610,In Progress,2026-04-14 11:33:54.841407,Brea,Tier 1,Network Issue
INC_1610,In Progress,2026-04-14 15:33:54.841407,Henry,Tier 3 - Management,Network Issue
INC_1610,Resolved,2026-04-14 20:34:32.729252,David,Tier 2 - Network,Network Issue
INC_1610,Closed,2026-04-14 22:34:32.729252,Brea,Tier 1,Network Issue
INC_1611,Ticket Created,2026-04-13 16:00:00.000000,Dani,Tier 1,Hardware Failure
INC_1611,Resolved,2026-04-13 17:09:00.000000,Dani,Tier 1,Hardware Failure
INC_1611,Closed,2026-04-13 17:19:00.000000,Dani,Tier 1,Hardware Failure
INC_1612,Ticket Created,2026-05-01 14:00:00.000000,Alex,Tier 1,Password Reset
INC_1612,Escalated,2026-05-01 15:55:00.937422,Alex,Tier 1,Password Reset
INC_1612,In Progress,2026-05-01 16:10:00.937422,Grace,Tier 2 - Software,Password Reset
INC_1612,Resolved,2026-05-01 19:41:04.244797,Grace,Tier 2 - Software,Password Reset
INC_1612,Closed,2026-05-01 20:41:04.244797,Alex,Tier 1,Password Reset
INC_1613,Ticket Created,2026-04-18 12:00:00.000000,Dani,Tier 1,Network Issue
INC_1613,Escalated,2026-04-18 13:58:57.556308,Dani,Tier 1,Network Issue
INC_1613,In Progress,2026-04-18 14:13:57.556308,Elena,Tier 2 - Network,Network Issue
INC_1613,Resolved,2026-04-19 02:17:31.460169,Elena,Tier 2 - Network,Network Issue
INC_1613,Closed,2026-04-19 03:17:31.460169,Dani,Tier 1,Network Issue
INC_1614,Ticket Created,2026-04-09 17:00:00.000000,Alex,Tier 1,Software Bug
INC_1614,Escalated,2026-04-09 18:00:00.000000,Alex,Tier 1,Software Bug
INC_1614,Awaiting Info,2026-04-09 20:00:00.000000,Grace,Tier 2 - Software,Software Bug
INC_1614,In Progress,2026-04-10 16:37:37.012547,Alex,Tier 1,Software Bug
INC_1614,Resolved,2026-04-10 22:28:48.961994,Grace,Tier 2 - Software,Software Bug
INC_1614,Closed,2026-04-11 00:28:48.961994,Alex,Tier 1,Software Bug
INC_1615,Ticket Created,2026-04-02 09:00:00.000000,Dani,Tier 1,Software Bug
INC_1615,Escalated,2026-04-02 10:00:00.000000,Dani,Tier 1,Software Bug
INC_1615,Awaiting Info,2026-04-02 12:00:00.000000,Frank,Tier 2 - Software,Software Bug
INC_1615,In Progress,2026-04-03 02:09:27.937302,Dani,Tier 1,Software Bug
INC_1615,Resolved,2026-04-03 05:59:09.360777,Frank,Tier 2 - Software,Software Bug
INC_1615,Closed,2026-04-03 07:59:09.360777,Dani,Tier 1,Software Bug
INC_1616,Ticket Created,2026-04-24 13:00:00.000000,Brea,Tier 1,Network Issue
INC_1616,Escalated,2026-04-24 13:37:53.697433,Brea,Tier 1,Network Issue
INC_1616,In Progress,2026-04-24 13:52:53.697433,Elena,Tier 2 - Network,Network Issue
INC_1616,Resolved,2026-04-25 09:44:24.976456,Elena,Tier 2 - Network,Network Issue
INC_1616,Closed,2026-04-25 10:44:24.976456,Brea,Tier 1,Network Issue
INC_1617,Ticket Created,2026-04-05 12:00:00.000000,Dani,Tier 1,Network Issue
INC_1617,Escalated,2026-04-05 12:32:48.409508,Dani,Tier 1,Network Issue
INC_1617,In Progress,2026-04-05 12:47:48.409508,Elena,Tier 2 - Network,Network Issue
INC_1617,Resolved,2026-04-05 20:44:32.494750,Elena,Tier 2 - Network,Network Issue
INC_1617,Closed,2026-04-05 21:44:32.494750,Dani,Tier 1,Network Issue
INC_1618,Ticket Created,2026-04-01 09:00:00.000000,Alex,Tier 1,Password Reset
INC_1618,Resolved,2026-04-01 09:41:00.000000,Alex,Tier 1,Password Reset
INC_1618,Closed,2026-04-01 09:51:00.000000,Alex,Tier 1,Password Reset
INC_1619,Ticket Created,2026-04-30 15:00:00.000000,Alex,Tier 1,Software Bug
INC_1619,Escalated,2026-04-30 16:58:27.647275,Alex,Tier 1,Software Bug
INC_1619,In Progress,2026-04-30 17:13:27.647275,Grace,Tier 2 - Software,Software Bug
INC_1619,Resolved,2026-05-01 07:27:02.392024,Grace,Tier 2 - Software,Software Bug
INC_1619,Closed,2026-05-01 08:27:02.392024,Alex,Tier 1,Software Bug
INC_1620,Ticket Created,2026-04-23 10:00:00.000000,Charlie,Tier 1,Password Reset
INC_1620,Resolved,2026-04-23 11:00:00.000000,Charlie,Tier 1,Password Reset
INC_1620,Closed,2026-04-23 11:10:00.000000,Charlie,Tier 1,Password Reset
INC_1621,Ticket Created,2026-04-10 12:00:00.000000,Alex,Tier 1,Network Issue
INC_1621,Escalated,2026-04-10 13:00:00.000000,Alex,Tier 1,Network Issue
INC_1621,Awaiting Info,2026-04-10 15:00:00.000000,David,Tier 2 - Network,Network Issue
INC_1621,In Progress,2026-04-11 03:35:32.570561,Alex,Tier 1,Network Issue
INC_1621,In Progress,2026-04-11 07:35:32.570561,Henry,Tier 3 - Management,Network Issue
INC_1621,Resolved,2026-04-11 09:55:20.386401,David,Tier 2 - Network,Network Issue
INC_1621,Closed,2026-04-11 11:55:20.386401,Alex,Tier 1,Network Issue
INC_1622,Ticket Created,2026-04-21 09:00:00.000000,Dani,Tier 1,Software Bug
INC_1622,Escalated,2026-04-21 10:00:00.000000,Dani,Tier 1,Software Bug
INC_1622,Awaiting Info,2026-04-21 12:00:00.000000,Frank,Tier 2 - Software,Software Bug
INC_1622,In Progress,2026-04-22 07:32:52.885019,Dani,Tier 1,Software Bug
INC_1622,Resolved,2026-04-22 12:48:02.011512,Frank,Tier 2 - Software,Software Bug
INC_1622,Closed,2026-04-22 14:48:02.011512,Dani,Tier 1,Software Bug
INC_1623,Ticket Created,2026-04-29 11:00:00.000000,Alex,Tier 1,Password Reset
INC_1623,Resolved,2026-04-29 12:13:00.000000,Alex,Tier 1,Password Reset
INC_1623,Closed,2026-04-29 12:23:00.000000,Alex,Tier 1,Password Reset
INC_1624,Ticket Created,2026-04-10 11:00:00.000000,Charlie,Tier 1,Network Issue
INC_1624,Escalated,2026-04-10 12:00:00.000000,Charlie,Tier 1,Network Issue
INC_1624,Awaiting Info,2026-04-10 14:00:00.000000,David,Tier 2 - Network,Network Issue
INC_1624,In Progress,2026-04-11 01:50:03.224311,Charlie,Tier 1,Network Issue
INC_1624,In Progress,2026-04-11 05:50:03.224311,Henry,Tier 3 - Management,Network Issue
INC_1624,Resolved,2026-04-11 11:37:30.077603,David,Tier 2 - Network,Network Issue
INC_1624,Closed,2026-04-11 13:37:30.077603,Charlie,Tier 1,Network Issue
INC_1625,Ticket Created,2026-04-04 17:00:00.000000,Alex,Tier 1,Hardware Failure
INC_1625,Escalated,2026-04-04 18:00:00.000000,Alex,Tier 1,Hardware Failure
INC_1625,Awaiting Info,2026-04-04 20:00:00.000000,Frank,Tier 2 - Software,Hardware Failure
INC_1625,In Progress,2026-04-05 17:15:17.232527,Alex,Tier 1,Hardware Failure
INC_1625,Resolved,2026-04-05 21:32:51.672038,Frank,Tier 2 - Software,Hardware Failure
INC_1625,Closed,2026-04-05 23:32:51.672038,Alex,Tier 1,Hardware Failure
INC_1626,Ticket Created,2026-04-01 15:00:00.000000,Charlie,Tier 1,Password Reset
INC_1626,Resolved,2026-04-01 16:03:00.000000,Charlie,Tier 1,Password Reset
INC_1626,Closed,2026-04-01 16:13:00.000000,Charlie,Tier 1,Password Reset
INC_1627,Ticket Created,2026-04-04 11:00:00.000000,Dani,Tier 1,Password Reset
INC_1627,Resolved,2026-04-04 12:10:00.000000,Dani,Tier 1,Password Reset
INC_1627,Closed,2026-04-04 12:20:00.000000,Dani,Tier 1,Password Reset
INC_1628,Ticket Created,2026-04-14 17:00:00.000000,Alex,Tier 1,Network Issue
INC_1628,Escalated,2026-04-14 18:09:46.480908,Alex,Tier 1,Network Issue
INC_1628,In Progress,2026-04-14 18:24:46.480908,David,Tier 2 - Network,Network Issue
INC_1628,Resolved,2026-04-15 08:30:04.748047,David,Tier 2 - Network,Network Issue
INC_1628,Closed,2026-04-15 09:30:04.748047,Alex,Tier 1,Network Issue
INC_1629,Ticket Created,2026-04-30 17:00:00.000000,Alex,Tier 1,Network Issue
INC_1629,Escalated,2026-04-30 18:00:00.000000,Alex,Tier 1,Network Issue
INC_1629,Awaiting Info,2026-04-30 20:00:00.000000,David,Tier 2 - Network,Network Issue
INC_1629,In Progress,2026-05-01 18:26:07.503996,Alex,Tier 1,Network Issue
INC_1629,In Progress,2026-05-01 22:26:07.503996,Henry,Tier 3 - Management,Network Issue
INC_1629,Resolved,2026-05-02 00:57:52.447400,David,Tier 2 - Network,Network Issue
INC_1629,Closed,2026-05-02 02:57:52.447400,Alex,Tier 1,Network Issue
INC_1630,Ticket Created,2026-04-22 15:00:00.000000,Charlie,Tier 1,Password Reset
INC_1630,Resolved,2026-04-22 16:16:00.000000,Charlie,Tier 1,Password Reset
INC_1630,Closed,2026-04-22 16:26:00.000000,Charlie,Tier 1,Password Reset
INC_1631,Ticket Created,2026-04-07 13:00:00.000000,Brea,Tier 1,Software Bug
INC_1631,Escalated,2026-04-07 14:00:00.000000,Brea,Tier 1,Software Bug
INC_1631,Awaiting Info,2026-04-07 16:00:00.000000,Grace,Tier 2 - Software,Software Bug
INC_1631,In Progress,2026-04-08 03:44:16.699665,Brea,Tier 1,Software Bug
INC_1631,Resolved,2026-04-08 07:12:06.440483,Grace,Tier 2 - Software,Software Bug
INC_1631,Closed,2026-04-08 09:12:06.440483,Brea,Tier 1,Software Bug
INC_1632,Ticket Created,2026-04-07 11:00:00.000000,Brea,Tier 1,Hardware Failure
INC_1632,Escalated,2026-04-07 12:47:45.074299,Brea,Tier 1,Hardware Failure
INC_1632,In Progress,2026-04-07 13:02:45.074299,Grace,Tier 2 - Software,Hardware Failure
INC_1632,Resolved,2026-04-07 16:39:03.027208,Grace,Tier 2 - Software,Hardware Failure
INC_1632,Closed,2026-04-07 17:39:03.027208,Brea,Tier 1,Hardware Failure
INC_1633,Ticket Created,2026-04-09 09:00:00.000000,Charlie,Tier 1,Network Issue
INC_1633,Escalated,2026-04-09 10:00:00.000000,Charlie,Tier 1,Network Issue
INC_1633,Awaiting Info,2026-04-09 12:00:00.000000,Elena,Tier 2 - Network,Network Issue
INC_1633,In Progress,2026-04-09 22:41:37.977766,Charlie,Tier 1,Network Issue
INC_1633,In Progress,2026-04-10 02:41:37.977766,Henry,Tier 3 - Management,Network Issue
INC_1633,Resolved,2026-04-10 06:16:52.385106,Elena,Tier 2 - Network,Network Issue
INC_1633,Closed,2026-04-10 08:16:52.385106,Charlie,Tier 1,Network Issue
INC_1634,Ticket Created,2026-04-23 09:00:00.000000,Dani,Tier 1,Password Reset
INC_1634,Resolved,2026-04-23 09:43:00.000000,Dani,Tier 1,Password Reset
INC_1634,Closed,2026-04-23 09:53:00.000000,Dani,Tier 1,Password Reset
INC_1635,Ticket Created,2026-04-07 14:00:00.000000,Dani,Tier 1,Password Reset
INC_1635,Resolved,2026-04-07 14:25:00.000000,Dani,Tier 1,Password Reset
INC_1635,Closed,2026-04-07 14:35:00.000000,Dani,Tier 1,Password Reset
INC_1636,Ticket Created,2026-04-22 16:00:00.000000,Brea,Tier 1,Password Reset
INC_1636,Resolved,2026-04-22 16:32:00.000000,Brea,Tier 1,Password Reset
INC_1636,Closed,2026-04-22 16:42:00.000000,Brea,Tier 1,Password Reset
INC_1637,Ticket Created,2026-04-04 13:00:00.000000,Charlie,Tier 1,Software Bug
INC_1637,Escalated,2026-04-04 14:50:01.685204,Charlie,Tier 1,Software Bug
INC_1637,In Progress,2026-04-04 15:05:01.685204,Grace,Tier 2 - Software,Software Bug
INC_1637,Resolved,2026-04-05 02:53:25.751278,Grace,Tier 2 - Software,Software Bug
INC_1637,Closed,2026-04-05 03:53:25.751278,Charlie,Tier 1,Software Bug
INC_1638,Ticket Created,2026-04-19 11:00:00.000000,Alex,Tier 1,Hardware Failure
INC_1638,Resolved,2026-04-19 11:44:00.000000,Alex,Tier 1,Hardware Failure
INC_1638,Closed,2026-04-19 11:54:00.000000,Alex,Tier 1,Hardware Failure
INC_1639,Ticket Created,2026-04-10 17:00:00.000000,Brea,Tier 1,Hardware Failure
INC_1639,Resolved,2026-04-10 17:48:00.000000,Brea,Tier 1,Hardware Failure
INC_1639,Closed,2026-04-10 17:58:00.000000,Brea,Tier 1,Hardware Failure
INC_1640,Ticket Created,2026-04-26 17:00:00.000000,Dani,Tier 1,Software Bug
INC_1640,Escalated,2026-04-26 17:37:56.848720,Dani,Tier 1,Software Bug
INC_1640,In Progress,2026-04-26 17:52:56.848720,Frank,Tier 2 - Software,Software Bug
INC_1640,Resolved,2026-04-27 02:05:00.216803,Frank,Tier 2 - Software,Software Bug
INC_1640,Closed,2026-04-27 03:05:00.216803,Dani,Tier 1,Software Bug
INC_1641,Ticket Created,2026-04-03 12:00:00.000000,Dani,Tier 1,Network Issue
INC_1641,Escalated,2026-04-03 13:29:04.002648,Dani,Tier 1,Network Issue
INC_1641,In Progress,2026-04-03 13:44:04.002648,Elena,Tier 2 - Network,Network Issue
INC_1641,Resolved,2026-04-04 01:30:43.746133,Elena,Tier 2 - Network,Network Issue
INC_1641,Closed,2026-04-04 02:30:43.746133,Dani,Tier 1,Network Issue
INC_1642,Ticket Created,2026-04-27 11:00:00.000000,Dani,Tier 1,Software Bug
INC_1642,Resolved,2026-04-27 12:21:00.000000,Dani,Tier 1,Software Bug
INC_1642,Closed,2026-04-27 12:31:00.000000,Dani,Tier 1,Software Bug
INC_1643,Ticket Created,2026-04-08 14:00:00.000000,Dani,Tier 1,Software Bug
INC_1643,Resolved,2026-04-08 14:28:00.000000,Dani,Tier 1,Software Bug
INC_1643,Closed,2026-04-08 14:38:00.000000,Dani,Tier 1,Software Bug
INC_1644,Ticket Created,2026-04-03 09:00:00.000000,Alex,Tier 1,Hardware Failure
INC_1644,Resolved,2026-04-03 09:48:00.000000,Alex,Tier 1,Hardware Failure
INC_1644,Closed,2026-04-03 09:58:00.000000,Alex,Tier 1,Hardware Failure
INC_1645,Ticket Created,2026-04-11 10:00:00.000000,Brea,Tier 1,Network Issue
INC_1645,Escalated,2026-04-11 11:52:57.494564,Brea,Tier 1,Network Issue
INC_1645,In Progress,2026-04-11 12:07:57.494564,David,Tier 2 - Network,Network Issue
INC_1645,Resolved,2026-04-12 04:09:14.537494,David,Tier 2 - Network,Network Issue
INC_1645,Closed,2026-04-12 05:09:14.537494,Brea,Tier 1,Network Issue
INC_1646,Ticket Created,2026-04-09 11:00:00.000000,Alex,Tier 1,Password Reset
INC_1646,Resolved,2026-04-09 11:40:00.000000,Alex,Tier 1,Password Reset
INC_1646,Closed,2026-04-09 11:50:00.000000,Alex,Tier 1,Password Reset
INC_1647,Ticket Created,2026-04-17 11:00:00.000000,Alex,Tier 1,Software Bug
INC_1647,Escalated,2026-04-17 12:00:00.000000,Alex,Tier 1,Software Bug
INC_1647,Awaiting Info,2026-04-17 14:00:00.000000,Frank,Tier 2 - Software,Software Bug
INC_1647,In Progress,2026-04-18 06:05:17.709930,Alex,Tier 1,Software Bug
INC_1647,Resolved,2026-04-18 09:43:38.283370,Frank,Tier 2 - Software,Software Bug
INC_1647,Closed,2026-04-18 11:43:38.283370,Alex,Tier 1,Software Bug
INC_1648,Ticket Created,2026-05-01 13:00:00.000000,Dani,Tier 1,Password Reset
INC_1648,Resolved,2026-05-01 14:04:00.000000,Dani,Tier 1,Password Reset
INC_1648,Closed,2026-05-01 14:14:00.000000,Dani,Tier 1,Password Reset
INC_1649,Ticket Created,2026-04-24 13:00:00.000000,Brea,Tier 1,Network Issue
INC_1649,Resolved,2026-04-24 14:03:00.000000,Brea,Tier 1,Network Issue
INC_1649,Closed,2026-04-24 14:13:00.000000,Brea,Tier 1,Network Issue
INC_1650,Ticket Created,2026-04-28 11:00:00.000000,Charlie,Tier 1,Software Bug
INC_1650,Resolved,2026-04-28 12:18:00.000000,Charlie,Tier 1,Software Bug
INC_1650,Closed,2026-04-28 12:28:00.000000,Charlie,Tier 1,Software Bug
INC_1651,Ticket Created,2026-04-10 15:00:00.000000,Charlie,Tier 1,Network Issue
INC_1651,Escalated,2026-04-10 16:00:00.000000,Charlie,Tier 1,Network Issue
INC_1651,Awaiting Info,2026-04-10 18:00:00.000000,Elena,Tier 2 - Network,Network Issue
INC_1651,In Progress,2026-04-11 09:46:20.219947,Charlie,Tier 1,Network Issue
INC_1651,In Progress,2026-04-11 13:46:20.219947,Henry,Tier 3 - Management,Network Issue
INC_1651,Resolved,2026-04-11 16:07:24.646971,Elena,Tier 2 - Network,Network Issue
INC_1651,Closed,2026-04-11 18:07:24.646971,Charlie,Tier 1,Network Issue
INC_1652,Ticket Created,2026-04-30 16:00:00.000000,Dani,Tier 1,Password Reset
INC_1652,Resolved,2026-04-30 16:41:00.000000,Dani,Tier 1,Password Reset
INC_1652,Closed,2026-04-30 16:51:00.000000,Dani,Tier 1,Password Reset
INC_1653,Ticket Created,2026-04-29 14:00:00.000000,Brea,Tier 1,Password Reset
INC_1653,Resolved,2026-04-29 15:03:00.000000,Brea,Tier 1,Password Reset
INC_1653,Closed,2026-04-29 15:13:00.000000,Brea,Tier 1,Password Reset
INC_1654,Ticket Created,2026-04-12 12:00:00.000000,Alex,Tier 1,Password Reset
INC_1654,Escalated,2026-04-12 13:31:23.407949,Alex,Tier 1,Password Reset
INC_1654,In Progress,2026-04-12 13:46:23.407949,Frank,Tier 2 - Software,Password Reset
INC_1654,Resolved,2026-04-12 18:44:20.864490,Frank,Tier 2 - Software,Password Reset
INC_1654,Closed,2026-04-12 19:44:20.864490,Alex,Tier 1,Password Reset
INC_1655,Ticket Created,2026-04-08 11:00:00.000000,Alex,Tier 1,Network Issue
INC_1655,Escalated,2026-04-08 11:47:51.938290,Alex,Tier 1,Network Issue
INC_1655,In Progress,2026-04-08 12:02:51.938290,Elena,Tier 2 - Network,Network Issue
INC_1655,Resolved,2026-04-09 05:08:42.888654,Elena,Tier 2 - Network,Network Issue
INC_1655,Closed,2026-04-09 06:08:42.888654,Alex,Tier 1,Network Issue
INC_1656,Ticket Created,2026-04-04 17:00:00.000000,Brea,Tier 1,Network Issue
INC_1656,Escalated,2026-04-04 18:42:46.563520,Brea,Tier 1,Network Issue
INC_1656,In Progress,2026-04-04 18:57:46.563520,Elena,Tier 2 - Network,Network Issue
INC_1656,Resolved,2026-04-05 12:18:50.141336,Elena,Tier 2 - Network,Network Issue
INC_1656,Closed,2026-04-05 13:18:50.141336,Brea,Tier 1,Network Issue
INC_1657,Ticket Created,2026-04-12 14:00:00.000000,Dani,Tier 1,Hardware Failure
INC_1657,Escalated,2026-04-12 15:56:40.992793,Dani,Tier 1,Hardware Failure
INC_1657,In Progress,2026-04-12 16:11:40.992793,Frank,Tier 2 - Software,Hardware Failure
INC_1657,Resolved,2026-04-12 18:36:49.549302,Frank,Tier 2 - Software,Hardware Failure
INC_1657,Closed,2026-04-12 19:36:49.549302,Dani,Tier 1,Hardware Failure
INC_1658,Ticket Created,2026-04-19 10:00:00.000000,Alex,Tier 1,Network Issue
INC_1658,Escalated,2026-04-19 11:00:00.000000,Alex,Tier 1,Network Issue
INC_1658,Awaiting Info,2026-04-19 13:00:00.000000,David,Tier 2 - Network,Network Issue
INC_1658,In Progress,2026-04-20 10:16:35.404057,Alex,Tier 1,Network Issue
INC_1658,In Progress,2026-04-20 14:16:35.404057,Henry,Tier 3 - Management,Network Issue
INC_1658,Resolved,2026-04-20 18:44:52.656938,David,Tier 2 - Network,Network Issue
INC_1658,Closed,2026-04-20 20:44:52.656938,Alex,Tier 1,Network Issue
INC_1659,Ticket Created,2026-04-17 17:00:00.000000,Alex,Tier 1,Hardware Failure
INC_1659,Resolved,2026-04-17 18:02:00.000000,Alex,Tier 1,Hardware Failure
INC_1659,Closed,2026-04-17 18:12:00.000000,Alex,Tier 1,Hardware Failure
INC_1660,Ticket Created,2026-04-13 10:00:00.000000,Charlie,Tier 1,Software Bug
INC_1660,Escalated,2026-04-13 11:30:28.160811,Charlie,Tier 1,Software Bug
INC_1660,In Progress,2026-04-13 11:45:28.160811,Frank,Tier 2 - Software,Software Bug
INC_1660,Resolved,2026-04-13 22:08:45.659556,Frank,Tier 2 - Software,Software Bug
INC_1660,Closed,2026-04-13 23:08:45.659556,Charlie,Tier 1,Software Bug
INC_1661,Ticket Created,2026-04-29 13:00:00.000000,Brea,Tier 1,Software Bug
INC_1661,Escalated,2026-04-29 13:42:51.890414,Brea,Tier 1,Software Bug
INC_1661,In Progress,2026-04-29 13:57:51.890414,Frank,Tier 2 - Software,Software Bug
INC_1661,Resolved,2026-04-30 06:51:26.348912,Frank,Tier 2 - Software,Software Bug
INC_1661,Closed,2026-04-30 07:51:26.348912,Brea,Tier 1,Software Bug
INC_1662,Ticket Created,2026-04-23 12:00:00.000000,Brea,Tier 1,Hardware Failure
INC_1662,Resolved,2026-04-23 12:43:00.000000,Brea,Tier 1,Hardware Failure
INC_1662,Closed,2026-04-23 12:53:00.000000,Brea,Tier 1,Hardware Failure
INC_1663,Ticket Created,2026-04-06 15:00:00.000000,Charlie,Tier 1,Software Bug
INC_1663,Resolved,2026-04-06 15:56:00.000000,Charlie,Tier 1,Software Bug
INC_1663,Closed,2026-04-06 16:06:00.000000,Charlie,Tier 1,Software Bug
INC_1664,Ticket Created,2026-04-27 14:00:00.000000,Dani,Tier 1,Software Bug
INC_1664,Escalated,2026-04-27 14:59:13.615486,Dani,Tier 1,Software Bug
INC_1664,In Progress,2026-04-27 15:14:13.615486,Grace,Tier 2 - Software,Software Bug
INC_1664,Resolved,2026-04-28 10:13:11.560430,Grace,Tier 2 - Software,Software Bug
INC_1664,Closed,2026-04-28 11:13:11.560430,Dani,Tier 1,Software Bug
INC_1665,Ticket Created,2026-04-07 12:00:00.000000,Brea,Tier 1,Password Reset
INC_1665,Resolved,2026-04-07 12:54:00.000000,Brea,Tier 1,Password Reset
INC_1665,Closed,2026-04-07 13:04:00.000000,Brea,Tier 1,Password Reset
INC_1666,Ticket Created,2026-04-29 16:00:00.000000,Dani,Tier 1,Software Bug
INC_1666,Escalated,2026-04-29 17:56:46.443058,Dani,Tier 1,Software Bug
INC_1666,In Progress,2026-04-29 18:11:46.443058,Frank,Tier 2 - Software,Software Bug
INC_1666,Resolved,2026-04-30 00:51:06.869961,Frank,Tier 2 - Software,Software Bug
INC_1666,Closed,2026-04-30 01:51:06.869961,Dani,Tier 1,Software Bug
INC_1667,Ticket Created,2026-04-30 13:00:00.000000,Brea,Tier 1,Password Reset
INC_1667,Resolved,2026-04-30 14:17:00.000000,Brea,Tier 1,Password Reset
INC_1667,Closed,2026-04-30 14:27:00.000000,Brea,Tier 1,Password Reset
INC_1668,Ticket Created,2026-04-20 14:00:00.000000,Charlie,Tier 1,Hardware Failure
INC_1668,Resolved,2026-04-20 15:05:00.000000,Charlie,Tier 1,Hardware Failure
INC_1668,Closed,2026-04-20 15:15:00.000000,Charlie,Tier 1,Hardware Failure
INC_1669,Ticket Created,2026-04-14 11:00:00.000000,Alex,Tier 1,Network Issue
INC_1669,Escalated,2026-04-14 12:12:11.978738,Alex,Tier 1,Network Issue
INC_1669,In Progress,2026-04-14 12:27:11.978738,Elena,Tier 2 - Network,Network Issue
INC_1669,Resolved,2026-04-14 20:53:41.522765,Elena,Tier 2 - Network,Network Issue
INC_1669,Closed,2026-04-14 21:53:41.522765,Alex,Tier 1,Network Issue
INC_1670,Ticket Created,2026-04-21 12:00:00.000000,Alex,Tier 1,Software Bug
INC_1670,Escalated,2026-04-21 13:04:33.157053,Alex,Tier 1,Software Bug
INC_1670,In Progress,2026-04-21 13:19:33.157053,Grace,Tier 2 - Software,Software Bug
INC_1670,Resolved,2026-04-22 00:23:16.276678,Grace,Tier 2 - Software,Software Bug
INC_1670,Closed,2026-04-22 01:23:16.276678,Alex,Tier 1,Software Bug
INC_1671,Ticket Created,2026-04-12 17:00:00.000000,Alex,Tier 1,Network Issue
INC_1671,Escalated,2026-04-12 18:32:16.131116,Alex,Tier 1,Network Issue
INC_1671,In Progress,2026-04-12 18:47:16.131116,David,Tier 2 - Network,Network Issue
INC_1671,Resolved,2026-04-13 13:04:49.203344,David,Tier 2 - Network,Network Issue
INC_1671,Closed,2026-04-13 14:04:49.203344,Alex,Tier 1,Network Issue
INC_1672,Ticket Created,2026-04-08 16:00:00.000000,Dani,Tier 1,Software Bug
INC_1672,Escalated,2026-04-08 16:40:29.713252,Dani,Tier 1,Software Bug
INC_1672,In Progress,2026-04-08 16:55:29.713252,Grace,Tier 2 - Software,Software Bug
INC_1672,Resolved,2026-04-09 07:34:37.001385,Grace,Tier 2 - Software,Software Bug
INC_1672,Closed,2026-04-09 08:34:37.001385,Dani,Tier 1,Software Bug
INC_1673,Ticket Created,2026-04-08 17:00:00.000000,Alex,Tier 1,Software Bug
INC_1673,Escalated,2026-04-08 18:06:18.728659,Alex,Tier 1,Software Bug
INC_1673,In Progress,2026-04-08 18:21:18.728659,Grace,Tier 2 - Software,Software Bug
INC_1673,Resolved,2026-04-09 08:22:53.367245,Grace,Tier 2 - Software,Software Bug
INC_1673,Closed,2026-04-09 09:22:53.367245,Alex,Tier 1,Software Bug
INC_1674,Ticket Created,2026-04-09 15:00:00.000000,Dani,Tier 1,Password Reset
INC_1674,Resolved,2026-04-09 16:29:00.000000,Dani,Tier 1,Password Reset
INC_1674,Closed,2026-04-09 16:39:00.000000,Dani,Tier 1,Password Reset
INC_1675,Ticket Created,2026-04-12 12:00:00.000000,Alex,Tier 1,Network Issue
INC_1675,Escalated,2026-04-12 13:23:19.910439,Alex,Tier 1,Network Issue
INC_1675,In Progress,2026-04-12 13:38:19.910439,Elena,Tier 2 - Network,Network Issue
INC_1675,Resolved,2026-04-12 22:18:30.177940,Elena,Tier 2 - Network,Network Issue
INC_1675,Closed,2026-04-12 23:18:30.177940,Alex,Tier 1,Network Issue
INC_1676,Ticket Created,2026-04-04 10:00:00.000000,Alex,Tier 1,Network Issue
INC_1676,Escalated,2026-04-04 11:00:00.000000,Alex,Tier 1,Network Issue
INC_1676,Awaiting Info,2026-04-04 13:00:00.000000,Elena,Tier 2 - Network,Network Issue
INC_1676,In Progress,2026-04-05 07:11:12.637977,Alex,Tier 1,Network Issue
INC_1676,In Progress,2026-04-05 11:11:12.637977,Henry,Tier 3 - Management,Network Issue
INC_1676,Resolved,2026-04-05 13:42:38.282384,Elena,Tier 2 - Network,Network Issue
INC_1676,Closed,2026-04-05 15:42:38.282384,Alex,Tier 1,Network Issue
INC_1677,Ticket Created,2026-04-13 09:00:00.000000,Charlie,Tier 1,Password Reset
INC_1677,Resolved,2026-04-13 10:18:00.000000,Charlie,Tier 1,Password Reset
INC_1677,Closed,2026-04-13 10:28:00.000000,Charlie,Tier 1,Password Reset
INC_1678,Ticket Created,2026-04-25 17:00:00.000000,Charlie,Tier 1,Hardware Failure
INC_1678,Resolved,2026-04-25 18:03:00.000000,Charlie,Tier 1,Hardware Failure
INC_1678,Closed,2026-04-25 18:13:00.000000,Charlie,Tier 1,Hardware Failure
INC_1679,Ticket Created,2026-04-11 10:00:00.000000,Charlie,Tier 1,Password Reset
INC_1679,Resolved,2026-04-11 10:58:00.000000,Charlie,Tier 1,Password Reset
INC_1679,Closed,2026-04-11 11:08:00.000000,Charlie,Tier 1,Password Reset
INC_1680,Ticket Created,2026-04-28 15:00:00.000000,Dani,Tier 1,Password Reset
INC_1680,Resolved,2026-04-28 15:30:00.000000,Dani,Tier 1,Password Reset
INC_1680,Closed,2026-04-28 15:40:00.000000,Dani,Tier 1,Password Reset
INC_1681,Ticket Created,2026-04-18 12:00:00.000000,Charlie,Tier 1,Network Issue
INC_1681,Resolved,2026-04-18 12:28:00.000000,Charlie,Tier 1,Network Issue
INC_1681,Closed,2026-04-18 12:38:00.000000,Charlie,Tier 1,Network Issue
INC_1682,Ticket Created,2026-04-17 12:00:00.000000,Brea,Tier 1,Hardware Failure
INC_1682,Escalated,2026-04-17 13:48:12.272330,Brea,Tier 1,Hardware Failure
INC_1682,In Progress,2026-04-17 14:03:12.272330,Grace,Tier 2 - Software,Hardware Failure
INC_1682,Resolved,2026-04-17 18:29:37.536139,Grace,Tier 2 - Software,Hardware Failure
INC_1682,Closed,2026-04-17 19:29:37.536139,Brea,Tier 1,Hardware Failure
INC_1683,Ticket Created,2026-04-08 17:00:00.000000,Brea,Tier 1,Network Issue
INC_1683,Escalated,2026-04-08 18:28:57.850373,Brea,Tier 1,Network Issue
INC_1683,In Progress,2026-04-08 18:43:57.850373,Elena,Tier 2 - Network,Network Issue
INC_1683,Resolved,2026-04-09 08:24:54.612219,Elena,Tier 2 - Network,Network Issue
INC_1683,Closed,2026-04-09 09:24:54.612219,Brea,Tier 1,Network Issue
INC_1684,Ticket Created,2026-04-26 14:00:00.000000,Charlie,Tier 1,Network Issue
INC_1684,Escalated,2026-04-26 15:54:24.779204,Charlie,Tier 1,Network Issue
INC_1684,In Progress,2026-04-26 16:09:24.779204,Elena,Tier 2 - Network,Network Issue
INC_1684,Resolved,2026-04-27 01:23:26.992992,Elena,Tier 2 - Network,Network Issue
INC_1684,Closed,2026-04-27 02:23:26.992992,Charlie,Tier 1,Network Issue
INC_1685,Ticket Created,2026-04-10 11:00:00.000000,Charlie,Tier 1,Network Issue
INC_1685,Escalated,2026-04-10 11:48:49.431883,Charlie,Tier 1,Network Issue
INC_1685,In Progress,2026-04-10 12:03:49.431883,Elena,Tier 2 - Network,Network Issue
INC_1685,Resolved,2026-04-10 23:36:49.533182,Elena,Tier 2 - Network,Network Issue
INC_1685,Closed,2026-04-11 00:36:49.533182,Charlie,Tier 1,Network Issue
INC_1686,Ticket Created,2026-04-25 12:00:00.000000,Alex,Tier 1,Software Bug
INC_1686,Escalated,2026-04-25 12:58:07.104542,Alex,Tier 1,Software Bug
INC_1686,In Progress,2026-04-25 13:13:07.104542,Grace,Tier 2 - Software,Software Bug
INC_1686,Resolved,2026-04-25 22:51:41.727013,Grace,Tier 2 - Software,Software Bug
INC_1686,Closed,2026-04-25 23:51:41.727013,Alex,Tier 1,Software Bug
INC_1687,Ticket Created,2026-04-02 14:00:00.000000,Brea,Tier 1,Hardware Failure
INC_1687,Resolved,2026-04-02 15:03:00.000000,Brea,Tier 1,Hardware Failure
INC_1687,Closed,2026-04-02 15:13:00.000000,Brea,Tier 1,Hardware Failure
INC_1688,Ticket Created,2026-04-27 15:00:00.000000,Charlie,Tier 1,Software Bug
INC_1688,Escalated,2026-04-27 16:00:00.000000,Charlie,Tier 1,Software Bug
INC_1688,Awaiting Info,2026-04-27 18:00:00.000000,Frank,Tier 2 - Software,Software Bug
INC_1688,In Progress,2026-04-28 15:38:52.184335,Charlie,Tier 1,Software Bug
INC_1688,Resolved,2026-04-28 19:52:56.487512,Frank,Tier 2 - Software,Software Bug
INC_1688,Closed,2026-04-28 21:52:56.487512,Charlie,Tier 1,Software Bug
INC_1689,Ticket Created,2026-04-14 14:00:00.000000,Alex,Tier 1,Software Bug
INC_1689,Resolved,2026-04-14 15:29:00.000000,Alex,Tier 1,Software Bug
INC_1689,Closed,2026-04-14 15:39:00.000000,Alex,Tier 1,Software Bug
INC_1690,Ticket Created,2026-04-04 15:00:00.000000,Alex,Tier 1,Hardware Failure
INC_1690,Escalated,2026-04-04 16:14:44.388030,Alex,Tier 1,Hardware Failure
INC_1690,In Progress,2026-04-04 16:29:44.388030,Frank,Tier 2 - Software,Hardware Failure
INC_1690,Resolved,2026-04-04 18:28:48.042124,Frank,Tier 2 - Software,Hardware Failure
INC_1690,Closed,2026-04-04 19:28:48.042124,Alex,Tier 1,Hardware Failure
INC_1691,Ticket Created,2026-04-11 14:00:00.000000,Brea,Tier 1,Network Issue
INC_1691,Escalated,2026-04-11 14:42:55.949564,Brea,Tier 1,Network Issue
INC_1691,In Progress,2026-04-11 14:57:55.949564,Elena,Tier 2 - Network,Network Issue
INC_1691,Resolved,2026-04-12 07:07:56.105390,Elena,Tier 2 - Network,Network Issue
INC_1691,Closed,2026-04-12 08:07:56.105390,Brea,Tier 1,Network Issue
INC_1692,Ticket Created,2026-04-26 14:00:00.000000,Charlie,Tier 1,Password Reset
INC_1692,Resolved,2026-04-26 14:51:00.000000,Charlie,Tier 1,Password Reset
INC_1692,Closed,2026-04-26 15:01:00.000000,Charlie,Tier 1,Password Reset
INC_1693,Ticket Created,2026-04-06 17:00:00.000000,Alex,Tier 1,Password Reset
INC_1693,Resolved,2026-04-06 17:48:00.000000,Alex,Tier 1,Password Reset
INC_1693,Closed,2026-04-06 17:58:00.000000,Alex,Tier 1,Password Reset
INC_1694,Ticket Created,2026-04-29 13:00:00.000000,Dani,Tier 1,Hardware Failure
INC_1694,Escalated,2026-04-29 14:53:29.822808,Dani,Tier 1,Hardware Failure
INC_1694,In Progress,2026-04-29 15:08:29.822808,Grace,Tier 2 - Software,Hardware Failure
INC_1694,Resolved,2026-04-29 17:03:45.694458,Grace,Tier 2 - Software,Hardware Failure
INC_1694,Closed,2026-04-29 18:03:45.694458,Dani,Tier 1,Hardware Failure
INC_1695,Ticket Created,2026-04-26 12:00:00.000000,Charlie,Tier 1,Network Issue
INC_1695,Escalated,2026-04-26 12:43:06.264975,Charlie,Tier 1,Network Issue
INC_1695,In Progress,2026-04-26 12:58:06.264975,Elena,Tier 2 - Network,Network Issue
INC_1695,Resolved,2026-04-26 21:23:25.461021,Elena,Tier 2 - Network,Network Issue
INC_1695,Closed,2026-04-26 22:23:25.461021,Charlie,Tier 1,Network Issue
INC_1696,Ticket Created,2026-04-08 10:00:00.000000,Brea,Tier 1,Hardware Failure
INC_1696,Resolved,2026-04-08 11:16:00.000000,Brea,Tier 1,Hardware Failure
INC_1696,Closed,2026-04-08 11:26:00.000000,Brea,Tier 1,Hardware Failure
INC_1697,Ticket Created,2026-04-28 09:00:00.000000,Charlie,Tier 1,Network Issue
INC_1697,Escalated,2026-04-28 09:31:16.821493,Charlie,Tier 1,Network Issue
INC_1697,In Progress,2026-04-28 09:46:16.821493,Elena,Tier 2 - Network,Network Issue
INC_1697,Resolved,2026-04-28 15:15:15.852687,Elena,Tier 2 - Network,Network Issue
INC_1697,Closed,2026-04-28 16:15:15.852687,Charlie,Tier 1,Network Issue
INC_1698,Ticket Created,2026-04-05 11:00:00.000000,Brea,Tier 1,Network Issue
INC_1698,Escalated,2026-04-05 12:00:00.000000,Brea,Tier 1,Network Issue
INC_1698,Awaiting Info,2026-04-05 14:00:00.000000,Elena,Tier 2 - Network,Network Issue
INC_1698,In Progress,2026-04-06 12:44:29.515747,Brea,Tier 1,Network Issue
INC_1698,In Progress,2026-04-06 16:44:29.515747,Henry,Tier 3 - Management,Network Issue
INC_1698,Resolved,2026-04-06 20:12:24.692058,Elena,Tier 2 - Network,Network Issue
INC_1698,Closed,2026-04-06 22:12:24.692058,Brea,Tier 1,Network Issue
INC_1699,Ticket Created,2026-04-11 10:00:00.000000,Brea,Tier 1,Password Reset
INC_1699,Resolved,2026-04-11 10:22:00.000000,Brea,Tier 1,Password Reset
INC_1699,Closed,2026-04-11 10:32:00.000000,Brea,Tier 1,Password Reset
INC_1700,Ticket Created,2026-04-12 13:00:00.000000,Brea,Tier 1,Software Bug
INC_1700,Escalated,2026-04-12 14:00:00.000000,Brea,Tier 1,Software Bug
INC_1700,Awaiting Info,2026-04-12 16:00:00.000000,Grace,Tier 2 - Software,Software Bug
INC_1700,In Progress,2026-04-13 10:58:55.517602,Brea,Tier 1,Software Bug
INC_1700,Resolved,2026-04-13 16:17:17.711128,Grace,Tier 2 - Software,Software Bug
INC_1700,Closed,2026-04-13 18:17:17.711128,Brea,Tier 1,Software Bug
INC_1701,Ticket Created,2026-04-12 12:00:00.000000,Dani,Tier 1,Network Issue
INC_1701,Escalated,2026-04-12 12:46:33.396301,Dani,Tier 1,Network Issue
INC_1701,In Progress,2026-04-12 13:01:33.396301,Elena,Tier 2 - Network,Network Issue
INC_1701,Resolved,2026-04-12 23:56:56.472934,Elena,Tier 2 - Network,Network Issue
INC_1701,Closed,2026-04-13 00:56:56.472934,Dani,Tier 1,Network Issue
INC_1702,Ticket Created,2026-04-28 13:00:00.000000,Alex,Tier 1,Software Bug
INC_1702,Resolved,2026-04-28 13:47:00.000000,Alex,Tier 1,Software Bug
INC_1702,Closed,2026-04-28 13:57:00.000000,Alex,Tier 1,Software Bug
INC_1703,Ticket Created,2026-04-13 09:00:00.000000,Brea,Tier 1,Hardware Failure
INC_1703,Escalated,2026-04-13 10:57:37.765747,Brea,Tier 1,Hardware Failure
INC_1703,In Progress,2026-04-13 11:12:37.765747,Frank,Tier 2 - Software,Hardware Failure
INC_1703,Resolved,2026-04-13 15:35:05.164000,Frank,Tier 2 - Software,Hardware Failure
INC_1703,Closed,2026-04-13 16:35:05.164000,Brea,Tier 1,Hardware Failure
INC_1704,Ticket Created,2026-04-23 17:00:00.000000,Alex,Tier 1,Network Issue
INC_1704,Escalated,2026-04-23 18:52:16.654320,Alex,Tier 1,Network Issue
INC_1704,In Progress,2026-04-23 19:07:16.654320,Elena,Tier 2 - Network,Network Issue
INC_1704,Resolved,2026-04-24 03:50:33.921565,Elena,Tier 2 - Network,Network Issue
INC_1704,Closed,2026-04-24 04:50:33.921565,Alex,Tier 1,Network Issue
INC_1705,Ticket Created,2026-04-19 16:00:00.000000,Brea,Tier 1,Software Bug
INC_1705,Escalated,2026-04-19 17:00:00.000000,Brea,Tier 1,Software Bug
INC_1705,Awaiting Info,2026-04-19 19:00:00.000000,Frank,Tier 2 - Software,Software Bug
INC_1705,In Progress,2026-04-20 08:07:19.681778,Brea,Tier 1,Software Bug
INC_1705,Resolved,2026-04-20 11:16:11.839638,Frank,Tier 2 - Software,Software Bug
INC_1705,Closed,2026-04-20 13:16:11.839638,Brea,Tier 1,Software Bug
INC_1706,Ticket Created,2026-04-24 12:00:00.000000,Dani,Tier 1,Software Bug
INC_1706,Escalated,2026-04-24 13:27:54.290067,Dani,Tier 1,Software Bug
INC_1706,In Progress,2026-04-24 13:42:54.290067,Frank,Tier 2 - Software,Software Bug
INC_1706,Resolved,2026-04-25 09:08:41.943202,Frank,Tier 2 - Software,Software Bug
INC_1706,Closed,2026-04-25 10:08:41.943202,Dani,Tier 1,Software Bug
INC_1707,Ticket Created,2026-04-10 16:00:00.000000,Brea,Tier 1,Password Reset
INC_1707,Escalated,2026-04-10 17:28:36.180407,Brea,Tier 1,Password Reset
INC_1707,In Progress,2026-04-10 17:43:36.180407,Grace,Tier 2 - Software,Password Reset
INC_1707,Resolved,2026-04-10 20:41:11.486311,Grace,Tier 2 - Software,Password Reset
INC_1707,Closed,2026-04-10 21:41:11.486311,Brea,Tier 1,Password Reset
INC_1708,Ticket Created,2026-04-04 09:00:00.000000,Alex,Tier 1,Software Bug
INC_1708,Resolved,2026-04-04 10:09:00.000000,Alex,Tier 1,Software Bug
INC_1708,Closed,2026-04-04 10:19:00.000000,Alex,Tier 1,Software Bug
INC_1709,Ticket Created,2026-04-04 13:00:00.000000,Charlie,Tier 1,Network Issue
INC_1709,Escalated,2026-04-04 13:37:21.120990,Charlie,Tier 1,Network Issue
INC_1709,In Progress,2026-04-04 13:52:21.120990,Elena,Tier 2 - Network,Network Issue
INC_1709,Resolved,2026-04-05 01:13:24.117600,Elena,Tier 2 - Network,Network Issue
INC_1709,Closed,2026-04-05 02:13:24.117600,Charlie,Tier 1,Network Issue
INC_1710,Ticket Created,2026-04-24 11:00:00.000000,Alex,Tier 1,Network Issue
INC_1710,Escalated,2026-04-24 12:56:08.692401,Alex,Tier 1,Network Issue
INC_1710,In Progress,2026-04-24 13:11:08.692401,David,Tier 2 - Network,Network Issue
INC_1710,Resolved,2026-04-24 21:26:04.166083,David,Tier 2 - Network,Network Issue
INC_1710,Closed,2026-04-24 22:26:04.166083,Alex,Tier 1,Network Issue
INC_1711,Ticket Created,2026-04-06 11:00:00.000000,Alex,Tier 1,Hardware Failure
INC_1711,Resolved,2026-04-06 11:34:00.000000,Alex,Tier 1,Hardware Failure
INC_1711,Closed,2026-04-06 11:44:00.000000,Alex,Tier 1,Hardware Failure
INC_1712,Ticket Created,2026-04-16 12:00:00.000000,Alex,Tier 1,Software Bug
INC_1712,Escalated,2026-04-16 13:38:44.814432,Alex,Tier 1,Software Bug
INC_1712,In Progress,2026-04-16 13:53:44.814432,Frank,Tier 2 - Software,Software Bug
INC_1712,Resolved,2026-04-16 22:20:29.707749,Frank,Tier 2 - Software,Software Bug
INC_1712,Closed,2026-04-16 23:20:29.707749,Alex,Tier 1,Software Bug
INC_1713,Ticket Created,2026-04-15 14:00:00.000000,Brea,Tier 1,Hardware Failure
INC_1713,Escalated,2026-04-15 15:18:47.205198,Brea,Tier 1,Hardware Failure
INC_1713,In Progress,2026-04-15 15:33:47.205198,Frank,Tier 2 - Software,Hardware Failure
INC_1713,Resolved,2026-04-15 19:12:31.863298,Frank,Tier 2 - Software,Hardware Failure
INC_1713,Closed,2026-04-15 20:12:31.863298,Brea,Tier 1,Hardware Failure
INC_1714,Ticket Created,2026-05-01 16:00:00.000000,Charlie,Tier 1,Hardware Failure
INC_1714,Resolved,2026-05-01 16:26:00.000000,Charlie,Tier 1,Hardware Failure
INC_1714,Closed,2026-05-01 16:36:00.000000,Charlie,Tier 1,Hardware Failure
INC_1715,Ticket Created,2026-04-24 10:00:00.000000,Brea,Tier 1,Network Issue
INC_1715,Escalated,2026-04-24 11:57:56.606249,Brea,Tier 1,Network Issue
INC_1715,In Progress,2026-04-24 12:12:56.606249,David,Tier 2 - Network,Network Issue
INC_1715,Resolved,2026-04-25 05:54:46.827428,David,Tier 2 - Network,Network Issue
INC_1715,Closed,2026-04-25 06:54:46.827428,Brea,Tier 1,Network Issue
INC_1716,Ticket Created,2026-04-27 17:00:00.000000,Charlie,Tier 1,Software Bug
INC_1716,Escalated,2026-04-27 18:00:00.000000,Charlie,Tier 1,Software Bug
INC_1716,Awaiting Info,2026-04-27 20:00:00.000000,Grace,Tier 2 - Software,Software Bug
INC_1716,In Progress,2026-04-28 19:09:42.110399,Charlie,Tier 1,Software Bug
INC_1716,Resolved,2026-04-28 22:07:38.118126,Grace,Tier 2 - Software,Software Bug
INC_1716,Closed,2026-04-29 00:07:38.118126,Charlie,Tier 1,Software Bug
INC_1717,Ticket Created,2026-04-10 12:00:00.000000,Dani,Tier 1,Password Reset
INC_1717,Resolved,2026-04-10 12:24:00.000000,Dani,Tier 1,Password Reset
INC_1717,Closed,2026-04-10 12:34:00.000000,Dani,Tier 1,Password Reset
INC_1718,Ticket Created,2026-04-24 09:00:00.000000,Dani,Tier 1,Hardware Failure
INC_1718,Escalated,2026-04-24 09:55:19.604205,Dani,Tier 1,Hardware Failure
INC_1718,In Progress,2026-04-24 10:10:19.604205,Grace,Tier 2 - Software,Hardware Failure
INC_1718,Resolved,2026-04-24 13:04:22.687089,Grace,Tier 2 - Software,Hardware Failure
INC_1718,Closed,2026-04-24 14:04:22.687089,Dani,Tier 1,Hardware Failure
INC_1719,Ticket Created,2026-04-15 17:00:00.000000,Brea,Tier 1,Software Bug
INC_1719,Escalated,2026-04-15 17:40:26.605343,Brea,Tier 1,Software Bug
INC_1719,In Progress,2026-04-15 17:55:26.605343,Grace,Tier 2 - Software,Software Bug
INC_1719,Resolved,2026-04-16 05:19:18.973246,Grace,Tier 2 - Software,Software Bug
INC_1719,Closed,2026-04-16 06:19:18.973246,Brea,Tier 1,Software Bug
INC_1720,Ticket Created,2026-04-09 14:00:00.000000,Dani,Tier 1,Password Reset
INC_1720,Resolved,2026-04-09 15:28:00.000000,Dani,Tier 1,Password Reset
INC_1720,Closed,2026-04-09 15:38:00.000000,Dani,Tier 1,Password Reset
INC_1721,Ticket Created,2026-04-05 09:00:00.000000,Dani,Tier 1,Software Bug
INC_1721,Resolved,2026-04-05 09:21:00.000000,Dani,Tier 1,Software Bug
INC_1721,Closed,2026-04-05 09:31:00.000000,Dani,Tier 1,Software Bug
INC_1722,Ticket Created,2026-04-04 16:00:00.000000,Dani,Tier 1,Hardware Failure
INC_1722,Escalated,2026-04-04 17:15:51.627614,Dani,Tier 1,Hardware Failure
INC_1722,In Progress,2026-04-04 17:30:51.627614,Grace,Tier 2 - Software,Hardware Failure
INC_1722,Resolved,2026-04-04 18:35:23.373000,Grace,Tier 2 - Software,Hardware Failure
INC_1722,Closed,2026-04-04 19:35:23.373000,Dani,Tier 1,Hardware Failure
INC_1723,Ticket Created,2026-04-02 17:00:00.000000,Brea,Tier 1,Hardware Failure
INC_1723,Resolved,2026-04-02 17:48:00.000000,Brea,Tier 1,Hardware Failure
INC_1723,Closed,2026-04-02 17:58:00.000000,Brea,Tier 1,Hardware Failure
INC_1724,Ticket Created,2026-04-02 13:00:00.000000,Alex,Tier 1,Hardware Failure
INC_1724,Escalated,2026-04-02 14:37:15.045396,Alex,Tier 1,Hardware Failure
INC_1724,In Progress,2026-04-02 14:52:15.045396,Grace,Tier 2 - Software,Hardware Failure
INC_1724,Resolved,2026-04-02 18:46:11.736159,Grace,Tier 2 - Software,Hardware Failure
INC_1724,Closed,2026-04-02 19:46:11.736159,Alex,Tier 1,Hardware Failure
INC_1725,Ticket Created,2026-04-08 09:00:00.000000,Charlie,Tier 1,Hardware Failure
INC_1725,Resolved,2026-04-08 10:18:00.000000,Charlie,Tier 1,Hardware Failure
INC_1725,Closed,2026-04-08 10:28:00.000000,Charlie,Tier 1,Hardware Failure
INC_1726,Ticket Created,2026-04-02 09:00:00.000000,Brea,Tier 1,Software Bug
INC_1726,Escalated,2026-04-02 10:00:00.000000,Brea,Tier 1,Software Bug
INC_1726,Awaiting Info,2026-04-02 12:00:00.000000,Grace,Tier 2 - Software,Software Bug
INC_1726,In Progress,2026-04-03 09:12:01.119648,Brea,Tier 1,Software Bug
INC_1726,Resolved,2026-04-03 15:00:21.558444,Grace,Tier 2 - Software,Software Bug
INC_1726,Closed,2026-04-03 17:00:21.558444,Brea,Tier 1,Software Bug
INC_1727,Ticket Created,2026-04-05 14:00:00.000000,Dani,Tier 1,Network Issue
INC_1727,Escalated,2026-04-05 15:00:00.000000,Dani,Tier 1,Network Issue
INC_1727,Awaiting Info,2026-04-05 17:00:00.000000,David,Tier 2 - Network,Network Issue
INC_1727,In Progress,2026-04-06 08:11:46.544911,Dani,Tier 1,Network Issue
INC_1727,In Progress,2026-04-06 12:11:46.544911,Henry,Tier 3 - Management,Network Issue
INC_1727,Resolved,2026-04-06 18:07:12.313462,David,Tier 2 - Network,Network Issue
INC_1727,Closed,2026-04-06 20:07:12.313462,Dani,Tier 1,Network Issue
INC_1728,Ticket Created,2026-04-05 09:00:00.000000,Brea,Tier 1,Network Issue
INC_1728,Escalated,2026-04-05 10:00:00.000000,Brea,Tier 1,Network Issue
INC_1728,Awaiting Info,2026-04-05 12:00:00.000000,Elena,Tier 2 - Network,Network Issue
INC_1728,In Progress,2026-04-06 08:06:12.412259,Brea,Tier 1,Network Issue
INC_1728,In Progress,2026-04-06 12:06:12.412259,Henry,Tier 3 - Management,Network Issue
INC_1728,Resolved,2026-04-06 14:53:07.282896,Elena,Tier 2 - Network,Network Issue
INC_1728,Closed,2026-04-06 16:53:07.282896,Brea,Tier 1,Network Issue
INC_1729,Ticket Created,2026-04-12 16:00:00.000000,Alex,Tier 1,Software Bug
INC_1729,Escalated,2026-04-12 17:00:00.000000,Alex,Tier 1,Software Bug
INC_1729,Awaiting Info,2026-04-12 19:00:00.000000,Grace,Tier 2 - Software,Software Bug
INC_1729,In Progress,2026-04-13 06:43:47.209924,Alex,Tier 1,Software Bug
INC_1729,Resolved,2026-04-13 09:13:40.385445,Grace,Tier 2 - Software,Software Bug
INC_1729,Closed,2026-04-13 11:13:40.385445,Alex,Tier 1,Software Bug
INC_1730,Ticket Created,2026-04-03 12:00:00.000000,Brea,Tier 1,Network Issue
INC_1730,Resolved,2026-04-03 12:32:00.000000,Brea,Tier 1,Network Issue
INC_1730,Closed,2026-04-03 12:42:00.000000,Brea,Tier 1,Network Issue
INC_1731,Ticket Created,2026-04-07 11:00:00.000000,Dani,Tier 1,Network Issue
INC_1731,Escalated,2026-04-07 12:00:00.000000,Dani,Tier 1,Network Issue
INC_1731,Awaiting Info,2026-04-07 14:00:00.000000,Elena,Tier 2 - Network,Network Issue
INC_1731,In Progress,2026-04-08 05:50:58.475074,Dani,Tier 1,Network Issue
INC_1731,In Progress,2026-04-08 09:50:58.475074,Henry,Tier 3 - Management,Network Issue
INC_1731,Resolved,2026-04-08 12:02:24.616162,Elena,Tier 2 - Network,Network Issue
INC_1731,Closed,2026-04-08 14:02:24.616162,Dani,Tier 1,Network Issue
INC_1732,Ticket Created,2026-04-15 17:00:00.000000,Brea,Tier 1,Password Reset
INC_1732,Resolved,2026-04-15 17:25:00.000000,Brea,Tier 1,Password Reset
INC_1732,Closed,2026-04-15 17:35:00.000000,Brea,Tier 1,Password Reset
INC_1733,Ticket Created,2026-04-06 15:00:00.000000,Alex,Tier 1,Software Bug
INC_1733,Escalated,2026-04-06 16:00:00.000000,Alex,Tier 1,Software Bug
INC_1733,Awaiting Info,2026-04-06 18:00:00.000000,Grace,Tier 2 - Software,Software Bug
INC_1733,In Progress,2026-04-07 06:09:45.416056,Alex,Tier 1,Software Bug
INC_1733,Resolved,2026-04-07 08:39:11.526717,Grace,Tier 2 - Software,Software Bug
INC_1733,Closed,2026-04-07 10:39:11.526717,Alex,Tier 1,Software Bug
INC_1734,Ticket Created,2026-04-26 16:00:00.000000,Dani,Tier 1,Software Bug
INC_1734,Escalated,2026-04-26 17:00:00.000000,Dani,Tier 1,Software Bug
INC_1734,Awaiting Info,2026-04-26 19:00:00.000000,Frank,Tier 2 - Software,Software Bug
INC_1734,In Progress,2026-04-27 17:00:31.641510,Dani,Tier 1,Software Bug
INC_1734,Resolved,2026-04-27 22:21:49.273163,Frank,Tier 2 - Software,Software Bug
INC_1734,Closed,2026-04-28 00:21:49.273163,Dani,Tier 1,Software Bug
INC_1735,Ticket Created,2026-04-30 14:00:00.000000,Charlie,Tier 1,Hardware Failure
INC_1735,Escalated,2026-04-30 15:47:26.631391,Charlie,Tier 1,Hardware Failure
INC_1735,In Progress,2026-04-30 16:02:26.631391,Frank,Tier 2 - Software,Hardware Failure
INC_1735,Resolved,2026-04-30 17:41:24.756678,Frank,Tier 2 - Software,Hardware Failure
INC_1735,Closed,2026-04-30 18:41:24.756678,Charlie,Tier 1,Hardware Failure
INC_1736,Ticket Created,2026-04-25 09:00:00.000000,Charlie,Tier 1,Hardware Failure
INC_1736,Escalated,2026-04-25 10:32:33.369940,Charlie,Tier 1,Hardware Failure
INC_1736,In Progress,2026-04-25 10:47:33.369940,Frank,Tier 2 - Software,Hardware Failure
INC_1736,Resolved,2026-04-25 13:45:12.673191,Frank,Tier 2 - Software,Hardware Failure
INC_1736,Closed,2026-04-25 14:45:12.673191,Charlie,Tier 1,Hardware Failure
INC_1737,Ticket Created,2026-04-04 11:00:00.000000,Brea,Tier 1,Password Reset
INC_1737,Resolved,2026-04-04 11:26:00.000000,Brea,Tier 1,Password Reset
INC_1737,Closed,2026-04-04 11:36:00.000000,Brea,Tier 1,Password Reset
INC_1738,Ticket Created,2026-04-30 10:00:00.000000,Charlie,Tier 1,Software Bug
INC_1738,Escalated,2026-04-30 11:00:00.000000,Charlie,Tier 1,Software Bug
INC_1738,Awaiting Info,2026-04-30 13:00:00.000000,Frank,Tier 2 - Software,Software Bug
INC_1738,In Progress,2026-05-01 01:50:58.181431,Charlie,Tier 1,Software Bug
INC_1738,Resolved,2026-05-01 05:23:17.772126,Frank,Tier 2 - Software,Software Bug
INC_1738,Closed,2026-05-01 07:23:17.772126,Charlie,Tier 1,Software Bug
INC_1739,Ticket Created,2026-04-06 15:00:00.000000,Charlie,Tier 1,Software Bug
INC_1739,Escalated,2026-04-06 15:44:31.487501,Charlie,Tier 1,Software Bug
INC_1739,In Progress,2026-04-06 15:59:31.487501,Grace,Tier 2 - Software,Software Bug
INC_1739,Resolved,2026-04-06 22:57:28.158071,Grace,Tier 2 - Software,Software Bug
INC_1739,Closed,2026-04-06 23:57:28.158071,Charlie,Tier 1,Software Bug
INC_1740,Ticket Created,2026-04-20 09:00:00.000000,Alex,Tier 1,Hardware Failure
INC_1740,Resolved,2026-04-20 10:12:00.000000,Alex,Tier 1,Hardware Failure
INC_1740,Closed,2026-04-20 10:22:00.000000,Alex,Tier 1,Hardware Failure
INC_1741,Ticket Created,2026-04-05 16:00:00.000000,Alex,Tier 1,Software Bug
INC_1741,Escalated,2026-04-05 17:40:10.428269,Alex,Tier 1,Software Bug
INC_1741,In Progress,2026-04-05 17:55:10.428269,Frank,Tier 2 - Software,Software Bug
INC_1741,Resolved,2026-04-06 04:53:41.917439,Frank,Tier 2 - Software,Software Bug
INC_1741,Closed,2026-04-06 05:53:41.917439,Alex,Tier 1,Software Bug
INC_1742,Ticket Created,2026-04-06 11:00:00.000000,Alex,Tier 1,Software Bug
INC_1742,Escalated,2026-04-06 12:00:00.000000,Alex,Tier 1,Software Bug
INC_1742,Awaiting Info,2026-04-06 14:00:00.000000,Grace,Tier 2 - Software,Software Bug
INC_1742,In Progress,2026-04-07 02:38:26.780532,Alex,Tier 1,Software Bug
INC_1742,Resolved,2026-04-07 07:26:35.044598,Grace,Tier 2 - Software,Software Bug
INC_1742,Closed,2026-04-07 09:26:35.044598,Alex,Tier 1,Software Bug
INC_1743,Ticket Created,2026-04-03 11:00:00.000000,Dani,Tier 1,Hardware Failure
INC_1743,Resolved,2026-04-03 11:43:00.000000,Dani,Tier 1,Hardware Failure
INC_1743,Closed,2026-04-03 11:53:00.000000,Dani,Tier 1,Hardware Failure
INC_1744,Ticket Created,2026-04-23 17:00:00.000000,Charlie,Tier 1,Password Reset
INC_1744,Resolved,2026-04-23 18:29:00.000000,Charlie,Tier 1,Password Reset
INC_1744,Closed,2026-04-23 18:39:00.000000,Charlie,Tier 1,Password Reset
INC_1745,Ticket Created,2026-04-22 16:00:00.000000,Brea,Tier 1,Password Reset
INC_1745,Resolved,2026-04-22 16:21:00.000000,Brea,Tier 1,Password Reset
INC_1745,Closed,2026-04-22 16:31:00.000000,Brea,Tier 1,Password Reset
INC_1746,Ticket Created,2026-04-17 13:00:00.000000,Dani,Tier 1,Software Bug
INC_1746,Resolved,2026-04-17 13:33:00.000000,Dani,Tier 1,Software Bug
INC_1746,Closed,2026-04-17 13:43:00.000000,Dani,Tier 1,Software Bug
INC_1747,Ticket Created,2026-04-09 15:00:00.000000,Charlie,Tier 1,Hardware Failure
INC_1747,Resolved,2026-04-09 16:13:00.000000,Charlie,Tier 1,Hardware Failure
INC_1747,Closed,2026-04-09 16:23:00.000000,Charlie,Tier 1,Hardware Failure
INC_1748,Ticket Created,2026-04-27 11:00:00.000000,Alex,Tier 1,Hardware Failure
INC_1748,Resolved,2026-04-27 11:51:00.000000,Alex,Tier 1,Hardware Failure
INC_1748,Closed,2026-04-27 12:01:00.000000,Alex,Tier 1,Hardware Failure
INC_1749,Ticket Created,2026-04-17 14:00:00.000000,Brea,Tier 1,Network Issue
INC_1749,Escalated,2026-04-17 15:36:38.346644,Brea,Tier 1,Network Issue
INC_1749,In Progress,2026-04-17 15:51:38.346644,Elena,Tier 2 - Network,Network Issue
INC_1749,Resolved,2026-04-18 08:05:38.749825,Elena,Tier 2 - Network,Network Issue
INC_1749,Closed,2026-04-18 09:05:38.749825,Brea,Tier 1,Network Issue
INC_1750,Ticket Created,2026-04-11 17:00:00.000000,Alex,Tier 1,Software Bug
INC_1750,Escalated,2026-04-11 18:55:37.796794,Alex,Tier 1,Software Bug
INC_1750,In Progress,2026-04-11 19:10:37.796794,Frank,Tier 2 - Software,Software Bug
INC_1750,Resolved,2026-04-12 04:04:46.824802,Frank,Tier 2 - Software,Software Bug
INC_1750,Closed,2026-04-12 05:04:46.824802,Alex,Tier 1,Software Bug
INC_1751,Ticket Created,2026-04-24 10:00:00.000000,Brea,Tier 1,Password Reset
INC_1751,Resolved,2026-04-24 10:44:00.000000,Brea,Tier 1,Password Reset
INC_1751,Closed,2026-04-24 10:54:00.000000,Brea,Tier 1,Password Reset
INC_1752,Ticket Created,2026-04-03 15:00:00.000000,Charlie,Tier 1,Software Bug
INC_1752,Escalated,2026-04-03 15:54:07.896984,Charlie,Tier 1,Software Bug
INC_1752,In Progress,2026-04-03 16:09:07.896984,Frank,Tier 2 - Software,Software Bug
INC_1752,Resolved,2026-04-04 08:10:46.914483,Frank,Tier 2 - Software,Software Bug
INC_1752,Closed,2026-04-04 09:10:46.914483,Charlie,Tier 1,Software Bug
INC_1753,Ticket Created,2026-04-29 15:00:00.000000,Alex,Tier 1,Hardware Failure
INC_1753,Resolved,2026-04-29 16:10:00.000000,Alex,Tier 1,Hardware Failure
INC_1753,Closed,2026-04-29 16:20:00.000000,Alex,Tier 1,Hardware Failure
INC_1754,Ticket Created,2026-04-27 09:00:00.000000,Charlie,Tier 1,Software Bug
INC_1754,Escalated,2026-04-27 10:00:00.000000,Charlie,Tier 1,Software Bug
INC_1754,Awaiting Info,2026-04-27 12:00:00.000000,Grace,Tier 2 - Software,Software Bug
INC_1754,In Progress,2026-04-28 06:18:42.032212,Charlie,Tier 1,Software Bug
INC_1754,Resolved,2026-04-28 08:32:23.796601,Grace,Tier 2 - Software,Software Bug
INC_1754,Closed,2026-04-28 10:32:23.796601,Charlie,Tier 1,Software Bug
INC_1755,Ticket Created,2026-04-16 16:00:00.000000,Brea,Tier 1,Software Bug
INC_1755,Escalated,2026-04-16 17:07:14.088320,Brea,Tier 1,Software Bug
INC_1755,In Progress,2026-04-16 17:22:14.088320,Grace,Tier 2 - Software,Software Bug
INC_1755,Resolved,2026-04-17 04:33:38.471422,Grace,Tier 2 - Software,Software Bug
INC_1755,Closed,2026-04-17 05:33:38.471422,Brea,Tier 1,Software Bug
INC_1756,Ticket Created,2026-04-16 12:00:00.000000,Alex,Tier 1,Network Issue
INC_1756,Escalated,2026-04-16 13:40:59.325391,Alex,Tier 1,Network Issue
INC_1756,In Progress,2026-04-16 13:55:59.325391,Elena,Tier 2 - Network,Network Issue
INC_1756,Resolved,2026-04-16 22:26:15.932713,Elena,Tier 2 - Network,Network Issue
INC_1756,Closed,2026-04-16 23:26:15.932713,Alex,Tier 1,Network Issue
INC_1757,Ticket Created,2026-04-16 14:00:00.000000,Brea,Tier 1,Hardware Failure
INC_1757,Escalated,2026-04-16 14:47:36.907808,Brea,Tier 1,Hardware Failure
INC_1757,In Progress,2026-04-16 15:02:36.907808,Grace,Tier 2 - Software,Hardware Failure
INC_1757,Resolved,2026-04-16 16:33:52.587121,Grace,Tier 2 - Software,Hardware Failure
INC_1757,Closed,2026-04-16 17:33:52.587121,Brea,Tier 1,Hardware Failure
INC_1758,Ticket Created,2026-04-04 15:00:00.000000,Charlie,Tier 1,Password Reset
INC_1758,Resolved,2026-04-04 16:09:00.000000,Charlie,Tier 1,Password Reset
INC_1758,Closed,2026-04-04 16:19:00.000000,Charlie,Tier 1,Password Reset
INC_1759,Ticket Created,2026-04-12 12:00:00.000000,Brea,Tier 1,Hardware Failure
INC_1759,Resolved,2026-04-12 13:18:00.000000,Brea,Tier 1,Hardware Failure
INC_1759,Closed,2026-04-12 13:28:00.000000,Brea,Tier 1,Hardware Failure
INC_1760,Ticket Created,2026-04-29 09:00:00.000000,Alex,Tier 1,Password Reset
INC_1760,Resolved,2026-04-29 10:04:00.000000,Alex,Tier 1,Password Reset
INC_1760,Closed,2026-04-29 10:14:00.000000,Alex,Tier 1,Password Reset
INC_1761,Ticket Created,2026-05-01 17:00:00.000000,Charlie,Tier 1,Hardware Failure
INC_1761,Resolved,2026-05-01 18:05:00.000000,Charlie,Tier 1,Hardware Failure
INC_1761,Closed,2026-05-01 18:15:00.000000,Charlie,Tier 1,Hardware Failure
INC_1762,Ticket Created,2026-04-24 17:00:00.000000,Charlie,Tier 1,Hardware Failure
INC_1762,Resolved,2026-04-24 17:33:00.000000,Charlie,Tier 1,Hardware Failure
INC_1762,Closed,2026-04-24 17:43:00.000000,Charlie,Tier 1,Hardware Failure
INC_1763,Ticket Created,2026-04-05 10:00:00.000000,Alex,Tier 1,Hardware Failure
INC_1763,Resolved,2026-04-05 10:36:00.000000,Alex,Tier 1,Hardware Failure
INC_1763,Closed,2026-04-05 10:46:00.000000,Alex,Tier 1,Hardware Failure
INC_1764,Ticket Created,2026-04-11 17:00:00.000000,Alex,Tier 1,Network Issue
INC_1764,Escalated,2026-04-11 18:00:00.000000,Alex,Tier 1,Network Issue
INC_1764,Awaiting Info,2026-04-11 20:00:00.000000,Elena,Tier 2 - Network,Network Issue
INC_1764,In Progress,2026-04-12 19:03:20.170709,Alex,Tier 1,Network Issue
INC_1764,In Progress,2026-04-12 23:03:20.170709,Henry,Tier 3 - Management,Network Issue
INC_1764,Resolved,2026-04-13 02:02:02.311208,Elena,Tier 2 - Network,Network Issue
INC_1764,Closed,2026-04-13 04:02:02.311208,Alex,Tier 1,Network Issue
INC_1765,Ticket Created,2026-04-23 11:00:00.000000,Alex,Tier 1,Hardware Failure
INC_1765,Escalated,2026-04-23 11:59:59.200457,Alex,Tier 1,Hardware Failure
INC_1765,In Progress,2026-04-23 12:14:59.200457,Grace,Tier 2 - Software,Hardware Failure
INC_1765,Resolved,2026-04-23 13:32:24.877278,Grace,Tier 2 - Software,Hardware Failure
INC_1765,Closed,2026-04-23 14:32:24.877278,Alex,Tier 1,Hardware Failure
INC_1766,Ticket Created,2026-04-19 15:00:00.000000,Brea,Tier 1,Network Issue
INC_1766,Escalated,2026-04-19 16:00:00.000000,Brea,Tier 1,Network Issue
INC_1766,Awaiting Info,2026-04-19 18:00:00.000000,Elena,Tier 2 - Network,Network Issue
INC_1766,In Progress,2026-04-20 04:26:44.258160,Brea,Tier 1,Network Issue
INC_1766,In Progress,2026-04-20 08:26:44.258160,Henry,Tier 3 - Management,Network Issue
INC_1766,Resolved,2026-04-20 10:34:21.854285,Elena,Tier 2 - Network,Network Issue
INC_1766,Closed,2026-04-20 12:34:21.854285,Brea,Tier 1,Network Issue
INC_1767,Ticket Created,2026-04-12 13:00:00.000000,Brea,Tier 1,Hardware Failure
INC_1767,Resolved,2026-04-12 14:04:00.000000,Brea,Tier 1,Hardware Failure
INC_1767,Closed,2026-04-12 14:14:00.000000,Brea,Tier 1,Hardware Failure
INC_1768,Ticket Created,2026-04-28 12:00:00.000000,Dani,Tier 1,Password Reset
INC_1768,Resolved,2026-04-28 12:37:00.000000,Dani,Tier 1,Password Reset
INC_1768,Closed,2026-04-28 12:47:00.000000,Dani,Tier 1,Password Reset
INC_1769,Ticket Created,2026-04-09 10:00:00.000000,Dani,Tier 1,Network Issue
INC_1769,Escalated,2026-04-09 11:00:00.000000,Dani,Tier 1,Network Issue
INC_1769,Awaiting Info,2026-04-09 13:00:00.000000,Elena,Tier 2 - Network,Network Issue
INC_1769,In Progress,2026-04-10 10:33:55.958093,Dani,Tier 1,Network Issue
INC_1769,In Progress,2026-04-10 14:33:55.958093,Henry,Tier 3 - Management,Network Issue
INC_1769,Resolved,2026-04-10 16:56:43.183518,Elena,Tier 2 - Network,Network Issue
INC_1769,Closed,2026-04-10 18:56:43.183518,Dani,Tier 1,Network Issue
INC_1770,Ticket Created,2026-04-06 11:00:00.000000,Charlie,Tier 1,Network Issue
INC_1770,Resolved,2026-04-06 11:38:00.000000,Charlie,Tier 1,Network Issue
INC_1770,Closed,2026-04-06 11:48:00.000000,Charlie,Tier 1,Network Issue
INC_1771,Ticket Created,2026-04-01 17:00:00.000000,Charlie,Tier 1,Password Reset
INC_1771,Resolved,2026-04-01 17:48:00.000000,Charlie,Tier 1,Password Reset
INC_1771,Closed,2026-04-01 17:58:00.000000,Charlie,Tier 1,Password Reset
INC_1772,Ticket Created,2026-04-20 09:00:00.000000,Charlie,Tier 1,Software Bug
INC_1772,Escalated,2026-04-20 10:00:00.000000,Charlie,Tier 1,Software Bug
INC_1772,Awaiting Info,2026-04-20 12:00:00.000000,Frank,Tier 2 - Software,Software Bug
INC_1772,In Progress,2026-04-21 11:16:36.640617,Charlie,Tier 1,Software Bug
INC_1772,Resolved,2026-04-21 16:49:37.261573,Frank,Tier 2 - Software,Software Bug
INC_1772,Closed,2026-04-21 18:49:37.261573,Charlie,Tier 1,Software Bug
INC_1773,Ticket Created,2026-04-24 16:00:00.000000,Brea,Tier 1,Hardware Failure
INC_1773,Escalated,2026-04-24 16:33:24.130230,Brea,Tier 1,Hardware Failure
INC_1773,In Progress,2026-04-24 16:48:24.130230,Grace,Tier 2 - Software,Hardware Failure
INC_1773,Resolved,2026-04-24 17:52:28.443847,Grace,Tier 2 - Software,Hardware Failure
INC_1773,Closed,2026-04-24 18:52:28.443847,Brea,Tier 1,Hardware Failure
INC_1774,Ticket Created,2026-04-25 15:00:00.000000,Alex,Tier 1,Software Bug
INC_1774,Escalated,2026-04-25 16:00:00.000000,Alex,Tier 1,Software Bug
INC_1774,Awaiting Info,2026-04-25 18:00:00.000000,Grace,Tier 2 - Software,Software Bug
INC_1774,In Progress,2026-04-26 07:10:36.564295,Alex,Tier 1,Software Bug
INC_1774,Resolved,2026-04-26 10:47:36.848161,Grace,Tier 2 - Software,Software Bug
INC_1774,Closed,2026-04-26 12:47:36.848161,Alex,Tier 1,Software Bug
INC_1775,Ticket Created,2026-04-07 15:00:00.000000,Dani,Tier 1,Software Bug
INC_1775,Escalated,2026-04-07 16:00:00.000000,Dani,Tier 1,Software Bug
INC_1775,Awaiting Info,2026-04-07 18:00:00.000000,Grace,Tier 2 - Software,Software Bug
INC_1775,In Progress,2026-04-08 16:22:30.036282,Dani,Tier 1,Software Bug
INC_1775,Resolved,2026-04-08 21:50:02.465848,Grace,Tier 2 - Software,Software Bug
INC_1775,Closed,2026-04-08 23:50:02.465848,Dani,Tier 1,Software Bug
INC_1776,Ticket Created,2026-04-17 17:00:00.000000,Dani,Tier 1,Hardware Failure
INC_1776,Resolved,2026-04-17 17:48:00.000000,Dani,Tier 1,Hardware Failure
INC_1776,Closed,2026-04-17 17:58:00.000000,Dani,Tier 1,Hardware Failure
INC_1777,Ticket Created,2026-04-15 10:00:00.000000,Alex,Tier 1,Hardware Failure
INC_1777,Resolved,2026-04-15 10:50:00.000000,Alex,Tier 1,Hardware Failure
INC_1777,Closed,2026-04-15 11:00:00.000000,Alex,Tier 1,Hardware Failure
INC_1778,Ticket Created,2026-04-29 14:00:00.000000,Dani,Tier 1,Password Reset
INC_1778,Resolved,2026-04-29 14:20:00.000000,Dani,Tier 1,Password Reset
INC_1778,Closed,2026-04-29 14:30:00.000000,Dani,Tier 1,Password Reset
INC_1779,Ticket Created,2026-04-21 16:00:00.000000,Charlie,Tier 1,Software Bug
INC_1779,Escalated,2026-04-21 16:54:00.048317,Charlie,Tier 1,Software Bug
INC_1779,In Progress,2026-04-21 17:09:00.048317,Frank,Tier 2 - Software,Software Bug
INC_1779,Resolved,2026-04-21 23:02:53.034173,Frank,Tier 2 - Software,Software Bug
INC_1779,Closed,2026-04-22 00:02:53.034173,Charlie,Tier 1,Software Bug
INC_1780,Ticket Created,2026-04-21 10:00:00.000000,Brea,Tier 1,Hardware Failure
INC_1780,Escalated,2026-04-21 11:04:22.044490,Brea,Tier 1,Hardware Failure
INC_1780,In Progress,2026-04-21 11:19:22.044490,Grace,Tier 2 - Software,Hardware Failure
INC_1780,Resolved,2026-04-21 14:00:09.299186,Grace,Tier 2 - Software,Hardware Failure
INC_1780,Closed,2026-04-21 15:00:09.299186,Brea,Tier 1,Hardware Failure
INC_1781,Ticket Created,2026-04-25 09:00:00.000000,Charlie,Tier 1,Password Reset
INC_1781,Resolved,2026-04-25 10:29:00.000000,Charlie,Tier 1,Password Reset
INC_1781,Closed,2026-04-25 10:39:00.000000,Charlie,Tier 1,Password Reset
INC_1782,Ticket Created,2026-04-08 15:00:00.000000,Alex,Tier 1,Password Reset
INC_1782,Resolved,2026-04-08 16:00:00.000000,Alex,Tier 1,Password Reset
INC_1782,Closed,2026-04-08 16:10:00.000000,Alex,Tier 1,Password Reset
INC_1783,Ticket Created,2026-04-24 14:00:00.000000,Brea,Tier 1,Network Issue
INC_1783,Escalated,2026-04-24 15:00:00.000000,Brea,Tier 1,Network Issue
INC_1783,Awaiting Info,2026-04-24 17:00:00.000000,David,Tier 2 - Network,Network Issue
INC_1783,In Progress,2026-04-25 12:20:44.097372,Brea,Tier 1,Network Issue
INC_1783,In Progress,2026-04-25 16:20:44.097372,Henry,Tier 3 - Management,Network Issue
INC_1783,Resolved,2026-04-25 21:56:36.089004,David,Tier 2 - Network,Network Issue
INC_1783,Closed,2026-04-25 23:56:36.089004,Brea,Tier 1,Network Issue
INC_1784,Ticket Created,2026-04-22 17:00:00.000000,Dani,Tier 1,Network Issue
INC_1784,Escalated,2026-04-22 18:56:05.616907,Dani,Tier 1,Network Issue
INC_1784,In Progress,2026-04-22 19:11:05.616907,David,Tier 2 - Network,Network Issue
INC_1784,Resolved,2026-04-23 10:14:47.477797,David,Tier 2 - Network,Network Issue
INC_1784,Closed,2026-04-23 11:14:47.477797,Dani,Tier 1,Network Issue
INC_1785,Ticket Created,2026-04-11 16:00:00.000000,Dani,Tier 1,Software Bug
INC_1785,Escalated,2026-04-11 17:09:10.033253,Dani,Tier 1,Software Bug
INC_1785,In Progress,2026-04-11 17:24:10.033253,Grace,Tier 2 - Software,Software Bug
INC_1785,Resolved,2026-04-11 23:34:29.910249,Grace,Tier 2 - Software,Software Bug
INC_1785,Closed,2026-04-12 00:34:29.910249,Dani,Tier 1,Software Bug
INC_1786,Ticket Created,2026-04-04 14:00:00.000000,Alex,Tier 1,Hardware Failure
INC_1786,Resolved,2026-04-04 15:18:00.000000,Alex,Tier 1,Hardware Failure
INC_1786,Closed,2026-04-04 15:28:00.000000,Alex,Tier 1,Hardware Failure
INC_1787,Ticket Created,2026-04-18 15:00:00.000000,Dani,Tier 1,Software Bug
INC_1787,Resolved,2026-04-18 16:28:00.000000,Dani,Tier 1,Software Bug
INC_1787,Closed,2026-04-18 16:38:00.000000,Dani,Tier 1,Software Bug
INC_1788,Ticket Created,2026-04-09 12:00:00.000000,Alex,Tier 1,Network Issue
INC_1788,Escalated,2026-04-09 13:47:38.479705,Alex,Tier 1,Network Issue
INC_1788,In Progress,2026-04-09 14:02:38.479705,Elena,Tier 2 - Network,Network Issue
INC_1788,Resolved,2026-04-10 00:27:06.081329,Elena,Tier 2 - Network,Network Issue
INC_1788,Closed,2026-04-10 01:27:06.081329,Alex,Tier 1,Network Issue
INC_1789,Ticket Created,2026-04-14 12:00:00.000000,Alex,Tier 1,Password Reset
INC_1789,Resolved,2026-04-14 13:22:00.000000,Alex,Tier 1,Password Reset
INC_1789,Closed,2026-04-14 13:32:00.000000,Alex,Tier 1,Password Reset
INC_1790,Ticket Created,2026-04-07 13:00:00.000000,Charlie,Tier 1,Password Reset
INC_1790,Resolved,2026-04-07 14:15:00.000000,Charlie,Tier 1,Password Reset
INC_1790,Closed,2026-04-07 14:25:00.000000,Charlie,Tier 1,Password Reset
INC_1791,Ticket Created,2026-04-16 17:00:00.000000,Charlie,Tier 1,Network Issue
INC_1791,Resolved,2026-04-16 17:47:00.000000,Charlie,Tier 1,Network Issue
INC_1791,Closed,2026-04-16 17:57:00.000000,Charlie,Tier 1,Network Issue
INC_1792,Ticket Created,2026-04-02 11:00:00.000000,Brea,Tier 1,Software Bug
INC_1792,Escalated,2026-04-02 12:09:29.662592,Brea,Tier 1,Software Bug
INC_1792,In Progress,2026-04-02 12:24:29.662592,Grace,Tier 2 - Software,Software Bug
INC_1792,Resolved,2026-04-03 08:06:05.354171,Grace,Tier 2 - Software,Software Bug
INC_1792,Closed,2026-04-03 09:06:05.354171,Brea,Tier 1,Software Bug
INC_1793,Ticket Created,2026-04-21 16:00:00.000000,Charlie,Tier 1,Software Bug
INC_1793,Escalated,2026-04-21 17:00:00.000000,Charlie,Tier 1,Software Bug
INC_1793,Awaiting Info,2026-04-21 19:00:00.000000,Frank,Tier 2 - Software,Software Bug
INC_1793,In Progress,2026-04-22 13:23:01.589960,Charlie,Tier 1,Software Bug
INC_1793,Resolved,2026-04-22 18:09:56.596142,Frank,Tier 2 - Software,Software Bug
INC_1793,Closed,2026-04-22 20:09:56.596142,Charlie,Tier 1,Software Bug
INC_1794,Ticket Created,2026-04-19 09:00:00.000000,Alex,Tier 1,Password Reset
INC_1794,Resolved,2026-04-19 10:15:00.000000,Alex,Tier 1,Password Reset
INC_1794,Closed,2026-04-19 10:25:00.000000,Alex,Tier 1,Password Reset
INC_1795,Ticket Created,2026-04-04 11:00:00.000000,Dani,Tier 1,Software Bug
INC_1795,Resolved,2026-04-04 12:01:00.000000,Dani,Tier 1,Software Bug
INC_1795,Closed,2026-04-04 12:11:00.000000,Dani,Tier 1,Software Bug
INC_1796,Ticket Created,2026-04-08 16:00:00.000000,Dani,Tier 1,Software Bug
INC_1796,Escalated,2026-04-08 17:54:47.796380,Dani,Tier 1,Software Bug
INC_1796,In Progress,2026-04-08 18:09:47.796380,Grace,Tier 2 - Software,Software Bug
INC_1796,Resolved,2026-04-09 07:31:20.508243,Grace,Tier 2 - Software,Software Bug
INC_1796,Closed,2026-04-09 08:31:20.508243,Dani,Tier 1,Software Bug
INC_1797,Ticket Created,2026-04-02 10:00:00.000000,Charlie,Tier 1,Hardware Failure
INC_1797,Escalated,2026-04-02 10:56:29.445999,Charlie,Tier 1,Hardware Failure
INC_1797,In Progress,2026-04-02 11:11:29.445999,Grace,Tier 2 - Software,Hardware Failure
INC_1797,Resolved,2026-04-02 12:35:00.847187,Grace,Tier 2 - Software,Hardware Failure
INC_1797,Closed,2026-04-02 13:35:00.847187,Charlie,Tier 1,Hardware Failure
INC_1798,Ticket Created,2026-04-01 10:00:00.000000,Charlie,Tier 1,Software Bug
INC_1798,Escalated,2026-04-01 11:00:00.000000,Charlie,Tier 1,Software Bug
INC_1798,Awaiting Info,2026-04-01 13:00:00.000000,Grace,Tier 2 - Software,Software Bug
INC_1798,In Progress,2026-04-02 08:39:46.321048,Charlie,Tier 1,Software Bug
INC_1798,Resolved,2026-04-02 12:28:28.232548,Grace,Tier 2 - Software,Software Bug
INC_1798,Closed,2026-04-02 14:28:28.232548,Charlie,Tier 1,Software Bug
INC_1799,Ticket Created,2026-04-16 17:00:00.000000,Alex,Tier 1,Password Reset
INC_1799,Resolved,2026-04-16 17:20:00.000000,Alex,Tier 1,Password Reset
INC_1799,Closed,2026-04-16 17:30:00.000000,Alex,Tier 1,Password Reset
INC_1800,Ticket Created,2026-05-01 13:00:00.000000,Alex,Tier 1,Password Reset
INC_1800,Resolved,2026-05-01 13:57:00.000000,Alex,Tier 1,Password Reset
INC_1800,Closed,2026-05-01 14:07:00.000000,Alex,Tier 1,Password Reset
INC_1801,Ticket Created,2026-04-18 11:00:00.000000,Dani,Tier 1,Hardware Failure
INC_1801,Resolved,2026-04-18 12:06:00.000000,Dani,Tier 1,Hardware Failure
INC_1801,Closed,2026-04-18 12:16:00.000000,Dani,Tier 1,Hardware Failure
INC_1802,Ticket Created,2026-04-24 15:00:00.000000,Charlie,Tier 1,Network Issue
INC_1802,Escalated,2026-04-24 16:49:32.703620,Charlie,Tier 1,Network Issue
INC_1802,In Progress,2026-04-24 17:04:32.703620,David,Tier 2 - Network,Network Issue
INC_1802,Resolved,2026-04-25 08:37:14.421791,David,Tier 2 - Network,Network Issue
INC_1802,Closed,2026-04-25 09:37:14.421791,Charlie,Tier 1,Network Issue
INC_1803,Ticket Created,2026-04-11 16:00:00.000000,Brea,Tier 1,Software Bug
INC_1803,Escalated,2026-04-11 17:02:01.937179,Brea,Tier 1,Software Bug
INC_1803,In Progress,2026-04-11 17:17:01.937179,Frank,Tier 2 - Software,Software Bug
INC_1803,Resolved,2026-04-12 02:40:52.925049,Frank,Tier 2 - Software,Software Bug
INC_1803,Closed,2026-04-12 03:40:52.925049,Brea,Tier 1,Software Bug
INC_1804,Ticket Created,2026-05-01 14:00:00.000000,Brea,Tier 1,Network Issue
INC_1804,Escalated,2026-05-01 15:36:35.727892,Brea,Tier 1,Network Issue
INC_1804,In Progress,2026-05-01 15:51:35.727892,David,Tier 2 - Network,Network Issue
INC_1804,Resolved,2026-05-01 23:20:12.611541,David,Tier 2 - Network,Network Issue
INC_1804,Closed,2026-05-02 00:20:12.611541,Brea,Tier 1,Network Issue
INC_1805,Ticket Created,2026-04-07 11:00:00.000000,Alex,Tier 1,Hardware Failure
INC_1805,Resolved,2026-04-07 12:15:00.000000,Alex,Tier 1,Hardware Failure
INC_1805,Closed,2026-04-07 12:25:00.000000,Alex,Tier 1,Hardware Failure
INC_1806,Ticket Created,2026-04-16 17:00:00.000000,Brea,Tier 1,Password Reset
INC_1806,Escalated,2026-04-16 18:02:16.465321,Brea,Tier 1,Password Reset
INC_1806,In Progress,2026-04-16 18:17:16.465321,Grace,Tier 2 - Software,Password Reset
INC_1806,Resolved,2026-04-16 20:23:26.570569,Grace,Tier 2 - Software,Password Reset
INC_1806,Closed,2026-04-16 21:23:26.570569,Brea,Tier 1,Password Reset
INC_1807,Ticket Created,2026-04-18 09:00:00.000000,Dani,Tier 1,Password Reset
INC_1807,Resolved,2026-04-18 10:08:00.000000,Dani,Tier 1,Password Reset
INC_1807,Closed,2026-04-18 10:18:00.000000,Dani,Tier 1,Password Reset
INC_1808,Ticket Created,2026-04-16 10:00:00.000000,Alex,Tier 1,Software Bug
INC_1808,Escalated,2026-04-16 11:00:00.000000,Alex,Tier 1,Software Bug
INC_1808,Awaiting Info,2026-04-16 13:00:00.000000,Grace,Tier 2 - Software,Software Bug
INC_1808,In Progress,2026-04-17 08:45:49.788164,Alex,Tier 1,Software Bug
INC_1808,Resolved,2026-04-17 14:18:01.084574,Grace,Tier 2 - Software,Software Bug
INC_1808,Closed,2026-04-17 16:18:01.084574,Alex,Tier 1,Software Bug
INC_1809,Ticket Created,2026-04-11 14:00:00.000000,Charlie,Tier 1,Hardware Failure
INC_1809,Escalated,2026-04-11 15:17:13.127445,Charlie,Tier 1,Hardware Failure
INC_1809,In Progress,2026-04-11 15:32:13.127445,Grace,Tier 2 - Software,Hardware Failure
INC_1809,Resolved,2026-04-11 19:55:04.557640,Grace,Tier 2 - Software,Hardware Failure
INC_1809,Closed,2026-04-11 20:55:04.557640,Charlie,Tier 1,Hardware Failure
INC_1810,Ticket Created,2026-04-12 13:00:00.000000,Alex,Tier 1,Software Bug
INC_1810,Escalated,2026-04-12 13:58:13.563573,Alex,Tier 1,Software Bug
INC_1810,In Progress,2026-04-12 14:13:13.563573,Frank,Tier 2 - Software,Software Bug
INC_1810,Resolved,2026-04-13 03:40:37.255807,Frank,Tier 2 - Software,Software Bug
INC_1810,Closed,2026-04-13 04:40:37.255807,Alex,Tier 1,Software Bug
INC_1811,Ticket Created,2026-04-08 17:00:00.000000,Brea,Tier 1,Password Reset
INC_1811,Resolved,2026-04-08 17:42:00.000000,Brea,Tier 1,Password Reset
INC_1811,Closed,2026-04-08 17:52:00.000000,Brea,Tier 1,Password Reset
INC_1812,Ticket Created,2026-04-02 15:00:00.000000,Alex,Tier 1,Password Reset
INC_1812,Resolved,2026-04-02 15:32:00.000000,Alex,Tier 1,Password Reset
INC_1812,Closed,2026-04-02 15:42:00.000000,Alex,Tier 1,Password Reset
INC_1813,Ticket Created,2026-04-11 12:00:00.000000,Brea,Tier 1,Hardware Failure
INC_1813,Escalated,2026-04-11 13:18:53.921440,Brea,Tier 1,Hardware Failure
INC_1813,In Progress,2026-04-11 13:33:53.921440,Frank,Tier 2 - Software,Hardware Failure
INC_1813,Resolved,2026-04-11 16:24:41.929561,Frank,Tier 2 - Software,Hardware Failure
INC_1813,Closed,2026-04-11 17:24:41.929561,Brea,Tier 1,Hardware Failure
INC_1814,Ticket Created,2026-04-22 12:00:00.000000,Charlie,Tier 1,Hardware Failure
INC_1814,Escalated,2026-04-22 13:15:37.763566,Charlie,Tier 1,Hardware Failure
INC_1814,In Progress,2026-04-22 13:30:37.763566,Grace,Tier 2 - Software,Hardware Failure
INC_1814,Resolved,2026-04-22 14:51:52.210823,Grace,Tier 2 - Software,Hardware Failure
INC_1814,Closed,2026-04-22 15:51:52.210823,Charlie,Tier 1,Hardware Failure
INC_1815,Ticket Created,2026-04-11 16:00:00.000000,Brea,Tier 1,Hardware Failure
INC_1815,Escalated,2026-04-11 16:36:17.488556,Brea,Tier 1,Hardware Failure
INC_1815,In Progress,2026-04-11 16:51:17.488556,Grace,Tier 2 - Software,Hardware Failure
INC_1815,Resolved,2026-04-11 18:14:09.462786,Grace,Tier 2 - Software,Hardware Failure
INC_1815,Closed,2026-04-11 19:14:09.462786,Brea,Tier 1,Hardware Failure
INC_1816,Ticket Created,2026-04-30 12:00:00.000000,Charlie,Tier 1,Software Bug
INC_1816,Escalated,2026-04-30 13:00:00.000000,Charlie,Tier 1,Software Bug
INC_1816,Awaiting Info,2026-04-30 15:00:00.000000,Frank,Tier 2 - Software,Software Bug
INC_1816,In Progress,2026-05-01 08:56:11.768149,Charlie,Tier 1,Software Bug
INC_1816,Resolved,2026-05-01 12:20:57.203368,Frank,Tier 2 - Software,Software Bug
INC_1816,Closed,2026-05-01 14:20:57.203368,Charlie,Tier 1,Software Bug
INC_1817,Ticket Created,2026-04-18 14:00:00.000000,Brea,Tier 1,Software Bug
INC_1817,Escalated,2026-04-18 14:58:06.380130,Brea,Tier 1,Software Bug
INC_1817,In Progress,2026-04-18 15:13:06.380130,Frank,Tier 2 - Software,Software Bug
INC_1817,Resolved,2026-04-19 03:30:30.068915,Frank,Tier 2 - Software,Software Bug
INC_1817,Closed,2026-04-19 04:30:30.068915,Brea,Tier 1,Software Bug
INC_1818,Ticket Created,2026-04-01 12:00:00.000000,Alex,Tier 1,Software Bug
INC_1818,Escalated,2026-04-01 13:00:00.000000,Alex,Tier 1,Software Bug
INC_1818,Awaiting Info,2026-04-01 15:00:00.000000,Grace,Tier 2 - Software,Software Bug
INC_1818,In Progress,2026-04-02 10:20:25.336148,Alex,Tier 1,Software Bug
INC_1818,Resolved,2026-04-02 15:48:25.572478,Grace,Tier 2 - Software,Software Bug
INC_1818,Closed,2026-04-02 17:48:25.572478,Alex,Tier 1,Software Bug
INC_1819,Ticket Created,2026-04-18 10:00:00.000000,Dani,Tier 1,Software Bug
INC_1819,Escalated,2026-04-18 11:00:00.000000,Dani,Tier 1,Software Bug
INC_1819,Awaiting Info,2026-04-18 13:00:00.000000,Frank,Tier 2 - Software,Software Bug
INC_1819,In Progress,2026-04-19 08:22:05.497125,Dani,Tier 1,Software Bug
INC_1819,Resolved,2026-04-19 14:13:22.372517,Frank,Tier 2 - Software,Software Bug
INC_1819,Closed,2026-04-19 16:13:22.372517,Dani,Tier 1,Software Bug
INC_1820,Ticket Created,2026-04-03 12:00:00.000000,Brea,Tier 1,Software Bug
INC_1820,Resolved,2026-04-03 13:06:00.000000,Brea,Tier 1,Software Bug
INC_1820,Closed,2026-04-03 13:16:00.000000,Brea,Tier 1,Software Bug
INC_1821,Ticket Created,2026-04-20 09:00:00.000000,Dani,Tier 1,Network Issue
INC_1821,Escalated,2026-04-20 10:57:34.063541,Dani,Tier 1,Network Issue
INC_1821,In Progress,2026-04-20 11:12:34.063541,Elena,Tier 2 - Network,Network Issue
INC_1821,Resolved,2026-04-21 00:32:00.372648,Elena,Tier 2 - Network,Network Issue
INC_1821,Closed,2026-04-21 01:32:00.372648,Dani,Tier 1,Network Issue
INC_1822,Ticket Created,2026-04-11 11:00:00.000000,Charlie,Tier 1,Software Bug
INC_1822,Escalated,2026-04-11 12:00:00.000000,Charlie,Tier 1,Software Bug
INC_1822,Awaiting Info,2026-04-11 14:00:00.000000,Grace,Tier 2 - Software,Software Bug
INC_1822,In Progress,2026-04-12 06:26:43.793176,Charlie,Tier 1,Software Bug
INC_1822,Resolved,2026-04-12 09:55:38.815950,Grace,Tier 2 - Software,Software Bug
INC_1822,Closed,2026-04-12 11:55:38.815950,Charlie,Tier 1,Software Bug
INC_1823,Ticket Created,2026-04-06 16:00:00.000000,Brea,Tier 1,Password Reset
INC_1823,Resolved,2026-04-06 17:23:00.000000,Brea,Tier 1,Password Reset
INC_1823,Closed,2026-04-06 17:33:00.000000,Brea,Tier 1,Password Reset
INC_1824,Ticket Created,2026-04-13 17:00:00.000000,Brea,Tier 1,Software Bug
INC_1824,Escalated,2026-04-13 18:00:00.000000,Brea,Tier 1,Software Bug
INC_1824,Awaiting Info,2026-04-13 20:00:00.000000,Grace,Tier 2 - Software,Software Bug
INC_1824,In Progress,2026-04-14 14:16:50.778939,Brea,Tier 1,Software Bug
INC_1824,Resolved,2026-04-14 20:07:08.544314,Grace,Tier 2 - Software,Software Bug
INC_1824,Closed,2026-04-14 22:07:08.544314,Brea,Tier 1,Software Bug
INC_1825,Ticket Created,2026-04-26 13:00:00.000000,Alex,Tier 1,Password Reset
INC_1825,Resolved,2026-04-26 14:23:00.000000,Alex,Tier 1,Password Reset
INC_1825,Closed,2026-04-26 14:33:00.000000,Alex,Tier 1,Password Reset
INC_1826,Ticket Created,2026-04-16 16:00:00.000000,Charlie,Tier 1,Password Reset
INC_1826,Resolved,2026-04-16 17:07:00.000000,Charlie,Tier 1,Password Reset
INC_1826,Closed,2026-04-16 17:17:00.000000,Charlie,Tier 1,Password Reset
INC_1827,Ticket Created,2026-04-18 09:00:00.000000,Charlie,Tier 1,Network Issue
INC_1827,Escalated,2026-04-18 10:00:00.000000,Charlie,Tier 1,Network Issue
INC_1827,Awaiting Info,2026-04-18 12:00:00.000000,David,Tier 2 - Network,Network Issue
INC_1827,In Progress,2026-04-19 10:50:47.439306,Charlie,Tier 1,Network Issue
INC_1827,In Progress,2026-04-19 14:50:47.439306,Henry,Tier 3 - Management,Network Issue
INC_1827,Resolved,2026-04-19 19:34:20.223621,David,Tier 2 - Network,Network Issue
INC_1827,Closed,2026-04-19 21:34:20.223621,Charlie,Tier 1,Network Issue
INC_1828,Ticket Created,2026-05-01 16:00:00.000000,Dani,Tier 1,Hardware Failure
INC_1828,Resolved,2026-05-01 17:05:00.000000,Dani,Tier 1,Hardware Failure
INC_1828,Closed,2026-05-01 17:15:00.000000,Dani,Tier 1,Hardware Failure
INC_1829,Ticket Created,2026-04-12 13:00:00.000000,Alex,Tier 1,Hardware Failure
INC_1829,Escalated,2026-04-12 14:20:59.022464,Alex,Tier 1,Hardware Failure
INC_1829,In Progress,2026-04-12 14:35:59.022464,Grace,Tier 2 - Software,Hardware Failure
INC_1829,Resolved,2026-04-12 16:47:22.335044,Grace,Tier 2 - Software,Hardware Failure
INC_1829,Closed,2026-04-12 17:47:22.335044,Alex,Tier 1,Hardware Failure
INC_1830,Ticket Created,2026-04-23 10:00:00.000000,Charlie,Tier 1,Password Reset
INC_1830,Resolved,2026-04-23 11:04:00.000000,Charlie,Tier 1,Password Reset
INC_1830,Closed,2026-04-23 11:14:00.000000,Charlie,Tier 1,Password Reset
INC_1831,Ticket Created,2026-04-20 11:00:00.000000,Charlie,Tier 1,Password Reset
INC_1831,Resolved,2026-04-20 12:11:00.000000,Charlie,Tier 1,Password Reset
INC_1831,Closed,2026-04-20 12:21:00.000000,Charlie,Tier 1,Password Reset
INC_1832,Ticket Created,2026-04-09 11:00:00.000000,Brea,Tier 1,Network Issue
INC_1832,Escalated,2026-04-09 12:00:00.000000,Brea,Tier 1,Network Issue
INC_1832,Awaiting Info,2026-04-09 14:00:00.000000,David,Tier 2 - Network,Network Issue
INC_1832,In Progress,2026-04-10 06:17:20.874593,Brea,Tier 1,Network Issue
INC_1832,In Progress,2026-04-10 10:17:20.874593,Henry,Tier 3 - Management,Network Issue
INC_1832,Resolved,2026-04-10 12:18:06.348212,David,Tier 2 - Network,Network Issue
INC_1832,Closed,2026-04-10 14:18:06.348212,Brea,Tier 1,Network Issue
INC_1833,Ticket Created,2026-04-06 12:00:00.000000,Alex,Tier 1,Network Issue
INC_1833,Escalated,2026-04-06 13:00:00.000000,Alex,Tier 1,Network Issue
INC_1833,Awaiting Info,2026-04-06 15:00:00.000000,David,Tier 2 - Network,Network Issue
INC_1833,In Progress,2026-04-07 11:28:49.490557,Alex,Tier 1,Network Issue
INC_1833,In Progress,2026-04-07 15:28:49.490557,Henry,Tier 3 - Management,Network Issue
INC_1833,Resolved,2026-04-07 19:08:51.706465,David,Tier 2 - Network,Network Issue
INC_1833,Closed,2026-04-07 21:08:51.706465,Alex,Tier 1,Network Issue
INC_1834,Ticket Created,2026-04-23 11:00:00.000000,Dani,Tier 1,Password Reset
INC_1834,Escalated,2026-04-23 12:31:29.704799,Dani,Tier 1,Password Reset
INC_1834,In Progress,2026-04-23 12:46:29.704799,Frank,Tier 2 - Software,Password Reset
INC_1834,Resolved,2026-04-23 13:49:00.552362,Frank,Tier 2 - Software,Password Reset
INC_1834,Closed,2026-04-23 14:49:00.552362,Dani,Tier 1,Password Reset
INC_1835,Ticket Created,2026-04-09 16:00:00.000000,Dani,Tier 1,Password Reset
INC_1835,Resolved,2026-04-09 17:01:00.000000,Dani,Tier 1,Password Reset
INC_1835,Closed,2026-04-09 17:11:00.000000,Dani,Tier 1,Password Reset
INC_1836,Ticket Created,2026-04-27 17:00:00.000000,Dani,Tier 1,Network Issue
INC_1836,Escalated,2026-04-27 18:31:33.668099,Dani,Tier 1,Network Issue
INC_1836,In Progress,2026-04-27 18:46:33.668099,Elena,Tier 2 - Network,Network Issue
INC_1836,Resolved,2026-04-28 08:58:49.706585,Elena,Tier 2 - Network,Network Issue
INC_1836,Closed,2026-04-28 09:58:49.706585,Dani,Tier 1,Network Issue
INC_1837,Ticket Created,2026-04-20 13:00:00.000000,Charlie,Tier 1,Hardware Failure
INC_1837,Escalated,2026-04-20 14:00:00.000000,Charlie,Tier 1,Hardware Failure
INC_1837,Awaiting Info,2026-04-20 16:00:00.000000,Grace,Tier 2 - Software,Hardware Failure
INC_1837,In Progress,2026-04-21 06:49:19.904248,Charlie,Tier 1,Hardware Failure
INC_1837,Resolved,2026-04-21 10:44:32.591804,Grace,Tier 2 - Software,Hardware Failure
INC_1837,Closed,2026-04-21 12:44:32.591804,Charlie,Tier 1,Hardware Failure
INC_1838,Ticket Created,2026-05-01 16:00:00.000000,Dani,Tier 1,Hardware Failure
INC_1838,Escalated,2026-05-01 17:22:10.399087,Dani,Tier 1,Hardware Failure
INC_1838,In Progress,2026-05-01 17:37:10.399087,Grace,Tier 2 - Software,Hardware Failure
INC_1838,Resolved,2026-05-01 19:28:40.048269,Grace,Tier 2 - Software,Hardware Failure
INC_1838,Closed,2026-05-01 20:28:40.048269,Dani,Tier 1,Hardware Failure
INC_1839,Ticket Created,2026-04-20 10:00:00.000000,Dani,Tier 1,Network Issue
INC_1839,Resolved,2026-04-20 11:02:00.000000,Dani,Tier 1,Network Issue
INC_1839,Closed,2026-04-20 11:12:00.000000,Dani,Tier 1,Network Issue
INC_1840,Ticket Created,2026-04-01 10:00:00.000000,Dani,Tier 1,Network Issue
INC_1840,Escalated,2026-04-01 11:00:00.000000,Dani,Tier 1,Network Issue
INC_1840,Awaiting Info,2026-04-01 13:00:00.000000,David,Tier 2 - Network,Network Issue
INC_1840,In Progress,2026-04-02 05:36:33.072347,Dani,Tier 1,Network Issue
INC_1840,In Progress,2026-04-02 09:36:33.072347,Henry,Tier 3 - Management,Network Issue
INC_1840,Resolved,2026-04-02 15:02:27.559247,David,Tier 2 - Network,Network Issue
INC_1840,Closed,2026-04-02 17:02:27.559247,Dani,Tier 1,Network Issue
INC_1841,Ticket Created,2026-04-30 17:00:00.000000,Brea,Tier 1,Software Bug
INC_1841,Escalated,2026-04-30 17:42:23.840323,Brea,Tier 1,Software Bug
INC_1841,In Progress,2026-04-30 17:57:23.840323,Frank,Tier 2 - Software,Software Bug
INC_1841,Resolved,2026-05-01 01:32:49.506088,Frank,Tier 2 - Software,Software Bug
INC_1841,Closed,2026-05-01 02:32:49.506088,Brea,Tier 1,Software Bug
INC_1842,Ticket Created,2026-04-03 17:00:00.000000,Alex,Tier 1,Software Bug
INC_1842,Escalated,2026-04-03 17:30:39.192665,Alex,Tier 1,Software Bug
INC_1842,In Progress,2026-04-03 17:45:39.192665,Grace,Tier 2 - Software,Software Bug
INC_1842,Resolved,2026-04-04 11:20:52.720566,Grace,Tier 2 - Software,Software Bug
INC_1842,Closed,2026-04-04 12:20:52.720566,Alex,Tier 1,Software Bug
INC_1843,Ticket Created,2026-04-02 10:00:00.000000,Alex,Tier 1,Network Issue
INC_1843,Escalated,2026-04-02 11:27:12.731609,Alex,Tier 1,Network Issue
INC_1843,In Progress,2026-04-02 11:42:12.731609,Elena,Tier 2 - Network,Network Issue
INC_1843,Resolved,2026-04-03 01:07:36.743648,Elena,Tier 2 - Network,Network Issue
INC_1843,Closed,2026-04-03 02:07:36.743648,Alex,Tier 1,Network Issue
INC_1844,Ticket Created,2026-04-03 11:00:00.000000,Brea,Tier 1,Hardware Failure
INC_1844,Escalated,2026-04-03 12:00:00.000000,Brea,Tier 1,Hardware Failure
INC_1844,Awaiting Info,2026-04-03 14:00:00.000000,Frank,Tier 2 - Software,Hardware Failure
INC_1844,In Progress,2026-04-04 10:16:18.524784,Brea,Tier 1,Hardware Failure
INC_1844,Resolved,2026-04-04 14:05:04.892899,Frank,Tier 2 - Software,Hardware Failure
INC_1844,Closed,2026-04-04 16:05:04.892899,Brea,Tier 1,Hardware Failure
INC_1845,Ticket Created,2026-04-30 14:00:00.000000,Alex,Tier 1,Network Issue
INC_1845,Escalated,2026-04-30 15:01:43.406700,Alex,Tier 1,Network Issue
INC_1845,In Progress,2026-04-30 15:16:43.406700,Elena,Tier 2 - Network,Network Issue
INC_1845,Resolved,2026-05-01 02:42:01.043876,Elena,Tier 2 - Network,Network Issue
INC_1845,Closed,2026-05-01 03:42:01.043876,Alex,Tier 1,Network Issue
INC_1846,Ticket Created,2026-04-01 15:00:00.000000,Brea,Tier 1,Network Issue
INC_1846,Resolved,2026-04-01 16:12:00.000000,Brea,Tier 1,Network Issue
INC_1846,Closed,2026-04-01 16:22:00.000000,Brea,Tier 1,Network Issue
INC_1847,Ticket Created,2026-04-21 16:00:00.000000,Dani,Tier 1,Network Issue
INC_1847,Escalated,2026-04-21 17:00:00.000000,Dani,Tier 1,Network Issue
INC_1847,Awaiting Info,2026-04-21 19:00:00.000000,David,Tier 2 - Network,Network Issue
INC_1847,In Progress,2026-04-22 09:02:09.288734,Dani,Tier 1,Network Issue
INC_1847,In Progress,2026-04-22 13:02:09.288734,Henry,Tier 3 - Management,Network Issue
INC_1847,Resolved,2026-04-22 15:54:13.584179,David,Tier 2 - Network,Network Issue
INC_1847,Closed,2026-04-22 17:54:13.584179,Dani,Tier 1,Network Issue
INC_1848,Ticket Created,2026-04-16 14:00:00.000000,Alex,Tier 1,Software Bug
INC_1848,Escalated,2026-04-16 15:23:22.497631,Alex,Tier 1,Software Bug
INC_1848,In Progress,2026-04-16 15:38:22.497631,Frank,Tier 2 - Software,Software Bug
INC_1848,Resolved,2026-04-17 03:36:39.261310,Frank,Tier 2 - Software,Software Bug
INC_1848,Closed,2026-04-17 04:36:39.261310,Alex,Tier 1,Software Bug
INC_1849,Ticket Created,2026-04-30 15:00:00.000000,Brea,Tier 1,Software Bug
INC_1849,Escalated,2026-04-30 16:00:00.000000,Brea,Tier 1,Software Bug
INC_1849,Awaiting Info,2026-04-30 18:00:00.000000,Grace,Tier 2 - Software,Software Bug
INC_1849,In Progress,2026-05-01 13:21:51.153948,Brea,Tier 1,Software Bug
INC_1849,Resolved,2026-05-01 15:34:22.525673,Grace,Tier 2 - Software,Software Bug
INC_1849,Closed,2026-05-01 17:34:22.525673,Brea,Tier 1,Software Bug
INC_1850,Ticket Created,2026-04-10 10:00:00.000000,Alex,Tier 1,Software Bug
INC_1850,Escalated,2026-04-10 10:30:51.266238,Alex,Tier 1,Software Bug
INC_1850,In Progress,2026-04-10 10:45:51.266238,Frank,Tier 2 - Software,Software Bug
INC_1850,Resolved,2026-04-11 05:46:10.610613,Frank,Tier 2 - Software,Software Bug
INC_1850,Closed,2026-04-11 06:46:10.610613,Alex,Tier 1,Software Bug
INC_1851,Ticket Created,2026-04-14 17:00:00.000000,Dani,Tier 1,Hardware Failure
INC_1851,Resolved,2026-04-14 17:30:00.000000,Dani,Tier 1,Hardware Failure
INC_1851,Closed,2026-04-14 17:40:00.000000,Dani,Tier 1,Hardware Failure
INC_1852,Ticket Created,2026-05-01 12:00:00.000000,Dani,Tier 1,Software Bug
INC_1852,Resolved,2026-05-01 13:22:00.000000,Dani,Tier 1,Software Bug
INC_1852,Closed,2026-05-01 13:32:00.000000,Dani,Tier 1,Software Bug
INC_1853,Ticket Created,2026-04-25 17:00:00.000000,Dani,Tier 1,Network Issue
INC_1853,Escalated,2026-04-25 18:52:13.862043,Dani,Tier 1,Network Issue
INC_1853,In Progress,2026-04-25 19:07:13.862043,Elena,Tier 2 - Network,Network Issue
INC_1853,Resolved,2026-04-26 11:15:49.401496,Elena,Tier 2 - Network,Network Issue
INC_1853,Closed,2026-04-26 12:15:49.401496,Dani,Tier 1,Network Issue
INC_1854,Ticket Created,2026-04-15 14:00:00.000000,Brea,Tier 1,Software Bug
INC_1854,Escalated,2026-04-15 15:58:54.656677,Brea,Tier 1,Software Bug
INC_1854,In Progress,2026-04-15 16:13:54.656677,Frank,Tier 2 - Software,Software Bug
INC_1854,Resolved,2026-04-15 23:28:31.431213,Frank,Tier 2 - Software,Software Bug
INC_1854,Closed,2026-04-16 00:28:31.431213,Brea,Tier 1,Software Bug
INC_1855,Ticket Created,2026-04-08 13:00:00.000000,Charlie,Tier 1,Network Issue
INC_1855,Escalated,2026-04-08 14:49:51.039274,Charlie,Tier 1,Network Issue
INC_1855,In Progress,2026-04-08 15:04:51.039274,David,Tier 2 - Network,Network Issue
INC_1855,Resolved,2026-04-09 10:10:38.194949,David,Tier 2 - Network,Network Issue
INC_1855,Closed,2026-04-09 11:10:38.194949,Charlie,Tier 1,Network Issue
INC_1856,Ticket Created,2026-04-23 12:00:00.000000,Alex,Tier 1,Hardware Failure
INC_1856,Resolved,2026-04-23 13:27:00.000000,Alex,Tier 1,Hardware Failure
INC_1856,Closed,2026-04-23 13:37:00.000000,Alex,Tier 1,Hardware Failure
INC_1857,Ticket Created,2026-04-28 16:00:00.000000,Alex,Tier 1,Network Issue
INC_1857,Escalated,2026-04-28 17:00:00.000000,Alex,Tier 1,Network Issue
INC_1857,Awaiting Info,2026-04-28 19:00:00.000000,Elena,Tier 2 - Network,Network Issue
INC_1857,In Progress,2026-04-29 07:52:34.181092,Alex,Tier 1,Network Issue
INC_1857,In Progress,2026-04-29 11:52:34.181092,Henry,Tier 3 - Management,Network Issue
INC_1857,Resolved,2026-04-29 16:25:46.449193,Elena,Tier 2 - Network,Network Issue
INC_1857,Closed,2026-04-29 18:25:46.449193,Alex,Tier 1,Network Issue
INC_1858,Ticket Created,2026-04-13 09:00:00.000000,Dani,Tier 1,Password Reset
INC_1858,Resolved,2026-04-13 09:54:00.000000,Dani,Tier 1,Password Reset
INC_1858,Closed,2026-04-13 10:04:00.000000,Dani,Tier 1,Password Reset
INC_1859,Ticket Created,2026-04-08 11:00:00.000000,Alex,Tier 1,Hardware Failure
INC_1859,Resolved,2026-04-08 12:11:00.000000,Alex,Tier 1,Hardware Failure
INC_1859,Closed,2026-04-08 12:21:00.000000,Alex,Tier 1,Hardware Failure
INC_1860,Ticket Created,2026-04-26 13:00:00.000000,Alex,Tier 1,Network Issue
INC_1860,Escalated,2026-04-26 14:00:00.000000,Alex,Tier 1,Network Issue
INC_1860,Awaiting Info,2026-04-26 16:00:00.000000,David,Tier 2 - Network,Network Issue
INC_1860,In Progress,2026-04-27 07:32:30.546537,Alex,Tier 1,Network Issue
INC_1860,In Progress,2026-04-27 11:32:30.546537,Henry,Tier 3 - Management,Network Issue
INC_1860,Resolved,2026-04-27 14:32:17.456909,David,Tier 2 - Network,Network Issue
INC_1860,Closed,2026-04-27 16:32:17.456909,Alex,Tier 1,Network Issue
INC_1861,Ticket Created,2026-04-11 13:00:00.000000,Charlie,Tier 1,Hardware Failure
INC_1861,Escalated,2026-04-11 14:43:58.757994,Charlie,Tier 1,Hardware Failure
INC_1861,In Progress,2026-04-11 14:58:58.757994,Grace,Tier 2 - Software,Hardware Failure
INC_1861,Resolved,2026-04-11 17:07:54.415722,Grace,Tier 2 - Software,Hardware Failure
INC_1861,Closed,2026-04-11 18:07:54.415722,Charlie,Tier 1,Hardware Failure
INC_1862,Ticket Created,2026-04-20 10:00:00.000000,Alex,Tier 1,Network Issue
INC_1862,Escalated,2026-04-20 11:00:00.000000,Alex,Tier 1,Network Issue
INC_1862,Awaiting Info,2026-04-20 13:00:00.000000,David,Tier 2 - Network,Network Issue
INC_1862,In Progress,2026-04-21 10:34:42.461639,Alex,Tier 1,Network Issue
INC_1862,In Progress,2026-04-21 14:34:42.461639,Henry,Tier 3 - Management,Network Issue
INC_1862,Resolved,2026-04-21 17:54:27.437561,David,Tier 2 - Network,Network Issue
INC_1862,Closed,2026-04-21 19:54:27.437561,Alex,Tier 1,Network Issue
INC_1863,Ticket Created,2026-04-24 12:00:00.000000,Brea,Tier 1,Software Bug
INC_1863,Escalated,2026-04-24 13:19:21.416937,Brea,Tier 1,Software Bug
INC_1863,In Progress,2026-04-24 13:34:21.416937,Grace,Tier 2 - Software,Software Bug
INC_1863,Resolved,2026-04-25 02:24:09.739807,Grace,Tier 2 - Software,Software Bug
INC_1863,Closed,2026-04-25 03:24:09.739807,Brea,Tier 1,Software Bug
INC_1864,Ticket Created,2026-04-26 14:00:00.000000,Brea,Tier 1,Hardware Failure
INC_1864,Resolved,2026-04-26 15:29:00.000000,Brea,Tier 1,Hardware Failure
INC_1864,Closed,2026-04-26 15:39:00.000000,Brea,Tier 1,Hardware Failure
INC_1865,Ticket Created,2026-04-17 10:00:00.000000,Alex,Tier 1,Hardware Failure
INC_1865,Escalated,2026-04-17 11:11:32.308694,Alex,Tier 1,Hardware Failure
INC_1865,In Progress,2026-04-17 11:26:32.308694,Frank,Tier 2 - Software,Hardware Failure
INC_1865,Resolved,2026-04-17 14:19:03.596957,Frank,Tier 2 - Software,Hardware Failure
INC_1865,Closed,2026-04-17 15:19:03.596957,Alex,Tier 1,Hardware Failure
INC_1866,Ticket Created,2026-04-08 12:00:00.000000,Brea,Tier 1,Network Issue
INC_1866,Escalated,2026-04-08 13:00:25.987654,Brea,Tier 1,Network Issue
INC_1866,In Progress,2026-04-08 13:15:25.987654,David,Tier 2 - Network,Network Issue
INC_1866,Resolved,2026-04-09 04:24:47.166481,David,Tier 2 - Network,Network Issue
INC_1866,Closed,2026-04-09 05:24:47.166481,Brea,Tier 1,Network Issue
INC_1867,Ticket Created,2026-04-08 16:00:00.000000,Charlie,Tier 1,Network Issue
INC_1867,Resolved,2026-04-08 17:27:00.000000,Charlie,Tier 1,Network Issue
INC_1867,Closed,2026-04-08 17:37:00.000000,Charlie,Tier 1,Network Issue
INC_1868,Ticket Created,2026-04-16 14:00:00.000000,Alex,Tier 1,Software Bug
INC_1868,Escalated,2026-04-16 14:59:52.821559,Alex,Tier 1,Software Bug
INC_1868,In Progress,2026-04-16 15:14:52.821559,Frank,Tier 2 - Software,Software Bug
INC_1868,Resolved,2026-04-17 03:57:05.595755,Frank,Tier 2 - Software,Software Bug
INC_1868,Closed,2026-04-17 04:57:05.595755,Alex,Tier 1,Software Bug
INC_1869,Ticket Created,2026-04-03 11:00:00.000000,Dani,Tier 1,Network Issue
INC_1869,Escalated,2026-04-03 12:00:00.000000,Dani,Tier 1,Network Issue
INC_1869,Awaiting Info,2026-04-03 14:00:00.000000,David,Tier 2 - Network,Network Issue
INC_1869,In Progress,2026-04-04 02:43:21.986032,Dani,Tier 1,Network Issue
INC_1869,In Progress,2026-04-04 06:43:21.986032,Henry,Tier 3 - Management,Network Issue
INC_1869,Resolved,2026-04-04 11:17:38.727721,David,Tier 2 - Network,Network Issue
INC_1869,Closed,2026-04-04 13:17:38.727721,Dani,Tier 1,Network Issue
INC_1870,Ticket Created,2026-04-24 16:00:00.000000,Alex,Tier 1,Hardware Failure
INC_1870,Escalated,2026-04-24 17:17:51.840659,Alex,Tier 1,Hardware Failure
INC_1870,In Progress,2026-04-24 17:32:51.840659,Frank,Tier 2 - Software,Hardware Failure
INC_1870,Resolved,2026-04-24 21:27:58.433529,Frank,Tier 2 - Software,Hardware Failure
INC_1870,Closed,2026-04-24 22:27:58.433529,Alex,Tier 1,Hardware Failure
INC_1871,Ticket Created,2026-04-18 12:00:00.000000,Alex,Tier 1,Software Bug
INC_1871,Escalated,2026-04-18 12:55:45.083244,Alex,Tier 1,Software Bug
INC_1871,In Progress,2026-04-18 13:10:45.083244,Grace,Tier 2 - Software,Software Bug
INC_1871,Resolved,2026-04-19 00:53:20.410773,Grace,Tier 2 - Software,Software Bug
INC_1871,Closed,2026-04-19 01:53:20.410773,Alex,Tier 1,Software Bug
INC_1872,Ticket Created,2026-04-08 16:00:00.000000,Alex,Tier 1,Hardware Failure
INC_1872,Resolved,2026-04-08 16:29:00.000000,Alex,Tier 1,Hardware Failure
INC_1872,Closed,2026-04-08 16:39:00.000000,Alex,Tier 1,Hardware Failure
INC_1873,Ticket Created,2026-04-03 10:00:00.000000,Brea,Tier 1,Network Issue
INC_1873,Escalated,2026-04-03 11:40:07.141041,Brea,Tier 1,Network Issue
INC_1873,In Progress,2026-04-03 11:55:07.141041,David,Tier 2 - Network,Network Issue
INC_1873,Resolved,2026-04-04 05:11:10.610772,David,Tier 2 - Network,Network Issue
INC_1873,Closed,2026-04-04 06:11:10.610772,Brea,Tier 1,Network Issue
INC_1874,Ticket Created,2026-04-20 15:00:00.000000,Dani,Tier 1,Network Issue
INC_1874,Escalated,2026-04-20 16:00:00.000000,Dani,Tier 1,Network Issue
INC_1874,Awaiting Info,2026-04-20 18:00:00.000000,David,Tier 2 - Network,Network Issue
INC_1874,In Progress,2026-04-21 16:00:57.697693,Dani,Tier 1,Network Issue
INC_1874,In Progress,2026-04-21 20:00:57.697693,Henry,Tier 3 - Management,Network Issue
INC_1874,Resolved,2026-04-21 23:47:17.182985,David,Tier 2 - Network,Network Issue
INC_1874,Closed,2026-04-22 01:47:17.182985,Dani,Tier 1,Network Issue
INC_1875,Ticket Created,2026-04-01 13:00:00.000000,Dani,Tier 1,Hardware Failure
INC_1875,Resolved,2026-04-01 13:58:00.000000,Dani,Tier 1,Hardware Failure
INC_1875,Closed,2026-04-01 14:08:00.000000,Dani,Tier 1,Hardware Failure
INC_1876,Ticket Created,2026-04-17 13:00:00.000000,Alex,Tier 1,Hardware Failure
INC_1876,Resolved,2026-04-17 14:18:00.000000,Alex,Tier 1,Hardware Failure
INC_1876,Closed,2026-04-17 14:28:00.000000,Alex,Tier 1,Hardware Failure
INC_1877,Ticket Created,2026-04-27 16:00:00.000000,Brea,Tier 1,Password Reset
INC_1877,Resolved,2026-04-27 16:40:00.000000,Brea,Tier 1,Password Reset
INC_1877,Closed,2026-04-27 16:50:00.000000,Brea,Tier 1,Password Reset
INC_1878,Ticket Created,2026-04-14 09:00:00.000000,Dani,Tier 1,Software Bug
INC_1878,Resolved,2026-04-14 10:14:00.000000,Dani,Tier 1,Software Bug
INC_1878,Closed,2026-04-14 10:24:00.000000,Dani,Tier 1,Software Bug
INC_1879,Ticket Created,2026-04-03 15:00:00.000000,Alex,Tier 1,Software Bug
INC_1879,Escalated,2026-04-03 16:14:30.351787,Alex,Tier 1,Software Bug
INC_1879,In Progress,2026-04-03 16:29:30.351787,Frank,Tier 2 - Software,Software Bug
INC_1879,Resolved,2026-04-04 07:38:40.445148,Frank,Tier 2 - Software,Software Bug
INC_1879,Closed,2026-04-04 08:38:40.445148,Alex,Tier 1,Software Bug
INC_1880,Ticket Created,2026-04-06 17:00:00.000000,Dani,Tier 1,Password Reset
INC_1880,Resolved,2026-04-06 17:49:00.000000,Dani,Tier 1,Password Reset
INC_1880,Closed,2026-04-06 17:59:00.000000,Dani,Tier 1,Password Reset
INC_1881,Ticket Created,2026-04-26 14:00:00.000000,Brea,Tier 1,Software Bug
INC_1881,Escalated,2026-04-26 14:49:49.351197,Brea,Tier 1,Software Bug
INC_1881,In Progress,2026-04-26 15:04:49.351197,Frank,Tier 2 - Software,Software Bug
INC_1881,Resolved,2026-04-27 10:28:42.321042,Frank,Tier 2 - Software,Software Bug
INC_1881,Closed,2026-04-27 11:28:42.321042,Brea,Tier 1,Software Bug
INC_1882,Ticket Created,2026-04-26 13:00:00.000000,Brea,Tier 1,Software Bug
INC_1882,Escalated,2026-04-26 14:00:00.000000,Brea,Tier 1,Software Bug
INC_1882,Awaiting Info,2026-04-26 16:00:00.000000,Grace,Tier 2 - Software,Software Bug
INC_1882,In Progress,2026-04-27 03:10:16.024178,Brea,Tier 1,Software Bug
INC_1882,Resolved,2026-04-27 08:17:18.506227,Grace,Tier 2 - Software,Software Bug
INC_1882,Closed,2026-04-27 10:17:18.506227,Brea,Tier 1,Software Bug
INC_1883,Ticket Created,2026-04-09 11:00:00.000000,Alex,Tier 1,Software Bug
INC_1883,Escalated,2026-04-09 12:00:00.000000,Alex,Tier 1,Software Bug
INC_1883,Awaiting Info,2026-04-09 14:00:00.000000,Grace,Tier 2 - Software,Software Bug
INC_1883,In Progress,2026-04-10 05:21:22.699920,Alex,Tier 1,Software Bug
INC_1883,Resolved,2026-04-10 09:39:49.364111,Grace,Tier 2 - Software,Software Bug
INC_1883,Closed,2026-04-10 11:39:49.364111,Alex,Tier 1,Software Bug
INC_1884,Ticket Created,2026-04-17 17:00:00.000000,Brea,Tier 1,Software Bug
INC_1884,Escalated,2026-04-17 18:38:48.614336,Brea,Tier 1,Software Bug
INC_1884,In Progress,2026-04-17 18:53:48.614336,Frank,Tier 2 - Software,Software Bug
INC_1884,Resolved,2026-04-18 14:29:46.183697,Frank,Tier 2 - Software,Software Bug
INC_1884,Closed,2026-04-18 15:29:46.183697,Brea,Tier 1,Software Bug
INC_1885,Ticket Created,2026-04-03 15:00:00.000000,Dani,Tier 1,Software Bug
INC_1885,Resolved,2026-04-03 16:22:00.000000,Dani,Tier 1,Software Bug
INC_1885,Closed,2026-04-03 16:32:00.000000,Dani,Tier 1,Software Bug
INC_1886,Ticket Created,2026-04-01 11:00:00.000000,Dani,Tier 1,Hardware Failure
INC_1886,Escalated,2026-04-01 12:25:26.238575,Dani,Tier 1,Hardware Failure
INC_1886,In Progress,2026-04-01 12:40:26.238575,Frank,Tier 2 - Software,Hardware Failure
INC_1886,Resolved,2026-04-01 17:27:16.494783,Frank,Tier 2 - Software,Hardware Failure
INC_1886,Closed,2026-04-01 18:27:16.494783,Dani,Tier 1,Hardware Failure
INC_1887,Ticket Created,2026-04-25 12:00:00.000000,Alex,Tier 1,Network Issue
INC_1887,Resolved,2026-04-25 12:43:00.000000,Alex,Tier 1,Network Issue
INC_1887,Closed,2026-04-25 12:53:00.000000,Alex,Tier 1,Network Issue
INC_1888,Ticket Created,2026-04-03 11:00:00.000000,Brea,Tier 1,Network Issue
INC_1888,Escalated,2026-04-03 11:40:51.066999,Brea,Tier 1,Network Issue
INC_1888,In Progress,2026-04-03 11:55:51.066999,David,Tier 2 - Network,Network Issue
INC_1888,Resolved,2026-04-03 17:15:03.231578,David,Tier 2 - Network,Network Issue
INC_1888,Closed,2026-04-03 18:15:03.231578,Brea,Tier 1,Network Issue
INC_1889,Ticket Created,2026-04-08 13:00:00.000000,Dani,Tier 1,Network Issue
INC_1889,Escalated,2026-04-08 14:00:00.000000,Dani,Tier 1,Network Issue
INC_1889,Awaiting Info,2026-04-08 16:00:00.000000,David,Tier 2 - Network,Network Issue
INC_1889,In Progress,2026-04-09 09:38:27.464768,Dani,Tier 1,Network Issue
INC_1889,In Progress,2026-04-09 13:38:27.464768,Henry,Tier 3 - Management,Network Issue
INC_1889,Resolved,2026-04-09 17:09:49.889365,David,Tier 2 - Network,Network Issue
INC_1889,Closed,2026-04-09 19:09:49.889365,Dani,Tier 1,Network Issue
INC_1890,Ticket Created,2026-05-01 14:00:00.000000,Brea,Tier 1,Software Bug
INC_1890,Resolved,2026-05-01 15:08:00.000000,Brea,Tier 1,Software Bug
INC_1890,Closed,2026-05-01 15:18:00.000000,Brea,Tier 1,Software Bug
INC_1891,Ticket Created,2026-04-14 11:00:00.000000,Charlie,Tier 1,Hardware Failure
INC_1891,Resolved,2026-04-14 12:23:00.000000,Charlie,Tier 1,Hardware Failure
INC_1891,Closed,2026-04-14 12:33:00.000000,Charlie,Tier 1,Hardware Failure
INC_1892,Ticket Created,2026-04-29 14:00:00.000000,Alex,Tier 1,Software Bug
INC_1892,Escalated,2026-04-29 15:00:00.000000,Alex,Tier 1,Software Bug
INC_1892,Awaiting Info,2026-04-29 17:00:00.000000,Grace,Tier 2 - Software,Software Bug
INC_1892,In Progress,2026-04-30 07:08:50.231791,Alex,Tier 1,Software Bug
INC_1892,Resolved,2026-04-30 12:23:40.700972,Grace,Tier 2 - Software,Software Bug
INC_1892,Closed,2026-04-30 14:23:40.700972,Alex,Tier 1,Software Bug
INC_1893,Ticket Created,2026-04-24 16:00:00.000000,Dani,Tier 1,Network Issue
INC_1893,Escalated,2026-04-24 17:51:17.954650,Dani,Tier 1,Network Issue
INC_1893,In Progress,2026-04-24 18:06:17.954650,David,Tier 2 - Network,Network Issue
INC_1893,Resolved,2026-04-25 10:57:05.022014,David,Tier 2 - Network,Network Issue
INC_1893,Closed,2026-04-25 11:57:05.022014,Dani,Tier 1,Network Issue
INC_1894,Ticket Created,2026-04-28 11:00:00.000000,Alex,Tier 1,Network Issue
INC_1894,Escalated,2026-04-28 12:44:56.608476,Alex,Tier 1,Network Issue
INC_1894,In Progress,2026-04-28 12:59:56.608476,David,Tier 2 - Network,Network Issue
INC_1894,Resolved,2026-04-29 08:05:11.735320,David,Tier 2 - Network,Network Issue
INC_1894,Closed,2026-04-29 09:05:11.735320,Alex,Tier 1,Network Issue
INC_1895,Ticket Created,2026-04-16 10:00:00.000000,Charlie,Tier 1,Network Issue
INC_1895,Escalated,2026-04-16 11:28:03.510790,Charlie,Tier 1,Network Issue
INC_1895,In Progress,2026-04-16 11:43:03.510790,David,Tier 2 - Network,Network Issue
INC_1895,Resolved,2026-04-17 01:08:24.505298,David,Tier 2 - Network,Network Issue
INC_1895,Closed,2026-04-17 02:08:24.505298,Charlie,Tier 1,Network Issue
INC_1896,Ticket Created,2026-04-07 15:00:00.000000,Alex,Tier 1,Password Reset
INC_1896,Resolved,2026-04-07 16:19:00.000000,Alex,Tier 1,Password Reset
INC_1896,Closed,2026-04-07 16:29:00.000000,Alex,Tier 1,Password Reset
INC_1897,Ticket Created,2026-04-21 15:00:00.000000,Alex,Tier 1,Password Reset
INC_1897,Resolved,2026-04-21 15:22:00.000000,Alex,Tier 1,Password Reset
INC_1897,Closed,2026-04-21 15:32:00.000000,Alex,Tier 1,Password Reset
INC_1898,Ticket Created,2026-04-16 11:00:00.000000,Dani,Tier 1,Network Issue
INC_1898,Escalated,2026-04-16 12:00:00.000000,Dani,Tier 1,Network Issue
INC_1898,Awaiting Info,2026-04-16 14:00:00.000000,Elena,Tier 2 - Network,Network Issue
INC_1898,In Progress,2026-04-17 05:09:12.311073,Dani,Tier 1,Network Issue
INC_1898,In Progress,2026-04-17 09:09:12.311073,Henry,Tier 3 - Management,Network Issue
INC_1898,Resolved,2026-04-17 13:55:54.244617,Elena,Tier 2 - Network,Network Issue
INC_1898,Closed,2026-04-17 15:55:54.244617,Dani,Tier 1,Network Issue
INC_1899,Ticket Created,2026-04-28 17:00:00.000000,Brea,Tier 1,Software Bug
INC_1899,Escalated,2026-04-28 18:35:21.143282,Brea,Tier 1,Software Bug
INC_1899,In Progress,2026-04-28 18:50:21.143282,Grace,Tier 2 - Software,Software Bug
INC_1899,Resolved,2026-04-29 06:49:49.325163,Grace,Tier 2 - Software,Software Bug
INC_1899,Closed,2026-04-29 07:49:49.325163,Brea,Tier 1,Software Bug
INC_1900,Ticket Created,2026-04-12 10:00:00.000000,Alex,Tier 1,Network Issue
INC_1900,Escalated,2026-04-12 10:41:06.670860,Alex,Tier 1,Network Issue
INC_1900,In Progress,2026-04-12 10:56:06.670860,Elena,Tier 2 - Network,Network Issue
INC_1900,Resolved,2026-04-12 22:27:12.238585,Elena,Tier 2 - Network,Network Issue
INC_1900,Closed,2026-04-12 23:27:12.238585,Alex,Tier 1,Network Issue
INC_1901,Ticket Created,2026-04-14 11:00:00.000000,Charlie,Tier 1,Software Bug
INC_1901,Escalated,2026-04-14 11:39:59.229527,Charlie,Tier 1,Software Bug
INC_1901,In Progress,2026-04-14 11:54:59.229527,Grace,Tier 2 - Software,Software Bug
INC_1901,Resolved,2026-04-14 22:31:07.508812,Grace,Tier 2 - Software,Software Bug
INC_1901,Closed,2026-04-14 23:31:07.508812,Charlie,Tier 1,Software Bug
INC_1902,Ticket Created,2026-04-17 12:00:00.000000,Brea,Tier 1,Software Bug
INC_1902,Escalated,2026-04-17 13:00:00.000000,Brea,Tier 1,Software Bug
INC_1902,Awaiting Info,2026-04-17 15:00:00.000000,Frank,Tier 2 - Software,Software Bug
INC_1902,In Progress,2026-04-18 13:28:43.297319,Brea,Tier 1,Software Bug
INC_1902,Resolved,2026-04-18 16:52:10.237686,Frank,Tier 2 - Software,Software Bug
INC_1902,Closed,2026-04-18 18:52:10.237686,Brea,Tier 1,Software Bug
INC_1903,Ticket Created,2026-04-29 15:00:00.000000,Alex,Tier 1,Network Issue
INC_1903,Escalated,2026-04-29 15:35:36.272676,Alex,Tier 1,Network Issue
INC_1903,In Progress,2026-04-29 15:50:36.272676,David,Tier 2 - Network,Network Issue
INC_1903,Resolved,2026-04-30 10:56:51.378395,David,Tier 2 - Network,Network Issue
INC_1903,Closed,2026-04-30 11:56:51.378395,Alex,Tier 1,Network Issue
INC_1904,Ticket Created,2026-04-25 16:00:00.000000,Brea,Tier 1,Software Bug
INC_1904,Escalated,2026-04-25 17:59:28.414919,Brea,Tier 1,Software Bug
INC_1904,In Progress,2026-04-25 18:14:28.414919,Frank,Tier 2 - Software,Software Bug
INC_1904,Resolved,2026-04-26 12:26:29.486600,Frank,Tier 2 - Software,Software Bug
INC_1904,Closed,2026-04-26 13:26:29.486600,Brea,Tier 1,Software Bug
INC_1905,Ticket Created,2026-04-23 14:00:00.000000,Dani,Tier 1,Network Issue
INC_1905,Escalated,2026-04-23 15:19:11.563203,Dani,Tier 1,Network Issue
INC_1905,In Progress,2026-04-23 15:34:11.563203,David,Tier 2 - Network,Network Issue
INC_1905,Resolved,2026-04-24 05:38:01.838728,David,Tier 2 - Network,Network Issue
INC_1905,Closed,2026-04-24 06:38:01.838728,Dani,Tier 1,Network Issue
INC_1906,Ticket Created,2026-04-13 13:00:00.000000,Brea,Tier 1,Hardware Failure
INC_1906,Resolved,2026-04-13 13:26:00.000000,Brea,Tier 1,Hardware Failure
INC_1906,Closed,2026-04-13 13:36:00.000000,Brea,Tier 1,Hardware Failure
INC_1907,Ticket Created,2026-04-17 11:00:00.000000,Charlie,Tier 1,Network Issue
INC_1907,Resolved,2026-04-17 11:39:00.000000,Charlie,Tier 1,Network Issue
INC_1907,Closed,2026-04-17 11:49:00.000000,Charlie,Tier 1,Network Issue
INC_1908,Ticket Created,2026-04-11 10:00:00.000000,Alex,Tier 1,Software Bug
INC_1908,Resolved,2026-04-11 10:23:00.000000,Alex,Tier 1,Software Bug
INC_1908,Closed,2026-04-11 10:33:00.000000,Alex,Tier 1,Software Bug
INC_1909,Ticket Created,2026-04-25 17:00:00.000000,Charlie,Tier 1,Hardware Failure
INC_1909,Escalated,2026-04-25 18:00:00.000000,Charlie,Tier 1,Hardware Failure
INC_1909,Awaiting Info,2026-04-25 20:00:00.000000,Frank,Tier 2 - Software,Hardware Failure
INC_1909,In Progress,2026-04-26 07:29:23.817045,Charlie,Tier 1,Hardware Failure
INC_1909,Resolved,2026-04-26 09:42:43.805255,Frank,Tier 2 - Software,Hardware Failure
INC_1909,Closed,2026-04-26 11:42:43.805255,Charlie,Tier 1,Hardware Failure
INC_1910,Ticket Created,2026-04-11 09:00:00.000000,Alex,Tier 1,Network Issue
INC_1910,Escalated,2026-04-11 10:00:00.000000,Alex,Tier 1,Network Issue
INC_1910,Awaiting Info,2026-04-11 12:00:00.000000,David,Tier 2 - Network,Network Issue
INC_1910,In Progress,2026-04-12 09:05:02.252238,Alex,Tier 1,Network Issue
INC_1910,In Progress,2026-04-12 13:05:02.252238,Henry,Tier 3 - Management,Network Issue
INC_1910,Resolved,2026-04-12 16:33:46.193909,David,Tier 2 - Network,Network Issue
INC_1910,Closed,2026-04-12 18:33:46.193909,Alex,Tier 1,Network Issue
INC_1911,Ticket Created,2026-04-20 12:00:00.000000,Charlie,Tier 1,Hardware Failure
INC_1911,Resolved,2026-04-20 12:41:00.000000,Charlie,Tier 1,Hardware Failure
INC_1911,Closed,2026-04-20 12:51:00.000000,Charlie,Tier 1,Hardware Failure
INC_1912,Ticket Created,2026-05-01 09:00:00.000000,Brea,Tier 1,Software Bug
INC_1912,Escalated,2026-05-01 10:00:00.000000,Brea,Tier 1,Software Bug
INC_1912,Awaiting Info,2026-05-01 12:00:00.000000,Frank,Tier 2 - Software,Software Bug
INC_1912,In Progress,2026-05-02 05:25:31.290616,Brea,Tier 1,Software Bug
INC_1912,Resolved,2026-05-02 10:47:43.495958,Frank,Tier 2 - Software,Software Bug
INC_1912,Closed,2026-05-02 12:47:43.495958,Brea,Tier 1,Software Bug
INC_1913,Ticket Created,2026-04-03 16:00:00.000000,Brea,Tier 1,Hardware Failure
INC_1913,Escalated,2026-04-03 17:56:56.512407,Brea,Tier 1,Hardware Failure
INC_1913,In Progress,2026-04-03 18:11:56.512407,Grace,Tier 2 - Software,Hardware Failure
INC_1913,Resolved,2026-04-03 22:33:05.236950,Grace,Tier 2 - Software,Hardware Failure
INC_1913,Closed,2026-04-03 23:33:05.236950,Brea,Tier 1,Hardware Failure
INC_1914,Ticket Created,2026-04-29 16:00:00.000000,Charlie,Tier 1,Network Issue
INC_1914,Escalated,2026-04-29 17:00:00.000000,Charlie,Tier 1,Network Issue
INC_1914,Awaiting Info,2026-04-29 19:00:00.000000,Elena,Tier 2 - Network,Network Issue
INC_1914,In Progress,2026-04-30 11:10:09.061265,Charlie,Tier 1,Network Issue
INC_1914,In Progress,2026-04-30 15:10:09.061265,Henry,Tier 3 - Management,Network Issue
INC_1914,Resolved,2026-04-30 19:37:06.884423,Elena,Tier 2 - Network,Network Issue
INC_1914,Closed,2026-04-30 21:37:06.884423,Charlie,Tier 1,Network Issue
INC_1915,Ticket Created,2026-04-30 11:00:00.000000,Charlie,Tier 1,Hardware Failure
INC_1915,Escalated,2026-04-30 12:47:59.525038,Charlie,Tier 1,Hardware Failure
INC_1915,In Progress,2026-04-30 13:02:59.525038,Grace,Tier 2 - Software,Hardware Failure
INC_1915,Resolved,2026-04-30 15:10:11.853883,Grace,Tier 2 - Software,Hardware Failure
INC_1915,Closed,2026-04-30 16:10:11.853883,Charlie,Tier 1,Hardware Failure
INC_1916,Ticket Created,2026-04-17 13:00:00.000000,Alex,Tier 1,Password Reset
INC_1916,Resolved,2026-04-17 13:22:00.000000,Alex,Tier 1,Password Reset
INC_1916,Closed,2026-04-17 13:32:00.000000,Alex,Tier 1,Password Reset
INC_1917,Ticket Created,2026-04-18 16:00:00.000000,Charlie,Tier 1,Password Reset
INC_1917,Resolved,2026-04-18 17:00:00.000000,Charlie,Tier 1,Password Reset
INC_1917,Closed,2026-04-18 17:10:00.000000,Charlie,Tier 1,Password Reset
INC_1918,Ticket Created,2026-04-05 15:00:00.000000,Charlie,Tier 1,Network Issue
INC_1918,Escalated,2026-04-05 16:58:44.908974,Charlie,Tier 1,Network Issue
INC_1918,In Progress,2026-04-05 17:13:44.908974,Elena,Tier 2 - Network,Network Issue
INC_1918,Resolved,2026-04-06 00:36:51.043903,Elena,Tier 2 - Network,Network Issue
INC_1918,Closed,2026-04-06 01:36:51.043903,Charlie,Tier 1,Network Issue
INC_1919,Ticket Created,2026-04-08 10:00:00.000000,Brea,Tier 1,Password Reset
INC_1919,Resolved,2026-04-08 10:55:00.000000,Brea,Tier 1,Password Reset
INC_1919,Closed,2026-04-08 11:05:00.000000,Brea,Tier 1,Password Reset
INC_1920,Ticket Created,2026-04-08 12:00:00.000000,Charlie,Tier 1,Software Bug
INC_1920,Resolved,2026-04-08 13:29:00.000000,Charlie,Tier 1,Software Bug
INC_1920,Closed,2026-04-08 13:39:00.000000,Charlie,Tier 1,Software Bug
INC_1921,Ticket Created,2026-04-15 09:00:00.000000,Brea,Tier 1,Hardware Failure
INC_1921,Resolved,2026-04-15 09:46:00.000000,Brea,Tier 1,Hardware Failure
INC_1921,Closed,2026-04-15 09:56:00.000000,Brea,Tier 1,Hardware Failure
INC_1922,Ticket Created,2026-04-27 14:00:00.000000,Dani,Tier 1,Network Issue
INC_1922,Resolved,2026-04-27 15:26:00.000000,Dani,Tier 1,Network Issue
INC_1922,Closed,2026-04-27 15:36:00.000000,Dani,Tier 1,Network Issue
INC_1923,Ticket Created,2026-04-22 14:00:00.000000,Alex,Tier 1,Password Reset
INC_1923,Escalated,2026-04-22 14:51:48.653532,Alex,Tier 1,Password Reset
INC_1923,In Progress,2026-04-22 15:06:48.653532,Grace,Tier 2 - Software,Password Reset
INC_1923,Resolved,2026-04-22 19:13:58.984479,Grace,Tier 2 - Software,Password Reset
INC_1923,Closed,2026-04-22 20:13:58.984479,Alex,Tier 1,Password Reset
INC_1924,Ticket Created,2026-04-03 09:00:00.000000,Brea,Tier 1,Software Bug
INC_1924,Escalated,2026-04-03 09:55:34.122060,Brea,Tier 1,Software Bug
INC_1924,In Progress,2026-04-03 10:10:34.122060,Frank,Tier 2 - Software,Software Bug
INC_1924,Resolved,2026-04-03 15:18:53.423954,Frank,Tier 2 - Software,Software Bug
INC_1924,Closed,2026-04-03 16:18:53.423954,Brea,Tier 1,Software Bug
INC_1925,Ticket Created,2026-04-09 17:00:00.000000,Alex,Tier 1,Password Reset
INC_1925,Resolved,2026-04-09 17:23:00.000000,Alex,Tier 1,Password Reset
INC_1925,Closed,2026-04-09 17:33:00.000000,Alex,Tier 1,Password Reset
INC_1926,Ticket Created,2026-04-17 16:00:00.000000,Charlie,Tier 1,Network Issue
INC_1926,Resolved,2026-04-17 16:53:00.000000,Charlie,Tier 1,Network Issue
INC_1926,Closed,2026-04-17 17:03:00.000000,Charlie,Tier 1,Network Issue
INC_1927,Ticket Created,2026-04-09 12:00:00.000000,Brea,Tier 1,Software Bug
INC_1927,Escalated,2026-04-09 13:00:00.000000,Brea,Tier 1,Software Bug
INC_1927,Awaiting Info,2026-04-09 15:00:00.000000,Grace,Tier 2 - Software,Software Bug
INC_1927,In Progress,2026-04-10 14:29:24.219936,Brea,Tier 1,Software Bug
INC_1927,Resolved,2026-04-10 16:44:20.640657,Grace,Tier 2 - Software,Software Bug
INC_1927,Closed,2026-04-10 18:44:20.640657,Brea,Tier 1,Software Bug
INC_1928,Ticket Created,2026-04-11 10:00:00.000000,Alex,Tier 1,Hardware Failure
INC_1928,Resolved,2026-04-11 11:11:00.000000,Alex,Tier 1,Hardware Failure
INC_1928,Closed,2026-04-11 11:21:00.000000,Alex,Tier 1,Hardware Failure
INC_1929,Ticket Created,2026-04-03 14:00:00.000000,Dani,Tier 1,Password Reset
INC_1929,Resolved,2026-04-03 14:34:00.000000,Dani,Tier 1,Password Reset
INC_1929,Closed,2026-04-03 14:44:00.000000,Dani,Tier 1,Password Reset
INC_1930,Ticket Created,2026-04-04 16:00:00.000000,Dani,Tier 1,Network Issue
INC_1930,Escalated,2026-04-04 17:00:00.000000,Dani,Tier 1,Network Issue
INC_1930,Awaiting Info,2026-04-04 19:00:00.000000,David,Tier 2 - Network,Network Issue
INC_1930,In Progress,2026-04-05 11:55:23.029465,Dani,Tier 1,Network Issue
INC_1930,In Progress,2026-04-05 15:55:23.029465,Henry,Tier 3 - Management,Network Issue
INC_1930,Resolved,2026-04-05 18:21:04.650589,David,Tier 2 - Network,Network Issue
INC_1930,Closed,2026-04-05 20:21:04.650589,Dani,Tier 1,Network Issue
INC_1931,Ticket Created,2026-04-30 10:00:00.000000,Brea,Tier 1,Password Reset
INC_1931,Resolved,2026-04-30 10:59:00.000000,Brea,Tier 1,Password Reset
INC_1931,Closed,2026-04-30 11:09:00.000000,Brea,Tier 1,Password Reset
INC_1932,Ticket Created,2026-04-25 15:00:00.000000,Charlie,Tier 1,Hardware Failure
INC_1932,Escalated,2026-04-25 16:00:00.000000,Charlie,Tier 1,Hardware Failure
INC_1932,Awaiting Info,2026-04-25 18:00:00.000000,Grace,Tier 2 - Software,Hardware Failure
INC_1932,In Progress,2026-04-26 05:25:44.181849,Charlie,Tier 1,Hardware Failure
INC_1932,Resolved,2026-04-26 09:02:10.915634,Grace,Tier 2 - Software,Hardware Failure
INC_1932,Closed,2026-04-26 11:02:10.915634,Charlie,Tier 1,Hardware Failure
INC_1933,Ticket Created,2026-04-28 11:00:00.000000,Dani,Tier 1,Password Reset
INC_1933,Resolved,2026-04-28 11:45:00.000000,Dani,Tier 1,Password Reset
INC_1933,Closed,2026-04-28 11:55:00.000000,Dani,Tier 1,Password Reset
INC_1934,Ticket Created,2026-04-04 11:00:00.000000,Brea,Tier 1,Software Bug
INC_1934,Escalated,2026-04-04 12:51:08.199427,Brea,Tier 1,Software Bug
INC_1934,In Progress,2026-04-04 13:06:08.199427,Frank,Tier 2 - Software,Software Bug
INC_1934,Resolved,2026-04-05 05:26:53.557512,Frank,Tier 2 - Software,Software Bug
INC_1934,Closed,2026-04-05 06:26:53.557512,Brea,Tier 1,Software Bug
INC_1935,Ticket Created,2026-04-12 14:00:00.000000,Brea,Tier 1,Password Reset
INC_1935,Resolved,2026-04-12 14:54:00.000000,Brea,Tier 1,Password Reset
INC_1935,Closed,2026-04-12 15:04:00.000000,Brea,Tier 1,Password Reset
INC_1936,Ticket Created,2026-04-20 10:00:00.000000,Charlie,Tier 1,Hardware Failure
INC_1936,Escalated,2026-04-20 11:52:51.574783,Charlie,Tier 1,Hardware Failure
INC_1936,In Progress,2026-04-20 12:07:51.574783,Grace,Tier 2 - Software,Hardware Failure
INC_1936,Resolved,2026-04-20 14:54:46.681378,Grace,Tier 2 - Software,Hardware Failure
INC_1936,Closed,2026-04-20 15:54:46.681378,Charlie,Tier 1,Hardware Failure
INC_1937,Ticket Created,2026-04-21 12:00:00.000000,Brea,Tier 1,Hardware Failure
INC_1937,Escalated,2026-04-21 12:48:54.711446,Brea,Tier 1,Hardware Failure
INC_1937,In Progress,2026-04-21 13:03:54.711446,Frank,Tier 2 - Software,Hardware Failure
INC_1937,Resolved,2026-04-21 17:33:00.103741,Frank,Tier 2 - Software,Hardware Failure
INC_1937,Closed,2026-04-21 18:33:00.103741,Brea,Tier 1,Hardware Failure
INC_1938,Ticket Created,2026-04-05 11:00:00.000000,Dani,Tier 1,Network Issue
INC_1938,Escalated,2026-04-05 12:44:28.539726,Dani,Tier 1,Network Issue
INC_1938,In Progress,2026-04-05 12:59:28.539726,David,Tier 2 - Network,Network Issue
INC_1938,Resolved,2026-04-06 00:01:01.211649,David,Tier 2 - Network,Network Issue
INC_1938,Closed,2026-04-06 01:01:01.211649,Dani,Tier 1,Network Issue
INC_1939,Ticket Created,2026-04-17 15:00:00.000000,Alex,Tier 1,Software Bug
INC_1939,Escalated,2026-04-17 16:00:00.000000,Alex,Tier 1,Software Bug
INC_1939,Awaiting Info,2026-04-17 18:00:00.000000,Frank,Tier 2 - Software,Software Bug
INC_1939,In Progress,2026-04-18 11:21:00.430904,Alex,Tier 1,Software Bug
INC_1939,Resolved,2026-04-18 17:10:41.488899,Frank,Tier 2 - Software,Software Bug
INC_1939,Closed,2026-04-18 19:10:41.488899,Alex,Tier 1,Software Bug
INC_1940,Ticket Created,2026-04-21 17:00:00.000000,Dani,Tier 1,Password Reset
INC_1940,Resolved,2026-04-21 18:17:00.000000,Dani,Tier 1,Password Reset
INC_1940,Closed,2026-04-21 18:27:00.000000,Dani,Tier 1,Password Reset
INC_1941,Ticket Created,2026-04-27 12:00:00.000000,Dani,Tier 1,Software Bug
INC_1941,Resolved,2026-04-27 12:28:00.000000,Dani,Tier 1,Software Bug
INC_1941,Closed,2026-04-27 12:38:00.000000,Dani,Tier 1,Software Bug
INC_1942,Ticket Created,2026-04-21 17:00:00.000000,Alex,Tier 1,Network Issue
INC_1942,Escalated,2026-04-21 18:14:43.857808,Alex,Tier 1,Network Issue
INC_1942,In Progress,2026-04-21 18:29:43.857808,Elena,Tier 2 - Network,Network Issue
INC_1942,Resolved,2026-04-22 05:24:30.475623,Elena,Tier 2 - Network,Network Issue
INC_1942,Closed,2026-04-22 06:24:30.475623,Alex,Tier 1,Network Issue
INC_1943,Ticket Created,2026-04-26 09:00:00.000000,Brea,Tier 1,Software Bug
INC_1943,Escalated,2026-04-26 10:29:00.833065,Brea,Tier 1,Software Bug
INC_1943,In Progress,2026-04-26 10:44:00.833065,Frank,Tier 2 - Software,Software Bug
INC_1943,Resolved,2026-04-26 23:14:07.815309,Frank,Tier 2 - Software,Software Bug
INC_1943,Closed,2026-04-27 00:14:07.815309,Brea,Tier 1,Software Bug
INC_1944,Ticket Created,2026-04-09 14:00:00.000000,Dani,Tier 1,Software Bug
INC_1944,Escalated,2026-04-09 14:32:00.129365,Dani,Tier 1,Software Bug
INC_1944,In Progress,2026-04-09 14:47:00.129365,Frank,Tier 2 - Software,Software Bug
INC_1944,Resolved,2026-04-10 09:32:57.187139,Frank,Tier 2 - Software,Software Bug
INC_1944,Closed,2026-04-10 10:32:57.187139,Dani,Tier 1,Software Bug
INC_1945,Ticket Created,2026-04-08 11:00:00.000000,Dani,Tier 1,Password Reset
INC_1945,Resolved,2026-04-08 11:54:00.000000,Dani,Tier 1,Password Reset
INC_1945,Closed,2026-04-08 12:04:00.000000,Dani,Tier 1,Password Reset
INC_1946,Ticket Created,2026-04-20 12:00:00.000000,Charlie,Tier 1,Hardware Failure
INC_1946,Resolved,2026-04-20 12:45:00.000000,Charlie,Tier 1,Hardware Failure
INC_1946,Closed,2026-04-20 12:55:00.000000,Charlie,Tier 1,Hardware Failure
INC_1947,Ticket Created,2026-04-10 09:00:00.000000,Dani,Tier 1,Hardware Failure
INC_1947,Resolved,2026-04-10 09:43:00.000000,Dani,Tier 1,Hardware Failure
INC_1947,Closed,2026-04-10 09:53:00.000000,Dani,Tier 1,Hardware Failure
INC_1948,Ticket Created,2026-04-11 11:00:00.000000,Brea,Tier 1,Password Reset
INC_1948,Resolved,2026-04-11 11:41:00.000000,Brea,Tier 1,Password Reset
INC_1948,Closed,2026-04-11 11:51:00.000000,Brea,Tier 1,Password Reset
INC_1949,Ticket Created,2026-05-01 10:00:00.000000,Alex,Tier 1,Network Issue
INC_1949,Escalated,2026-05-01 11:52:02.813779,Alex,Tier 1,Network Issue
INC_1949,In Progress,2026-05-01 12:07:02.813779,David,Tier 2 - Network,Network Issue
INC_1949,Resolved,2026-05-02 06:46:34.931719,David,Tier 2 - Network,Network Issue
INC_1949,Closed,2026-05-02 07:46:34.931719,Alex,Tier 1,Network Issue
INC_1950,Ticket Created,2026-04-25 11:00:00.000000,Alex,Tier 1,Hardware Failure
INC_1950,Resolved,2026-04-25 11:25:00.000000,Alex,Tier 1,Hardware Failure
INC_1950,Closed,2026-04-25 11:35:00.000000,Alex,Tier 1,Hardware Failure
INC_1951,Ticket Created,2026-04-28 12:00:00.000000,Charlie,Tier 1,Software Bug
INC_1951,Resolved,2026-04-28 13:14:00.000000,Charlie,Tier 1,Software Bug
INC_1951,Closed,2026-04-28 13:24:00.000000,Charlie,Tier 1,Software Bug
INC_1952,Ticket Created,2026-04-17 11:00:00.000000,Dani,Tier 1,Hardware Failure
INC_1952,Resolved,2026-04-17 11:45:00.000000,Dani,Tier 1,Hardware Failure
INC_1952,Closed,2026-04-17 11:55:00.000000,Dani,Tier 1,Hardware Failure
INC_1953,Ticket Created,2026-04-12 10:00:00.000000,Charlie,Tier 1,Hardware Failure
INC_1953,Resolved,2026-04-12 11:02:00.000000,Charlie,Tier 1,Hardware Failure
INC_1953,Closed,2026-04-12 11:12:00.000000,Charlie,Tier 1,Hardware Failure
INC_1954,Ticket Created,2026-04-02 16:00:00.000000,Alex,Tier 1,Software Bug
INC_1954,Resolved,2026-04-02 17:00:00.000000,Alex,Tier 1,Software Bug
INC_1954,Closed,2026-04-02 17:10:00.000000,Alex,Tier 1,Software Bug
INC_1955,Ticket Created,2026-04-13 09:00:00.000000,Alex,Tier 1,Hardware Failure
INC_1955,Escalated,2026-04-13 10:57:04.466498,Alex,Tier 1,Hardware Failure
INC_1955,In Progress,2026-04-13 11:12:04.466498,Grace,Tier 2 - Software,Hardware Failure
INC_1955,Resolved,2026-04-13 12:46:45.317124,Grace,Tier 2 - Software,Hardware Failure
INC_1955,Closed,2026-04-13 13:46:45.317124,Alex,Tier 1,Hardware Failure
INC_1956,Ticket Created,2026-04-30 11:00:00.000000,Alex,Tier 1,Software Bug
INC_1956,Resolved,2026-04-30 11:30:00.000000,Alex,Tier 1,Software Bug
INC_1956,Closed,2026-04-30 11:40:00.000000,Alex,Tier 1,Software Bug
INC_1957,Ticket Created,2026-04-17 14:00:00.000000,Brea,Tier 1,Software Bug
INC_1957,Escalated,2026-04-17 15:00:00.000000,Brea,Tier 1,Software Bug
INC_1957,Awaiting Info,2026-04-17 17:00:00.000000,Frank,Tier 2 - Software,Software Bug
INC_1957,In Progress,2026-04-18 15:04:21.298059,Brea,Tier 1,Software Bug
INC_1957,Resolved,2026-04-18 20:34:10.469162,Frank,Tier 2 - Software,Software Bug
INC_1957,Closed,2026-04-18 22:34:10.469162,Brea,Tier 1,Software Bug
INC_1958,Ticket Created,2026-04-02 09:00:00.000000,Dani,Tier 1,Hardware Failure
INC_1958,Resolved,2026-04-02 09:24:00.000000,Dani,Tier 1,Hardware Failure
INC_1958,Closed,2026-04-02 09:34:00.000000,Dani,Tier 1,Hardware Failure
INC_1959,Ticket Created,2026-04-29 15:00:00.000000,Alex,Tier 1,Password Reset
INC_1959,Resolved,2026-04-29 15:41:00.000000,Alex,Tier 1,Password Reset
INC_1959,Closed,2026-04-29 15:51:00.000000,Alex,Tier 1,Password Reset
INC_1960,Ticket Created,2026-04-14 15:00:00.000000,Charlie,Tier 1,Password Reset
INC_1960,Resolved,2026-04-14 16:25:00.000000,Charlie,Tier 1,Password Reset
INC_1960,Closed,2026-04-14 16:35:00.000000,Charlie,Tier 1,Password Reset
INC_1961,Ticket Created,2026-04-21 10:00:00.000000,Charlie,Tier 1,Software Bug
INC_1961,Resolved,2026-04-21 10:33:00.000000,Charlie,Tier 1,Software Bug
INC_1961,Closed,2026-04-21 10:43:00.000000,Charlie,Tier 1,Software Bug
INC_1962,Ticket Created,2026-04-26 15:00:00.000000,Alex,Tier 1,Network Issue
INC_1962,Escalated,2026-04-26 16:53:19.052322,Alex,Tier 1,Network Issue
INC_1962,In Progress,2026-04-26 17:08:19.052322,David,Tier 2 - Network,Network Issue
INC_1962,Resolved,2026-04-27 10:00:14.996971,David,Tier 2 - Network,Network Issue
INC_1962,Closed,2026-04-27 11:00:14.996971,Alex,Tier 1,Network Issue
INC_1963,Ticket Created,2026-04-11 09:00:00.000000,Brea,Tier 1,Password Reset
INC_1963,Escalated,2026-04-11 09:56:54.391034,Brea,Tier 1,Password Reset
INC_1963,In Progress,2026-04-11 10:11:54.391034,Grace,Tier 2 - Software,Password Reset
INC_1963,Resolved,2026-04-11 11:21:52.386027,Grace,Tier 2 - Software,Password Reset
INC_1963,Closed,2026-04-11 12:21:52.386027,Brea,Tier 1,Password Reset
INC_1964,Ticket Created,2026-04-17 09:00:00.000000,Charlie,Tier 1,Software Bug
INC_1964,Escalated,2026-04-17 10:00:00.000000,Charlie,Tier 1,Software Bug
INC_1964,Awaiting Info,2026-04-17 12:00:00.000000,Frank,Tier 2 - Software,Software Bug
INC_1964,In Progress,2026-04-18 10:44:45.974252,Charlie,Tier 1,Software Bug
INC_1964,Resolved,2026-04-18 13:39:10.313150,Frank,Tier 2 - Software,Software Bug
INC_1964,Closed,2026-04-18 15:39:10.313150,Charlie,Tier 1,Software Bug
INC_1965,Ticket Created,2026-04-14 17:00:00.000000,Brea,Tier 1,Hardware Failure
INC_1965,Escalated,2026-04-14 18:26:32.065282,Brea,Tier 1,Hardware Failure
INC_1965,In Progress,2026-04-14 18:41:32.065282,Frank,Tier 2 - Software,Hardware Failure
INC_1965,Resolved,2026-04-14 20:50:00.538817,Frank,Tier 2 - Software,Hardware Failure
INC_1965,Closed,2026-04-14 21:50:00.538817,Brea,Tier 1,Hardware Failure
INC_1966,Ticket Created,2026-04-04 13:00:00.000000,Brea,Tier 1,Network Issue
INC_1966,Escalated,2026-04-04 13:40:58.282625,Brea,Tier 1,Network Issue
INC_1966,In Progress,2026-04-04 13:55:58.282625,David,Tier 2 - Network,Network Issue
INC_1966,Resolved,2026-04-04 22:09:05.236579,David,Tier 2 - Network,Network Issue
INC_1966,Closed,2026-04-04 23:09:05.236579,Brea,Tier 1,Network Issue
INC_1967,Ticket Created,2026-04-20 17:00:00.000000,Brea,Tier 1,Software Bug
INC_1967,Escalated,2026-04-20 18:41:38.336968,Brea,Tier 1,Software Bug
INC_1967,In Progress,2026-04-20 18:56:38.336968,Grace,Tier 2 - Software,Software Bug
INC_1967,Resolved,2026-04-21 07:16:24.199208,Grace,Tier 2 - Software,Software Bug
INC_1967,Closed,2026-04-21 08:16:24.199208,Brea,Tier 1,Software Bug
INC_1968,Ticket Created,2026-04-08 13:00:00.000000,Brea,Tier 1,Software Bug
INC_1968,Escalated,2026-04-08 14:00:00.000000,Brea,Tier 1,Software Bug
INC_1968,Awaiting Info,2026-04-08 16:00:00.000000,Frank,Tier 2 - Software,Software Bug
INC_1968,In Progress,2026-04-09 11:15:29.466830,Brea,Tier 1,Software Bug
INC_1968,Resolved,2026-04-09 14:57:19.543250,Frank,Tier 2 - Software,Software Bug
INC_1968,Closed,2026-04-09 16:57:19.543250,Brea,Tier 1,Software Bug
INC_1969,Ticket Created,2026-05-01 14:00:00.000000,Charlie,Tier 1,Network Issue
INC_1969,Escalated,2026-05-01 15:00:00.000000,Charlie,Tier 1,Network Issue
INC_1969,Awaiting Info,2026-05-01 17:00:00.000000,Elena,Tier 2 - Network,Network Issue
INC_1969,In Progress,2026-05-02 06:30:34.356568,Charlie,Tier 1,Network Issue
INC_1969,In Progress,2026-05-02 10:30:34.356568,Henry,Tier 3 - Management,Network Issue
INC_1969,Resolved,2026-05-02 13:14:35.758376,Elena,Tier 2 - Network,Network Issue
INC_1969,Closed,2026-05-02 15:14:35.758376,Charlie,Tier 1,Network Issue
INC_1970,Ticket Created,2026-04-26 16:00:00.000000,Dani,Tier 1,Network Issue
INC_1970,Escalated,2026-04-26 17:09:34.821223,Dani,Tier 1,Network Issue
INC_1970,In Progress,2026-04-26 17:24:34.821223,David,Tier 2 - Network,Network Issue
INC_1970,Resolved,2026-04-27 00:47:09.972768,David,Tier 2 - Network,Network Issue
INC_1970,Closed,2026-04-27 01:47:09.972768,Dani,Tier 1,Network Issue
INC_1971,Ticket Created,2026-04-19 17:00:00.000000,Alex,Tier 1,Hardware Failure
INC_1971,Escalated,2026-04-19 17:50:43.473885,Alex,Tier 1,Hardware Failure
INC_1971,In Progress,2026-04-19 18:05:43.473885,Frank,Tier 2 - Software,Hardware Failure
INC_1971,Resolved,2026-04-19 20:58:21.274262,Frank,Tier 2 - Software,Hardware Failure
INC_1971,Closed,2026-04-19 21:58:21.274262,Alex,Tier 1,Hardware Failure
INC_1972,Ticket Created,2026-04-15 15:00:00.000000,Charlie,Tier 1,Network Issue
INC_1972,Escalated,2026-04-15 16:00:00.000000,Charlie,Tier 1,Network Issue
INC_1972,Awaiting Info,2026-04-15 18:00:00.000000,Elena,Tier 2 - Network,Network Issue
INC_1972,In Progress,2026-04-16 13:42:39.151539,Charlie,Tier 1,Network Issue
INC_1972,In Progress,2026-04-16 17:42:39.151539,Henry,Tier 3 - Management,Network Issue
INC_1972,Resolved,2026-04-16 20:46:05.648271,Elena,Tier 2 - Network,Network Issue
INC_1972,Closed,2026-04-16 22:46:05.648271,Charlie,Tier 1,Network Issue
INC_1973,Ticket Created,2026-04-28 10:00:00.000000,Charlie,Tier 1,Software Bug
INC_1973,Escalated,2026-04-28 11:00:00.000000,Charlie,Tier 1,Software Bug
INC_1973,Awaiting Info,2026-04-28 13:00:00.000000,Grace,Tier 2 - Software,Software Bug
INC_1973,In Progress,2026-04-29 11:14:13.252412,Charlie,Tier 1,Software Bug
INC_1973,Resolved,2026-04-29 14:38:53.375510,Grace,Tier 2 - Software,Software Bug
INC_1973,Closed,2026-04-29 16:38:53.375510,Charlie,Tier 1,Software Bug
INC_1974,Ticket Created,2026-04-08 13:00:00.000000,Dani,Tier 1,Password Reset
INC_1974,Resolved,2026-04-08 13:29:00.000000,Dani,Tier 1,Password Reset
INC_1974,Closed,2026-04-08 13:39:00.000000,Dani,Tier 1,Password Reset
INC_1975,Ticket Created,2026-04-28 16:00:00.000000,Charlie,Tier 1,Software Bug
INC_1975,Resolved,2026-04-28 16:51:00.000000,Charlie,Tier 1,Software Bug
INC_1975,Closed,2026-04-28 17:01:00.000000,Charlie,Tier 1,Software Bug
INC_1976,Ticket Created,2026-04-20 17:00:00.000000,Dani,Tier 1,Software Bug
INC_1976,Resolved,2026-04-20 17:58:00.000000,Dani,Tier 1,Software Bug
INC_1976,Closed,2026-04-20 18:08:00.000000,Dani,Tier 1,Software Bug
INC_1977,Ticket Created,2026-04-25 09:00:00.000000,Alex,Tier 1,Hardware Failure
INC_1977,Resolved,2026-04-25 09:54:00.000000,Alex,Tier 1,Hardware Failure
INC_1977,Closed,2026-04-25 10:04:00.000000,Alex,Tier 1,Hardware Failure
INC_1978,Ticket Created,2026-04-21 16:00:00.000000,Brea,Tier 1,Hardware Failure
INC_1978,Resolved,2026-04-21 16:30:00.000000,Brea,Tier 1,Hardware Failure
INC_1978,Closed,2026-04-21 16:40:00.000000,Brea,Tier 1,Hardware Failure
INC_1979,Ticket Created,2026-04-10 10:00:00.000000,Dani,Tier 1,Software Bug
INC_1979,Escalated,2026-04-10 10:47:07.079379,Dani,Tier 1,Software Bug
INC_1979,In Progress,2026-04-10 11:02:07.079379,Grace,Tier 2 - Software,Software Bug
INC_1979,Resolved,2026-04-11 03:21:02.068985,Grace,Tier 2 - Software,Software Bug
INC_1979,Closed,2026-04-11 04:21:02.068985,Dani,Tier 1,Software Bug
INC_1980,Ticket Created,2026-04-07 14:00:00.000000,Dani,Tier 1,Software Bug
INC_1980,Escalated,2026-04-07 14:47:45.067561,Dani,Tier 1,Software Bug
INC_1980,In Progress,2026-04-07 15:02:45.067561,Frank,Tier 2 - Software,Software Bug
INC_1980,Resolved,2026-04-08 05:50:56.418468,Frank,Tier 2 - Software,Software Bug
INC_1980,Closed,2026-04-08 06:50:56.418468,Dani,Tier 1,Software Bug
INC_1981,Ticket Created,2026-04-23 09:00:00.000000,Dani,Tier 1,Network Issue
INC_1981,Escalated,2026-04-23 10:00:00.000000,Dani,Tier 1,Network Issue
INC_1981,Awaiting Info,2026-04-23 12:00:00.000000,David,Tier 2 - Network,Network Issue
INC_1981,In Progress,2026-04-24 01:37:58.400596,Dani,Tier 1,Network Issue
INC_1981,In Progress,2026-04-24 05:37:58.400596,Henry,Tier 3 - Management,Network Issue
INC_1981,Resolved,2026-04-24 10:53:44.054718,David,Tier 2 - Network,Network Issue
INC_1981,Closed,2026-04-24 12:53:44.054718,Dani,Tier 1,Network Issue
INC_1982,Ticket Created,2026-04-09 13:00:00.000000,Alex,Tier 1,Hardware Failure
INC_1982,Escalated,2026-04-09 14:43:34.240262,Alex,Tier 1,Hardware Failure
INC_1982,In Progress,2026-04-09 14:58:34.240262,Grace,Tier 2 - Software,Hardware Failure
INC_1982,Resolved,2026-04-09 16:11:18.006780,Grace,Tier 2 - Software,Hardware Failure
INC_1982,Closed,2026-04-09 17:11:18.006780,Alex,Tier 1,Hardware Failure
INC_1983,Ticket Created,2026-04-04 16:00:00.000000,Brea,Tier 1,Software Bug
INC_1983,Escalated,2026-04-04 16:43:46.587038,Brea,Tier 1,Software Bug
INC_1983,In Progress,2026-04-04 16:58:46.587038,Frank,Tier 2 - Software,Software Bug
INC_1983,Resolved,2026-04-05 10:30:18.064138,Frank,Tier 2 - Software,Software Bug
INC_1983,Closed,2026-04-05 11:30:18.064138,Brea,Tier 1,Software Bug
INC_1984,Ticket Created,2026-04-29 15:00:00.000000,Alex,Tier 1,Network Issue
INC_1984,Escalated,2026-04-29 16:58:10.786721,Alex,Tier 1,Network Issue
INC_1984,In Progress,2026-04-29 17:13:10.786721,Elena,Tier 2 - Network,Network Issue
INC_1984,Resolved,2026-04-30 11:31:51.830184,Elena,Tier 2 - Network,Network Issue
INC_1984,Closed,2026-04-30 12:31:51.830184,Alex,Tier 1,Network Issue
INC_1985,Ticket Created,2026-04-13 15:00:00.000000,Charlie,Tier 1,Software Bug
INC_1985,Escalated,2026-04-13 16:00:00.000000,Charlie,Tier 1,Software Bug
INC_1985,Awaiting Info,2026-04-13 18:00:00.000000,Frank,Tier 2 - Software,Software Bug
INC_1985,In Progress,2026-04-14 06:08:35.175709,Charlie,Tier 1,Software Bug
INC_1985,Resolved,2026-04-14 08:33:18.114348,Frank,Tier 2 - Software,Software Bug
INC_1985,Closed,2026-04-14 10:33:18.114348,Charlie,Tier 1,Software Bug
INC_1986,Ticket Created,2026-04-03 13:00:00.000000,Alex,Tier 1,Network Issue
INC_1986,Escalated,2026-04-03 13:43:42.637540,Alex,Tier 1,Network Issue
INC_1986,In Progress,2026-04-03 13:58:42.637540,Elena,Tier 2 - Network,Network Issue
INC_1986,Resolved,2026-04-04 06:37:30.319519,Elena,Tier 2 - Network,Network Issue
INC_1986,Closed,2026-04-04 07:37:30.319519,Alex,Tier 1,Network Issue
INC_1987,Ticket Created,2026-04-02 11:00:00.000000,Charlie,Tier 1,Network Issue
INC_1987,Escalated,2026-04-02 12:00:00.000000,Charlie,Tier 1,Network Issue
INC_1987,Awaiting Info,2026-04-02 14:00:00.000000,David,Tier 2 - Network,Network Issue
INC_1987,In Progress,2026-04-03 01:48:44.761956,Charlie,Tier 1,Network Issue
INC_1987,In Progress,2026-04-03 05:48:44.761956,Henry,Tier 3 - Management,Network Issue
INC_1987,Resolved,2026-04-03 11:29:41.313141,David,Tier 2 - Network,Network Issue
INC_1987,Closed,2026-04-03 13:29:41.313141,Charlie,Tier 1,Network Issue
INC_1988,Ticket Created,2026-04-13 17:00:00.000000,Alex,Tier 1,Software Bug
INC_1988,Escalated,2026-04-13 18:00:00.000000,Alex,Tier 1,Software Bug
INC_1988,Awaiting Info,2026-04-13 20:00:00.000000,Frank,Tier 2 - Software,Software Bug
INC_1988,In Progress,2026-04-14 18:03:23.648810,Alex,Tier 1,Software Bug
INC_1988,Resolved,2026-04-14 21:58:56.176732,Frank,Tier 2 - Software,Software Bug
INC_1988,Closed,2026-04-14 23:58:56.176732,Alex,Tier 1,Software Bug
INC_1989,Ticket Created,2026-04-19 10:00:00.000000,Alex,Tier 1,Network Issue
INC_1989,Escalated,2026-04-19 11:49:54.163966,Alex,Tier 1,Network Issue
INC_1989,In Progress,2026-04-19 12:04:54.163966,David,Tier 2 - Network,Network Issue
INC_1989,Resolved,2026-04-20 04:45:38.275474,David,Tier 2 - Network,Network Issue
INC_1989,Closed,2026-04-20 05:45:38.275474,Alex,Tier 1,Network Issue
INC_1990,Ticket Created,2026-04-05 09:00:00.000000,Dani,Tier 1,Software Bug
INC_1990,Escalated,2026-04-05 10:00:00.000000,Dani,Tier 1,Software Bug
INC_1990,Awaiting Info,2026-04-05 12:00:00.000000,Frank,Tier 2 - Software,Software Bug
INC_1990,In Progress,2026-04-06 11:33:05.885710,Dani,Tier 1,Software Bug
INC_1990,Resolved,2026-04-06 16:56:51.390977,Frank,Tier 2 - Software,Software Bug
INC_1990,Closed,2026-04-06 18:56:51.390977,Dani,Tier 1,Software Bug
INC_1991,Ticket Created,2026-04-19 09:00:00.000000,Alex,Tier 1,Hardware Failure
INC_1991,Resolved,2026-04-19 09:35:00.000000,Alex,Tier 1,Hardware Failure
INC_1991,Closed,2026-04-19 09:45:00.000000,Alex,Tier 1,Hardware Failure
INC_1992,Ticket Created,2026-04-23 14:00:00.000000,Alex,Tier 1,Hardware Failure
INC_1992,Escalated,2026-04-23 15:03:38.925872,Alex,Tier 1,Hardware Failure
INC_1992,In Progress,2026-04-23 15:18:38.925872,Frank,Tier 2 - Software,Hardware Failure
INC_1992,Resolved,2026-04-23 17:31:17.740519,Frank,Tier 2 - Software,Hardware Failure
INC_1992,Closed,2026-04-23 18:31:17.740519,Alex,Tier 1,Hardware Failure
INC_1993,Ticket Created,2026-04-19 16:00:00.000000,Charlie,Tier 1,Hardware Failure
INC_1993,Escalated,2026-04-19 17:11:38.401416,Charlie,Tier 1,Hardware Failure
INC_1993,In Progress,2026-04-19 17:26:38.401416,Grace,Tier 2 - Software,Hardware Failure
INC_1993,Resolved,2026-04-19 19:40:11.783803,Grace,Tier 2 - Software,Hardware Failure
INC_1993,Closed,2026-04-19 20:40:11.783803,Charlie,Tier 1,Hardware Failure
INC_1994,Ticket Created,2026-04-21 12:00:00.000000,Dani,Tier 1,Hardware Failure
INC_1994,Escalated,2026-04-21 13:53:59.210428,Dani,Tier 1,Hardware Failure
INC_1994,In Progress,2026-04-21 14:08:59.210428,Grace,Tier 2 - Software,Hardware Failure
INC_1994,Resolved,2026-04-21 18:11:26.750955,Grace,Tier 2 - Software,Hardware Failure
INC_1994,Closed,2026-04-21 19:11:26.750955,Dani,Tier 1,Hardware Failure
INC_1995,Ticket Created,2026-04-02 14:00:00.000000,Dani,Tier 1,Software Bug
INC_1995,Escalated,2026-04-02 14:43:14.963340,Dani,Tier 1,Software Bug
INC_1995,In Progress,2026-04-02 14:58:14.963340,Grace,Tier 2 - Software,Software Bug
INC_1995,Resolved,2026-04-02 23:17:16.036321,Grace,Tier 2 - Software,Software Bug
INC_1995,Closed,2026-04-03 00:17:16.036321,Dani,Tier 1,Software Bug
INC_1996,Ticket Created,2026-04-19 15:00:00.000000,Alex,Tier 1,Password Reset
INC_1996,Resolved,2026-04-19 15:52:00.000000,Alex,Tier 1,Password Reset
INC_1996,Closed,2026-04-19 16:02:00.000000,Alex,Tier 1,Password Reset
INC_1997,Ticket Created,2026-04-16 15:00:00.000000,Brea,Tier 1,Software Bug
INC_1997,Escalated,2026-04-16 16:42:45.034378,Brea,Tier 1,Software Bug
INC_1997,In Progress,2026-04-16 16:57:45.034378,Grace,Tier 2 - Software,Software Bug
INC_1997,Resolved,2026-04-17 04:59:22.000691,Grace,Tier 2 - Software,Software Bug
INC_1997,Closed,2026-04-17 05:59:22.000691,Brea,Tier 1,Software Bug
INC_1998,Ticket Created,2026-04-14 10:00:00.000000,Alex,Tier 1,Password Reset
INC_1998,Resolved,2026-04-14 10:32:00.000000,Alex,Tier 1,Password Reset
INC_1998,Closed,2026-04-14 10:42:00.000000,Alex,Tier 1,Password Reset
INC_1999,Ticket Created,2026-04-28 11:00:00.000000,Dani,Tier 1,Network Issue
INC_1999,Escalated,2026-04-28 12:51:33.270129,Dani,Tier 1,Network Issue
INC_1999,In Progress,2026-04-28 13:06:33.270129,Elena,Tier 2 - Network,Network Issue
INC_1999,Resolved,2026-04-29 04:35:46.145888,Elena,Tier 2 - Network,Network Issue
INC_1999,Closed,2026-04-29 05:35:46.145888,Dani,Tier 1,Network Issue
