{
  "type": "FeatureCollection",
  "features": [
    {
      "type": "Feature",
      "properties": {
        "name": "Chhattisgarh"
      },
      "geometry": {
        "type": "Polygon",
        "coordinates": [
          [
            [
              81.92144561100011,
              18.642105798000067
            ],
            [
              81.90063964699999,
              18.661242568000095
            ],
            [
              81.8936538260001,
              18.657162012000153
            ],
            [
              81.89800905400003,
              18.653798276000103
            ],
            [
              81.8939683610001,
              18.641094500000147
            ],
            [
              81.89848796600013,
              18.634587564000086
            ],
            [
              81.89305813300011,
              18.628777106000097
            ],
            [
              81.90886375000002,
              18.628120805000062
            ],
            [
              81.92934995299997,
              18.618280050000116
            ],
            [
              81.9351727000001,
              18.606387615000145
            ],
            [
              81.94349568200013,
              18.601927613000072
            ],
            [
              81.96204922100004,
              18.59890261300007
            ],
            [
              81.96517049500011,
              18.589874584000047
            ],
            [
              81.95327305300007,
              18.582939981000038
            ],
            [
              81.95039006500001,
              18.569951918000097
            ],
            [
              81.94444404700009,
              18.56924107500008
            ],
            [
              81.93506163900014,
              18.56234906400013
            ],
            [
              81.92042816100003,
              18.564216680000115
            ],
            [
              81.92085913700008,
              18.5674830260001
            ],
            [
              81.91394973800011,
              18.573085664000125
            ],
            [
              81.90986098200011,
              18.564161361000068
            ],
            [
              81.90551735200007,
              18.56353868500006
            ],
            [
              81.90853320200003,
              18.552306593000104
            ],
            [
              81.90166295200011,
              18.548381336000045
            ],
            [
              81.9082279610001,
              18.537399333000085
            ],
            [
              81.9006893030001,
              18.534653766000112
            ],
            [
              81.88917155100005,
              18.538129860000044
            ],
            [
              81.87954253200013,
              18.52518506400004
            ],
            [
              81.86788413699998,
              18.52491216700011
            ],
            [
              81.85643921600008,
              18.508252764000158
            ],
            [
              81.856877263,
              18.492308484000045
            ],
            [
              81.76871964300007,
              18.41783350900005
            ],
            [
              81.75022488000013,
              18.3523599400001
            ],
            [
              81.65783648600008,
              18.347224975000135
            ],
            [
              81.64754388200005,
              18.335933237000127
            ],
            [
              81.66365996000007,
              18.32622318100007
            ],
            [
              81.66279796600017,
              18.321658120000098
            ],
            [
              81.65335019200005,
              18.32209707800009
            ],
            [
              81.64053358500009,
              18.31790891800013
            ],
            [
              81.63158659800001,
              18.311412604000058
            ],
            [
              81.62558021200007,
              18.311818972000108
            ],
            [
              81.61973207000007,
              18.306011829000127
            ],
            [
              81.59848971600009,
              18.30811260100013
            ],
            [
              81.59429176200011,
              18.300238849000042
            ],
            [
              81.58623965000001,
              18.297362852000113
            ],
            [
              81.56455498900011,
              18.27506290300011
            ],
            [
              81.55055293000012,
              18.269053197000066
            ],
            [
              81.53568896200004,
              18.268888704000133
            ],
            [
              81.52862341900013,
              18.26277963600013
            ],
            [
              81.5248820360001,
              18.25608465200005
            ],
            [
              81.53037476500008,
              18.239923148000084
            ],
            [
              81.51534706600013,
              18.212920976000127
            ],
            [
              81.51474433200009,
              18.201670008000118
            ],
            [
              81.5068395480001,
              18.18645886700009
            ],
            [
              81.51022076000008,
              18.17897975500006
            ],
            [
              81.51788390600015,
              18.175103591000067
            ],
            [
              81.52744273600004,
              18.16133672100008
            ],
            [
              81.5270967000001,
              18.152273288000146
            ],
            [
              81.51741641800011,
              18.141804745000126
            ],
            [
              81.51382519900007,
              18.131374977000117
            ],
            [
              81.51381645000005,
              18.102226737000052
            ],
            [
              81.4994187120001,
              18.077305868000085
            ],
            [
              81.50058172200013,
              18.064600951000124
            ],
            [
              81.48676106400013,
              18.0573376790001
            ],
            [
              81.48014661300006,
              18.041106107000108
            ],
            [
              81.48506485200012,
              18.007393363000116
            ],
            [
              81.47841425500016,
              17.98561654600014
            ],
            [
              81.48548875000012,
              17.977387849000085
            ],
            [
              81.47706113300012,
              17.967670694000063
            ],
            [
              81.47241683300007,
              17.954170762000047
            ],
            [
              81.46179885700012,
              17.95002751500007
            ],
            [
              81.46211376700006,
              17.944859426000118
            ],
            [
              81.45207838100009,
              17.92928043700012
            ],
            [
              81.456327073,
              17.916488290000135
            ],
            [
              81.45612586400014,
              17.903810656000122
            ],
            [
              81.45041794200002,
              17.8978269860001
            ],
            [
              81.4484277930001,
              17.88586284700006
            ],
            [
              81.43535929,
              17.878440699000123
            ],
            [
              81.40713131100004,
              17.893728072000062
            ],
            [
              81.39784731000007,
              17.887672432000127
            ],
            [
              81.39454942200014,
              17.870291646000084
            ],
            [
              81.40456699800015,
              17.850685149000093
            ],
            [
              81.3898492730001,
              17.827788526000102
            ],
            [
              81.39324407100014,
              17.81510196200006
            ],
            [
              81.39346514600004,
              17.7934884730001
            ],
            [
              81.3863156950001,
              17.794304014000076
            ],
            [
              81.37574004500011,
              17.804818074000043
            ],
            [
              81.35392699700007,
              17.812280377000103
            ],
            [
              81.3443134920001,
              17.809753871000137
            ],
            [
              81.32672042900008,
              17.81390638300008
            ],
            [
              81.30172689400014,
              17.807977859000093
            ],
            [
              81.26576765700017,
              17.80945057300009
            ],
            [
              81.24910009500016,
              17.816349836000104
            ],
            [
              81.239920276,
              17.825726450000104
            ],
            [
              81.21585365100012,
              17.834130661000117
            ],
            [
              81.19878433000008,
              17.84687604800014
            ],
            [
              81.1660012640001,
              17.857472975000125
            ],
            [
              81.14284219800007,
              17.841774553000104
            ],
            [
              81.1258208,
              17.825502317000034
            ],
            [
              81.10116969900015,
              17.814893501000043
            ],
            [
              81.07365902500004,
              17.786375568000082
            ],
            [
              81.04593483200003,
              17.781967062000096
            ],
            [
              81.01865004500014,
              17.790898309000106
            ],
            [
              81.00877520000013,
              17.797688211000043
            ],
            [
              80.99589189100006,
              17.858886495000107
            ],
            [
              80.99440075899996,
              17.880162400000113
            ],
            [
              80.99947203600007,
              17.90303203000009
            ],
            [
              80.99874536100008,
              17.916791952000125
            ],
            [
              80.98794354700001,
              17.94414155400014
            ],
            [
              80.9803111880001,
              18.002240916000126
            ],
            [
              80.97329634800002,
              18.024504075000106
            ],
            [
              80.96460399500015,
              18.03779024900011
            ],
            [
              80.96995901700002,
              18.04487404500003
            ],
            [
              80.96415341200009,
              18.060218376000062
            ],
            [
              80.94939120200007,
              18.08202590700009
            ],
            [
              80.95534424600005,
              18.127646633000097
            ],
            [
              80.97856942600005,
              18.150149495000104
            ],
            [
              80.97910693700011,
              18.165418548000126
            ],
            [
              81.00836789700008,
              18.169454219000084
            ],
            [
              81.00786935800014,
              18.16126435000013
            ],
            [
              81.00841338300012,
              18.169835782000124
            ],
            [
              80.9784305670001,
              18.165733542000076
            ],
            [
              80.97671373600016,
              18.16983834200007
            ],
            [
              80.97933610000015,
              18.175706179000098
            ],
            [
              80.95839848999998,
              18.173822508000118
            ],
            [
              80.95230818400002,
              18.163891825000103
            ],
            [
              80.94277545199998,
              18.1608238780001
            ],
            [
              80.94003650300012,
              18.155457123000144
            ],
            [
              80.920421137,
              18.14347724300013
            ],
            [
              80.89576589200009,
              18.136904277000113
            ],
            [
              80.86763686700006,
              18.136810056000133
            ],
            [
              80.86112713500012,
              18.148442978000126
            ],
            [
              80.85903344600008,
              18.185884041000136
            ],
            [
              80.8531715070001,
              18.20200447400008
            ],
            [
              80.85643090399995,
              18.20475860000005
            ],
            [
              80.86797273200014,
              18.20374166400011
            ],
            [
              80.87215805200005,
              18.20558539800007
            ],
            [
              80.87302892100016,
              18.210722508000124
            ],
            [
              80.86619171000012,
              18.230317930000087
            ],
            [
              80.84395959500004,
              18.232764921000136
            ],
            [
              80.83748371500016,
              18.239110802000106
            ],
            [
              80.82410446000009,
              18.23620145800008
            ],
            [
              80.82467401300005,
              18.191169540000033
            ],
            [
              80.8175048740001,
              18.188913315000047
            ],
            [
              80.81509631700011,
              18.181686439000103
            ],
            [
              80.80061899100014,
              18.168873404000077
            ],
            [
              80.77363903700015,
              18.166811550000098
            ],
            [
              80.74327083400004,
              18.172087776000115
            ],
            [
              80.73771502600007,
              18.177342933000077
            ],
            [
              80.73763302499995,
              18.22204333600014
            ],
            [
              80.79260742900001,
              18.249354289000067
            ],
            [
              80.79433407999997,
              18.256146604000115
            ],
            [
              80.79051643400011,
              18.263846031000078
            ],
            [
              80.78038756100004,
              18.26650560300004
            ],
            [
              80.76906928200006,
              18.288103188000107
            ],
            [
              80.75975665700011,
              18.290111969000137
            ],
            [
              80.75773115500003,
              18.302244236000057
            ],
            [
              80.74918025700005,
              18.308604774000084
            ],
            [
              80.74761754900007,
              18.329856014000093
            ],
            [
              80.73168134700009,
              18.355238737000082
            ],
            [
              80.72705291600012,
              18.36994823300008
            ],
            [
              80.73040775200015,
              18.377032631000137
            ],
            [
              80.72016229600011,
              18.390373594000057
            ],
            [
              80.73267790700012,
              18.401355921000132
            ],
            [
              80.73529690400011,
              18.412893411000045
            ],
            [
              80.72338757100007,
              18.415133507000117
            ],
            [
              80.71871019900013,
              18.409510519000097
            ],
            [
              80.69919591300004,
              18.422002271000096
            ],
            [
              80.69660974800011,
              18.425911040000123
            ],
            [
              80.6987435720001,
              18.437575629000072
            ],
            [
              80.70586653100005,
              18.439616917000038
            ],
            [
              80.70279252500009,
              18.444045738000106
            ],
            [
              80.68832487100012,
              18.447372819000144
            ],
            [
              80.68648205800014,
              18.458242724000065
            ],
            [
              80.65583072100006,
              18.47609119400008
            ],
            [
              80.65221431700014,
              18.485564945000124
            ],
            [
              80.637715598,
              18.504267594000115
            ],
            [
              80.64151332399999,
              18.5112019270001
            ],
            [
              80.63828772200009,
              18.52217713100012
            ],
            [
              80.63110789700013,
              18.521903219000105
            ],
            [
              80.62355970099998,
              18.528302292000035
            ],
            [
              80.618983936,
              18.527740392000084
            ],
            [
              80.60869356900017,
              18.54576969600005
            ],
            [
              80.60105435300012,
              18.55269883700005
            ],
            [
              80.57196110200007,
              18.564748743000084
            ],
            [
              80.56874761000012,
              18.570838904000034
            ],
            [
              80.55707451299999,
              18.579730649000062
            ],
            [
              80.53574233299994,
              18.588079899000057
            ],
            [
              80.532147938,
              18.597967424000053
            ],
            [
              80.52028778900012,
              18.60821444000004
            ],
            [
              80.51544126900014,
              18.61901362600006
            ],
            [
              80.50177622900004,
              18.621556125000108
            ],
            [
              80.48888382100012,
              18.63109234900008
            ],
            [
              80.46586516700015,
              18.623819174000126
            ],
            [
              80.45537113500015,
              18.62917552100011
            ],
            [
              80.4277612410001,
              18.61256288100003
            ],
            [
              80.42297767100007,
              18.61546786000005
            ],
            [
              80.41985026500012,
              18.610167684000093
            ],
            [
              80.39630602000011,
              18.604849684000083
            ],
            [
              80.38890512100006,
              18.59638261100011
            ],
            [
              80.37532691400014,
              18.61061895300004
            ],
            [
              80.36842339600004,
              18.60846159900015
            ],
            [
              80.35665145900009,
              18.5947154350001
            ],
            [
              80.34721332100015,
              18.594916254000108
            ],
            [
              80.3352448410001,
              18.612106385000097
            ],
            [
              80.33149968400012,
              18.628178843000068
            ],
            [
              80.324174213,
              18.637176631000077
            ],
            [
              80.31331495900017,
              18.662378443000108
            ],
            [
              80.3094463800001,
              18.681248780000118
            ],
            [
              80.29604496100015,
              18.70002777600012
            ],
            [
              80.289787107,
              18.715542352000117
            ],
            [
              80.28041729300011,
              18.720325489000103
            ],
            [
              80.27189631000003,
              18.720432475000074
            ],
            [
              80.2739946200001,
              18.724901412000087
            ],
            [
              80.25963859200013,
              18.74546854100007
            ],
            [
              80.2445766270001,
              18.75707925900009
            ],
            [
              80.24695355100012,
              18.76301891600011
            ],
            [
              80.257102643,
              18.76982410500007
            ],
            [
              80.27612791600004,
              18.765406081000094
            ],
            [
              80.28580092100005,
              18.768792618000077
            ],
            [
              80.29515920500013,
              18.788765932000132
            ],
            [
              80.3109042610001,
              18.797255338000088
            ],
            [
              80.33025292400008,
              18.802501002000064
            ],
            [
              80.35047292200002,
              18.81759920300007
            ],
            [
              80.35411576200008,
              18.824770769000057
            ],
            [
              80.34968776300016,
              18.847060605000024
            ],
            [
              80.33245448900007,
              18.8755208840001
            ],
            [
              80.31892842500011,
              18.88667691000007
            ],
            [
              80.31712186600012,
              18.891736401000095
            ],
            [
              80.3101925630001,
              18.894449820000073
            ],
            [
              80.28295023800008,
              18.925748153000047
            ],
            [
              80.26968745700006,
              18.94917865500007
            ],
            [
              80.27567627000015,
              18.97531985000011
            ],
            [
              80.27640003700009,
              18.994816005000118
            ],
            [
              80.30523757000002,
              19.027084917000106
            ],
            [
              80.29648711500013,
              19.047624714000136
            ],
            [
              80.32955365700013,
              19.070123028000122
            ],
            [
              80.33092879500005,
              19.08128621200015
            ],
            [
              80.327930066,
              19.095311953000152
            ],
            [
              80.33953352900004,
              19.100209696000118
            ],
            [
              80.33058020099998,
              19.120555518000085
            ],
            [
              80.327587665,
              19.136180588000077
            ],
            [
              80.33358045500006,
              19.146112610000113
            ],
            [
              80.34004006500003,
              19.14598281700012
            ],
            [
              80.34709444700009,
              19.15179136800004
            ],
            [
              80.34809166100008,
              19.16056814800006
            ],
            [
              80.38754689300004,
              19.181062957000098
            ],
            [
              80.381522313,
              19.186402419000107
            ],
            [
              80.3736582770001,
              19.202696928000066
            ],
            [
              80.38475015900009,
              19.211731199000074
            ],
            [
              80.38410970800012,
              19.221477171000082
            ],
            [
              80.39226046900014,
              19.245201225000145
            ],
            [
              80.42909779300001,
              19.254062124000107
            ],
            [
              80.44682867700007,
              19.265185332000115
            ],
            [
              80.45504136100004,
              19.27555984100008
            ],
            [
              80.46161173200002,
              19.304832452000046
            ],
            [
              80.47256794200007,
              19.3153872730001
            ],
            [
              80.48099399300011,
              19.337665207000057
            ],
            [
              80.48646046400006,
              19.341809522000123
            ],
            [
              80.50422948300007,
              19.342232828000153
            ],
            [
              80.52400223700006,
              19.350445440000122
            ],
            [
              80.53978538400007,
              19.3820701360001
            ],
            [
              80.55201570800011,
              19.38883744000003
            ],
            [
              80.56185677100008,
              19.39909460700006
            ],
            [
              80.57142488300012,
              19.40236282800011
            ],
            [
              80.57996333100004,
              19.3991283890001
            ],
            [
              80.59160701400005,
              19.375997684000104
            ],
            [
              80.58802753200008,
              19.370272599000074
            ],
            [
              80.59039716600013,
              19.35164542800011
            ],
            [
              80.60813124400009,
              19.32759017200009
            ],
            [
              80.60992572900007,
              19.314746648000117
            ],
            [
              80.62501016000009,
              19.30219825400014
            ],
            [
              80.63678103500013,
              19.313414553000033
            ],
            [
              80.64861927300005,
              19.31589529100012
            ],
            [
              80.65404217999995,
              19.32271910100011
            ],
            [
              80.67669147100017,
              19.330464905000092
            ],
            [
              80.68522509200005,
              19.327921585000155
            ],
            [
              80.69280582200005,
              19.316439843000147
            ],
            [
              80.68849449900011,
              19.294168316000096
            ],
            [
              80.69015042200009,
              19.285153669000113
            ],
            [
              80.70166104799999,
              19.28193611400008
            ],
            [
              80.71284634500007,
              19.28182568300009
            ],
            [
              80.72678238400012,
              19.287070162000145
            ],
            [
              80.73879219800003,
              19.285628500000055
            ],
            [
              80.74323326200013,
              19.28918740500009
            ],
            [
              80.75128010700016,
              19.28703047700006
            ],
            [
              80.75996465,
              19.29137751100011
            ],
            [
              80.75945092900004,
              19.295712991000094
            ],
            [
              80.7705694060001,
              19.307046530000097
            ],
            [
              80.79224192200006,
              19.30209639000006
            ],
            [
              80.77060668500008,
              19.307139068000026
            ],
            [
              80.77500288600011,
              19.31442751200009
            ],
            [
              80.79000760500011,
              19.32371704000008
            ],
            [
              80.80504779300011,
              19.326908007000046
            ],
            [
              80.81035309900014,
              19.336595448000097
            ],
            [
              80.84587835300009,
              19.3553401150001
            ],
            [
              80.85070657699998,
              19.362487940000076
            ],
            [
              80.849443366,
              19.36790008000006
            ],
            [
              80.81777708700014,
              19.383179067000103
            ],
            [
              80.81870708800008,
              19.388637575000104
            ],
            [
              80.81338739300011,
              19.404379865000113
            ],
            [
              80.80388011899996,
              19.411253097000106
            ],
            [
              80.80391607900009,
              19.417768338000055
            ],
            [
              80.7959522640001,
              19.42858870800014
            ],
            [
              80.83664054900002,
              19.441437239000084
            ],
            [
              80.84250759499999,
              19.446355218000125
            ],
            [
              80.861065599,
              19.444277365000065
            ],
            [
              80.87721565100009,
              19.446417110000095
            ],
            [
              80.8918468780001,
              19.462886119000103
            ],
            [
              80.89681959000013,
              19.478895120000065
            ],
            [
              80.89538569800007,
              19.500523288000085
            ],
            [
              80.892979281,
              19.502122347000142
            ],
            [
              80.89472553100006,
              19.5194763480001
            ],
            [
              80.88369376800007,
              19.52579802600011
            ],
            [
              80.87365815199999,
              19.518800158000108
            ],
            [
              80.85587428299999,
              19.522915839000113
            ],
            [
              80.84973010300001,
              19.528897164000117
            ],
            [
              80.84946096600004,
              19.53438470700012
            ],
            [
              80.84345912700012,
              19.538355351000117
            ],
            [
              80.8395086640001,
              19.55830573800014
            ],
            [
              80.83472728500008,
              19.566601795000086
            ],
            [
              80.82368221700006,
              19.566532377000115
            ],
            [
              80.81573366000009,
              19.57092059500011
            ],
            [
              80.79116648100008,
              19.560648448000087
            ],
            [
              80.77521708800008,
              19.562464423000062
            ],
            [
              80.76674650400017,
              19.574955015000143
            ],
            [
              80.76915963300007,
              19.586418459000146
            ],
            [
              80.740334421,
              19.606227947000058
            ],
            [
              80.73325380499999,
              19.60595735800014
            ],
            [
              80.71900144500007,
              19.61533406300006
            ],
            [
              80.66982134899999,
              19.609216029000113
            ],
            [
              80.66472654699997,
              19.61253190700011
            ],
            [
              80.66239925400006,
              19.62260326200004
            ],
            [
              80.67405493900007,
              19.68396737300006
            ],
            [
              80.66997024000014,
              19.70240084500007
            ],
            [
              80.65489283599999,
              19.7076181910001
            ],
            [
              80.63757441100013,
              19.726651537000098
            ],
            [
              80.6268652350001,
              19.725534524000135
            ],
            [
              80.62137220100009,
              19.7327745420001
            ],
            [
              80.61167954500004,
              19.737766284000116
            ],
            [
              80.60642176700004,
              19.736382205000083
            ],
            [
              80.59883915600007,
              19.740539821000095
            ],
            [
              80.58549085200016,
              19.741604473000077
            ],
            [
              80.58066322300004,
              19.746427965000116
            ],
            [
              80.58333214900007,
              19.748886532000057
            ],
            [
              80.57308374100015,
              19.753939274000146
            ],
            [
              80.57028072100013,
              19.75921271500011
            ],
            [
              80.55686726999998,
              19.76256328200005
            ],
            [
              80.54373942300012,
              19.77188912300011
            ],
            [
              80.54109830399999,
              19.783103034000163
            ],
            [
              80.5479127950001,
              19.7975305450001
            ],
            [
              80.5451969790001,
              19.80040753100011
            ],
            [
              80.54643373000002,
              19.817880297000126
            ],
            [
              80.5191132340001,
              19.83242238400004
            ],
            [
              80.50750400900012,
              19.83154574500007
            ],
            [
              80.5026797480001,
              19.827264957000082
            ],
            [
              80.47995535700007,
              19.827652480000083
            ],
            [
              80.47023634300015,
              19.812407239000077
            ],
            [
              80.47269691000008,
              19.805746689000095
            ],
            [
              80.48407851200007,
              19.804743823000074
            ],
            [
              80.48943892900003,
              19.796429245000105
            ],
            [
              80.49215203600008,
              19.77607592400014
            ],
            [
              80.48905421200008,
              19.77005755100009
            ],
            [
              80.48372555099999,
              19.77303986900011
            ],
            [
              80.48097037400002,
              19.782399944000076
            ],
            [
              80.46912079300004,
              19.78866309300004
            ],
            [
              80.46365493800006,
              19.796806178000118
            ],
            [
              80.4487977660001,
              19.788996405000084
            ],
            [
              80.43790180100015,
              19.796057494000078
            ],
            [
              80.42389221900007,
              19.798740835000054
            ],
            [
              80.40506546500002,
              19.793562903000087
            ],
            [
              80.40209154600008,
              19.79514495800007
            ],
            [
              80.40741197400011,
              19.805107236000033
            ],
            [
              80.4015487300001,
              19.817450289000163
            ],
            [
              80.42151764400015,
              19.81344303000007
            ],
            [
              80.42883968500016,
              19.807498286000072
            ],
            [
              80.44032347500016,
              19.810380452000068
            ],
            [
              80.46887733000007,
              19.826945814000055
            ],
            [
              80.47177099400012,
              19.836200172000154
            ],
            [
              80.47907236200001,
              19.83968239000015
            ],
            [
              80.48596898400008,
              19.862583002000115
            ],
            [
              80.50599171700004,
              19.870536548000143
            ],
            [
              80.49890572900013,
              19.89304810000007
            ],
            [
              80.49087938100011,
              19.90200274900015
            ],
            [
              80.47492409900006,
              19.903350834000047
            ],
            [
              80.46831120100012,
              19.908304077000075
            ],
            [
              80.45084228300007,
              19.896105948000123
            ],
            [
              80.41485254299997,
              19.9068852680001
            ],
            [
              80.40805545300006,
              19.91263768000008
            ],
            [
              80.41261459300007,
              19.923896309000103
            ],
            [
              80.41079736800009,
              19.93825177000003
            ],
            [
              80.43007420200016,
              19.940268896000127
            ],
            [
              80.45131048799999,
              19.956891281000036
            ],
            [
              80.466347516,
              19.94818192700009
            ],
            [
              80.47293802799996,
              19.951206524000057
            ],
            [
              80.47899678600007,
              19.94404197300003
            ],
            [
              80.4807855270001,
              19.93489892800008
            ],
            [
              80.48789002299995,
              19.93012132900011
            ],
            [
              80.49645447800008,
              19.931449739000154
            ],
            [
              80.50479699900013,
              19.928374256000062
            ],
            [
              80.52389879700011,
              19.93400247100007
            ],
            [
              80.52922529800011,
              19.939198709000042
            ],
            [
              80.53105022200012,
              19.948732104000047
            ],
            [
              80.53830668900002,
              19.952263148000085
            ],
            [
              80.53884125200011,
              19.96293570200011
            ],
            [
              80.53546370700016,
              19.96559499700005
            ],
            [
              80.5371664130001,
              19.97400014000005
            ],
            [
              80.54286668200011,
              19.976629677000105
            ],
            [
              80.54995286000005,
              19.98856832000008
            ],
            [
              80.54963395500013,
              20.00096336000007
            ],
            [
              80.54280553700012,
              20.01024571600009
            ],
            [
              80.547123755,
              20.01765864100006
            ],
            [
              80.55107241900005,
              20.041403588000076
            ],
            [
              80.55100620100008,
              20.0608161900001
            ],
            [
              80.55704722300004,
              20.071899433000087
            ],
            [
              80.54399659599999,
              20.095714766000153
            ],
            [
              80.55249339500011,
              20.110771734000036
            ],
            [
              80.55240762526604,
              20.1176621034205
            ],
            [
              80.54375607600016,
              20.12042309600003
            ],
            [
              80.53087235900006,
              20.131566998000064
            ],
            [
              80.51311130799999,
              20.13552167200007
            ],
            [
              80.50542901300003,
              20.144555768000064
            ],
            [
              80.48571961300014,
              20.14366213300011
            ],
            [
              80.45911315300006,
              20.1502261930001
            ],
            [
              80.45552727600001,
              20.146044664000065
            ],
            [
              80.45642854100007,
              20.13710526000009
            ],
            [
              80.43300911500008,
              20.13465970200007
            ],
            [
              80.42518982000014,
              20.139873971000114
            ],
            [
              80.4025759890001,
              20.14586235700008
            ],
            [
              80.38909317199999,
              20.1642422380001
            ],
            [
              80.39692709600016,
              20.173447418000038
            ],
            [
              80.40093424300007,
              20.18949223100003
            ],
            [
              80.4205133330001,
              20.195539963000112
            ],
            [
              80.42252961300012,
              20.205862693000057
            ],
            [
              80.40480361700003,
              20.21924845600013
            ],
            [
              80.395066044,
              20.237296477000047
            ],
            [
              80.39567606500012,
              20.2454746750001
            ],
            [
              80.40881279400001,
              20.245398730000034
            ],
            [
              80.42564856100009,
              20.253105270000052
            ],
            [
              80.43366655300002,
              20.252150152000073
            ],
            [
              80.45151720900004,
              20.25842517100013
            ],
            [
              80.461744588,
              20.268889208000132
            ],
            [
              80.48122092200006,
              20.2754390400001
            ],
            [
              80.498596262,
              20.27491744600011
            ],
            [
              80.51871449300006,
              20.266127739000087
            ],
            [
              80.52282144400006,
              20.274031321000066
            ],
            [
              80.5432485920001,
              20.293323651000087
            ],
            [
              80.54608999500009,
              20.30630779600006
            ],
            [
              80.54962513500011,
              20.309054128000096
            ],
            [
              80.5589522110001,
              20.30844469600012
            ],
            [
              80.5878978800001,
              20.318005664000097
            ],
            [
              80.61261007400003,
              20.318915936000096
            ],
            [
              80.624098783,
              20.326018243000124
            ],
            [
              80.6263423680001,
              20.3320378480001
            ],
            [
              80.6260344070001,
              20.3370530340001
            ],
            [
              80.61525762500015,
              20.352066886000056
            ],
            [
              80.61665108499999,
              20.36036450900013
            ],
            [
              80.60961623600012,
              20.370220175000068
            ],
            [
              80.61088816700011,
              20.37608412700013
            ],
            [
              80.59611658400013,
              20.384272116000105
            ],
            [
              80.59125620200015,
              20.393109596000084
            ],
            [
              80.59988422000012,
              20.417444624000073
            ],
            [
              80.60803850100005,
              20.42418898000006
            ],
            [
              80.61366793599998,
              20.435348640000065
            ],
            [
              80.60231590299996,
              20.448706001000097
            ],
            [
              80.61297823300012,
              20.461036370000066
            ],
            [
              80.61460912699997,
              20.492392876000057
            ],
            [
              80.6190611110001,
              20.506280130000057
            ],
            [
              80.61684700400012,
              20.511143931000056
            ],
            [
              80.62044255299999,
              20.52529338000008
            ],
            [
              80.6181928380001,
              20.5259129990001
            ],
            [
              80.62141296200008,
              20.531985510000098
            ],
            [
              80.61536670400012,
              20.549813772000128
            ],
            [
              80.61896908100012,
              20.55557309700006
            ],
            [
              80.62432661700011,
              20.55542663700011
            ],
            [
              80.62666779700011,
              20.563474843000066
            ],
            [
              80.62569369200016,
              20.568394368000057
            ],
            [
              80.62120638300013,
              20.569593239000042
            ],
            [
              80.62516232200007,
              20.578897618000106
            ],
            [
              80.61723104800011,
              20.58512299000014
            ],
            [
              80.63262793299995,
              20.598410022000127
            ],
            [
              80.61322443200007,
              20.600669247000095
            ],
            [
              80.600062039,
              20.60957227600008
            ],
            [
              80.57635706800009,
              20.607643917000132
            ],
            [
              80.56426593200011,
              20.603281524000142
            ],
            [
              80.55791571200014,
              20.594123179000082
            ],
            [
              80.5211280010001,
              20.577820847000098
            ],
            [
              80.50855243700009,
              20.584083594000116
            ],
            [
              80.50379901500017,
              20.583018080000063
            ],
            [
              80.50230409000011,
              20.593621183000113
            ],
            [
              80.48047056500015,
              20.617350024000128
            ],
            [
              80.48858011500012,
              20.632928869000114
            ],
            [
              80.52040062000005,
              20.6570931770001
            ],
            [
              80.5431960090001,
              20.6595545960001
            ],
            [
              80.55400704800012,
              20.668783263000027
            ],
            [
              80.58010112500008,
              20.672769606000077
            ],
            [
              80.58665439900007,
              20.681439577000052
            ],
            [
              80.5840033600001,
              20.693433762000094
            ],
            [
              80.56335259800012,
              20.712856616000078
            ],
            [
              80.55981378700007,
              20.727866533000064
            ],
            [
              80.56296202200014,
              20.73459834100008
            ],
            [
              80.56278252100012,
              20.746652937000146
            ],
            [
              80.5519651310001,
              20.762804217000067
            ],
            [
              80.54870627800011,
              20.796100418000055
            ],
            [
              80.55843322800006,
              20.81183837900006
            ],
            [
              80.56109667399998,
              20.822977163000115
            ],
            [
              80.56983880900007,
              20.832928197000125
            ],
            [
              80.56119313200016,
              20.823152873000087
            ],
            [
              80.55507122300016,
              20.844859837000143
            ],
            [
              80.55515136900003,
              20.8879358900001
            ],
            [
              80.54129112200013,
              20.92341206300007
            ],
            [
              80.54624226100007,
              20.934538937000116
            ],
            [
              80.53409784100013,
              20.935492410000137
            ],
            [
              80.51768166800014,
              20.929977475000086
            ],
            [
              80.463598425,
              20.92918247100012
            ],
            [
              80.46307584400002,
              20.937766519000093
            ],
            [
              80.45412777200004,
              20.94645035000015
            ],
            [
              80.45428653300011,
              20.95302941700005
            ],
            [
              80.44778040400013,
              20.965791171000095
            ],
            [
              80.44394502500013,
              20.993924418000113
            ],
            [
              80.42404688100008,
              21.008390764000154
            ],
            [
              80.43877127000006,
              21.02163210200009
            ],
            [
              80.44029613300002,
              21.028428921000067
            ],
            [
              80.45003361200013,
              21.031352757000047
            ],
            [
              80.45388477,
              21.05320736300015
            ],
            [
              80.4471039360001,
              21.06310837800011
            ],
            [
              80.4491508970001,
              21.069012888000064
            ],
            [
              80.4461098790001,
              21.083448684000153
            ],
            [
              80.43800980000012,
              21.096006807000048
            ],
            [
              80.44591736400017,
              21.104556319000093
            ],
            [
              80.44697361200016,
              21.11137259700008
            ],
            [
              80.45808245400013,
              21.113874986000095
            ],
            [
              80.44433443500002,
              21.120910172000077
            ],
            [
              80.4608461790001,
              21.155715036000103
            ],
            [
              80.46317419599998,
              21.175384421000057
            ],
            [
              80.47266956400013,
              21.174525172000106
            ],
            [
              80.47780103500007,
              21.170435405000113
            ],
            [
              80.4870458880001,
              21.17712773400015
            ],
            [
              80.49092193700008,
              21.17623057600008
            ],
            [
              80.50192039800007,
              21.185665465000106
            ],
            [
              80.51480813300006,
              21.183253278000095
            ],
            [
              80.51752582400003,
              21.192715743000093
            ],
            [
              80.52957694300008,
              21.205262970000064
            ],
            [
              80.54038629800006,
              21.20115398600008
            ],
            [
              80.5594309840001,
              21.201956537000136
            ],
            [
              80.56937193200017,
              21.20559009900013
            ],
            [
              80.58124296000014,
              21.219161908000054
            ],
            [
              80.59748493400011,
              21.225353098000102
            ],
            [
              80.6137369390001,
              21.22657192200014
            ],
            [
              80.62678561000008,
              21.243172586000117
            ],
            [
              80.64262320599998,
              21.24973485100005
            ],
            [
              80.64872967100013,
              21.262211878000073
            ],
            [
              80.64972042500013,
              21.276253867000086
            ],
            [
              80.65897935600007,
              21.281940879000075
            ],
            [
              80.66170382500016,
              21.29172605300013
            ],
            [
              80.66969668000016,
              21.291320602000066
            ],
            [
              80.67939310100006,
              21.298954634000125
            ],
            [
              80.68160154500009,
              21.313558330000074
            ],
            [
              80.66592611000002,
              21.328589201000106
            ],
            [
              80.66353988600011,
              21.334369364000075
            ],
            [
              80.66044054700009,
              21.334416081000033
            ],
            [
              80.67164726500008,
              21.339329209000027
            ],
            [
              80.67151475200004,
              21.34556527300006
            ],
            [
              80.67761649400015,
              21.34876979600008
            ],
            [
              80.68205867100008,
              21.360039774000064
            ],
            [
              80.68037235800008,
              21.36544766400005
            ],
            [
              80.68997463500001,
              21.37155977000004
            ],
            [
              80.69468224700015,
              21.380120152000096
            ],
            [
              80.70118968400007,
              21.400877044000058
            ],
            [
              80.69970199299999,
              21.404696017000116
            ],
            [
              80.7069824280001,
              21.413323938000076
            ],
            [
              80.70657934800006,
              21.432957590000093
            ],
            [
              80.71459493000008,
              21.43644936600008
            ],
            [
              80.73062999000005,
              21.453250599000132
            ],
            [
              80.73871079500005,
              21.473741276000094
            ],
            [
              80.72826958700007,
              21.496461741000076
            ],
            [
              80.73314675300001,
              21.50062608500011
            ],
            [
              80.73341358100006,
              21.51292830300006
            ],
            [
              80.730591745,
              21.51653187000006
            ],
            [
              80.74047897700015,
              21.539060152000125
            ],
            [
              80.71995332400004,
              21.55517746800008
            ],
            [
              80.72908567100009,
              21.5728252780001
            ],
            [
              80.72523416100009,
              21.580160245000105
            ],
            [
              80.71532762700012,
              21.584564636000106
            ],
            [
              80.71872021400007,
              21.58703636500016
            ],
            [
              80.71590145200017,
              21.590153396000137
            ],
            [
              80.71846706600009,
              21.593972469000114
            ],
            [
              80.71726634000012,
              21.602634498000054
            ],
            [
              80.72501646500011,
              21.609538994000058
            ],
            [
              80.72391909100017,
              21.614245079000064
            ],
            [
              80.73148623300011,
              21.616919116000158
            ],
            [
              80.7291288370001,
              21.617716489000053
            ],
            [
              80.73164774300007,
              21.62635800100007
            ],
            [
              80.72872133000006,
              21.62703488700012
            ],
            [
              80.72710604100007,
              21.645179408000118
            ],
            [
              80.71950293300009,
              21.64548679800006
            ],
            [
              80.71701279000011,
              21.660320570000128
            ],
            [
              80.71450573100006,
              21.661381221000134
            ],
            [
              80.7191886970001,
              21.667933098000095
            ],
            [
              80.7161496880001,
              21.674899800000095
            ],
            [
              80.72209573400012,
              21.6776135630001
            ],
            [
              80.72988293800006,
              21.692004595000128
            ],
            [
              80.7340935020001,
              21.69432207300003
            ],
            [
              80.73230415400002,
              21.6985898710001
            ],
            [
              80.73519790800009,
              21.70447465000011
            ],
            [
              80.72954554500012,
              21.70642833700011
            ],
            [
              80.72583038500004,
              21.71260641700014
            ],
            [
              80.73249848600011,
              21.714011427000127
            ],
            [
              80.73390398400005,
              21.728796912000107
            ],
            [
              80.73994280500011,
              21.731639748000134
            ],
            [
              80.74016024000007,
              21.74330479100012
            ],
            [
              80.74815005800016,
              21.75578532700008
            ],
            [
              80.75615291300001,
              21.762006756000144
            ],
            [
              80.7610682450001,
              21.75863413900007
            ],
            [
              80.77233340600004,
              21.758683105000124
            ],
            [
              80.77947329599998,
              21.750909049000114
            ],
            [
              80.7858832620001,
              21.74879728900009
            ],
            [
              80.78517017100008,
              21.739963511000063
            ],
            [
              80.80605362100012,
              21.747931975000082
            ],
            [
              80.81991497400001,
              21.748495003000127
            ],
            [
              80.81978876500014,
              21.753779920000063
            ],
            [
              80.81549616400015,
              21.755526898000102
            ],
            [
              80.81661882900005,
              21.7617711270001
            ],
            [
              80.8240143760001,
              21.769963452000077
            ],
            [
              80.82321732100014,
              21.77455617100003
            ],
            [
              80.82958847900007,
              21.77831936700009
            ],
            [
              80.82554784600015,
              21.78166830500007
            ],
            [
              80.82623552200002,
              21.78533460100011
            ],
            [
              80.83860632500014,
              21.800272827000114
            ],
            [
              80.83720323500013,
              21.80855911600005
            ],
            [
              80.84086584200013,
              21.815309429000088
            ],
            [
              80.83859054900007,
              21.81601409300004
            ],
            [
              80.845765684,
              21.827348793000137
            ],
            [
              80.84622555099995,
              21.835195496000118
            ],
            [
              80.84454663200003,
              21.83176907100012
            ],
            [
              80.83849452099994,
              21.836842881000088
            ],
            [
              80.8385595760001,
              21.840307491000047
            ],
            [
              80.84156765100002,
              21.840169940000123
            ],
            [
              80.83941969600002,
              21.84806227500015
            ],
            [
              80.85226575100012,
              21.854043251000125
            ],
            [
              80.84642402900012,
              21.860002595000086
            ],
            [
              80.847877217,
              21.862036136000032
            ],
            [
              80.842299509,
              21.864922669000123
            ],
            [
              80.85317055800002,
              21.872606607000048
            ],
            [
              80.8501368610001,
              21.875928337000087
            ],
            [
              80.84555176900007,
              21.874207181000052
            ],
            [
              80.84268287100011,
              21.8819591340001
            ],
            [
              80.8346792460001,
              21.88512416000005
            ],
            [
              80.83210046200017,
              21.890691514000086
            ],
            [
              80.83567005500011,
              21.906622127000134
            ],
            [
              80.83196462500003,
              21.907804698000103
            ],
            [
              80.83476141600006,
              21.9083789440001
            ],
            [
              80.83881506000009,
              21.92200656700011
            ],
            [
              80.84608505300014,
              21.926576511000132
            ],
            [
              80.8477226040001,
              21.933007324000112
            ],
            [
              80.84525518800004,
              21.940507903000054
            ],
            [
              80.84188156900015,
              21.94168891700016
            ],
            [
              80.8458387190001,
              21.942411131000053
            ],
            [
              80.84325324700013,
              21.946213769000092
            ],
            [
              80.83786380899998,
              21.946288979000098
            ],
            [
              80.83670305300014,
              21.949301783000067
            ],
            [
              80.8331463650001,
              21.945268648000052
            ],
            [
              80.83106182100012,
              21.94708490300014
            ],
            [
              80.83301788500013,
              21.949955053000117
            ],
            [
              80.82896102300002,
              21.947824447000134
            ],
            [
              80.82579293100008,
              21.95852409700009
            ],
            [
              80.8362184600001,
              21.95425476600016
            ],
            [
              80.83797304200006,
              21.957936757000077
            ],
            [
              80.84742872800011,
              21.9555346590001
            ],
            [
              80.8538617990001,
              21.959353850000088
            ],
            [
              80.86103827300005,
              21.97420510200009
            ],
            [
              80.8655345150001,
              21.996232106000072
            ],
            [
              80.87592076100006,
              22.011440802000074
            ],
            [
              80.87578367000009,
              22.038743935000152
            ],
            [
              80.885784008,
              22.04958577600015
            ],
            [
              80.88178909300014,
              22.053332634000103
            ],
            [
              80.88322901500008,
              22.056968307000094
            ],
            [
              80.8888240620001,
              22.0572614310001
            ],
            [
              80.89799768100009,
              22.06672807300009
            ],
            [
              80.90780795700009,
              22.109415422000126
            ],
            [
              80.92211027899997,
              22.119963751000085
            ],
            [
              80.94936004900008,
              22.11718428900006
            ],
            [
              80.95493637300014,
              22.11297729600014
            ],
            [
              80.97151925200006,
              22.085322589000103
            ],
            [
              80.97042940500013,
              22.062709280000107
            ],
            [
              80.97982766200006,
              22.05943801300007
            ],
            [
              80.9830045570001,
              22.048898091000094
            ],
            [
              80.99003103799998,
              22.05138401700008
            ],
            [
              80.99383803600003,
              22.0492770750001
            ],
            [
              80.99487432400015,
              22.0581631350001
            ],
            [
              81.00246768700005,
              22.05805350600009
            ],
            [
              81.00873683000006,
              22.068718605000118
            ],
            [
              81.00098113800006,
              22.083278377000074
            ],
            [
              81.00513318000006,
              22.091689107000093
            ],
            [
              81.01127640100005,
              22.095554056000047
            ],
            [
              80.99038648600009,
              22.113564780000075
            ],
            [
              80.98346215400004,
              22.114283746000144
            ],
            [
              80.98086876300013,
              22.110190072000094
            ],
            [
              80.97812169500013,
              22.12012627800012
            ],
            [
              80.99485906000014,
              22.132997276000058
            ],
            [
              81.02172479500008,
              22.132486192000048
            ],
            [
              81.02194730200002,
              22.15720354000014
            ],
            [
              81.02661192100005,
              22.16621324900007
            ],
            [
              81.01679760200008,
              22.180082823000117
            ],
            [
              81.01640357900007,
              22.185907691000143
            ],
            [
              81.02213694499999,
              22.189558054000106
            ],
            [
              81.03063889800009,
              22.187402811000037
            ],
            [
              81.02877528300009,
              22.19209573100011
            ],
            [
              81.031294662,
              22.200269642000073
            ],
            [
              81.01957095300013,
              22.216377027000092
            ],
            [
              81.02342903300014,
              22.229284243000095
            ],
            [
              81.03773359000012,
              22.233925249000045
            ],
            [
              81.04815999200011,
              22.244265116000076
            ],
            [
              81.07244167900004,
              22.248434790000108
            ],
            [
              81.0787630230001,
              22.23879593900008
            ],
            [
              81.09206583900007,
              22.249326644000092
            ],
            [
              81.10210884800014,
              22.27797669000006
            ],
            [
              81.10955931800011,
              22.285326962000088
            ],
            [
              81.12392910700007,
              22.28752208900008
            ],
            [
              81.11857241100014,
              22.290544888000078
            ],
            [
              81.1187296610001,
              22.310165438000077
            ],
            [
              81.11348446900007,
              22.323748317000028
            ],
            [
              81.12104312400011,
              22.344430286000097
            ],
            [
              81.11278616900012,
              22.3535267310001
            ],
            [
              81.10879992100007,
              22.372951646000075
            ],
            [
              81.10347823900011,
              22.38292372200005
            ],
            [
              81.11002025700006,
              22.416167359000042
            ],
            [
              81.10870535700006,
              22.429280581000125
            ],
            [
              81.1132324860001,
              22.438819900000087
            ],
            [
              81.13063007800011,
              22.450659309000113
            ],
            [
              81.1557692660001,
              22.45501356600005
            ],
            [
              81.16247287200001,
              22.472981190000066
            ],
            [
              81.16898039600012,
              22.478886805000112
            ],
            [
              81.172563168,
              22.48835106400008
            ],
            [
              81.19778463400014,
              22.49010496700007
            ],
            [
              81.20295038200008,
              22.471649104000072
            ],
            [
              81.20121344300007,
              22.46156234900011
            ],
            [
              81.20507938700011,
              22.461447256000092
            ],
            [
              81.20861649400003,
              22.45638349800007
            ],
            [
              81.2324887620001,
              22.45225512200008
            ],
            [
              81.24768871800009,
              22.4583998170001
            ],
            [
              81.26217628900011,
              22.472175725000124
            ],
            [
              81.259656646,
              22.48612254200008
            ],
            [
              81.26198358599997,
              22.49397547500013
            ],
            [
              81.27336821000011,
              22.493274050000093
            ],
            [
              81.28226393400003,
              22.503191477000076
            ],
            [
              81.30833122000008,
              22.481523105000104
            ],
            [
              81.31441927100003,
              22.482414791000075
            ],
            [
              81.31538206900012,
              22.487641049000132
            ],
            [
              81.32103530600007,
              22.48621667400005
            ],
            [
              81.32292321300004,
              22.4889245040001
            ],
            [
              81.31841572800003,
              22.493923999000135
            ],
            [
              81.32108067500009,
              22.494558675000068
            ],
            [
              81.32138044500012,
              22.50253744700014
            ],
            [
              81.31763888200007,
              22.51404591200005
            ],
            [
              81.3266648380001,
              22.526444552000072
            ],
            [
              81.35088712700008,
              22.51765368700013
            ],
            [
              81.35443262600008,
              22.511682008000037
            ],
            [
              81.36067209800012,
              22.512271203000115
            ],
            [
              81.36152041999996,
              22.515236337000047
            ],
            [
              81.371031592,
              22.51513463300007
            ],
            [
              81.38226267400005,
              22.509905444000037
            ],
            [
              81.38631908900012,
              22.498397086000136
            ],
            [
              81.38416595100014,
              22.489676092000025
            ],
            [
              81.3923719220001,
              22.479450393000114
            ],
            [
              81.38829469100007,
              22.4595408950001
            ],
            [
              81.39753904300005,
              22.439770470000045
            ],
            [
              81.42407059200015,
              22.44881722000011
            ],
            [
              81.42904663500002,
              22.45690569600011
            ],
            [
              81.42303145800015,
              22.470752306000122
            ],
            [
              81.42816600900008,
              22.479714434000112
            ],
            [
              81.44050083400006,
              22.481504493000074
            ],
            [
              81.44323817900006,
              22.47393470700009
            ],
            [
              81.44087715500011,
              22.472343779000084
            ],
            [
              81.44728572400003,
              22.466267246000108
            ],
            [
              81.45912971500007,
              22.46943217300005
            ],
            [
              81.45783944300008,
              22.471908212000105
            ],
            [
              81.45185768500004,
              22.46809296000009
            ],
            [
              81.44720171900009,
              22.46932707400006
            ],
            [
              81.45052120400013,
              22.471314014000058
            ],
            [
              81.45117054000012,
              22.479111751000072
            ],
            [
              81.44686983499999,
              22.47626111500011
            ],
            [
              81.4428209180001,
              22.478989183000145
            ],
            [
              81.45141058899999,
              22.486659847000126
            ],
            [
              81.4428038820001,
              22.494406788000113
            ],
            [
              81.45237967300007,
              22.496007451000036
            ],
            [
              81.45906261400012,
              22.489576307000117
            ],
            [
              81.46271834400008,
              22.492987578000104
            ],
            [
              81.4779508510001,
              22.492654187000053
            ],
            [
              81.48344336900007,
              22.488255133000138
            ],
            [
              81.48658386900013,
              22.490181101000154
            ],
            [
              81.48897821300008,
              22.502800239000123
            ],
            [
              81.49444154300004,
              22.505399782000094
            ],
            [
              81.49692846500011,
              22.510946208000085
            ],
            [
              81.49731555500007,
              22.51979869600015
            ],
            [
              81.50890447600007,
              22.52627873800003
            ],
            [
              81.51034067700006,
              22.522331091000073
            ],
            [
              81.5182954230001,
              22.520180009000082
            ],
            [
              81.52330442600012,
              22.532247908000095
            ],
            [
              81.52227122499998,
              22.539311139000088
            ],
            [
              81.53505561100013,
              22.537493729000083
            ],
            [
              81.54612853400006,
              22.527508984000125
            ],
            [
              81.56175259800006,
              22.53334755800013
            ],
            [
              81.5698349950001,
              22.532285625000107
            ],
            [
              81.56275767100009,
              22.534629555000066
            ],
            [
              81.5626988090001,
              22.54894207900008
            ],
            [
              81.56858915100013,
              22.55081393100006
            ],
            [
              81.58559969700009,
              22.54429544400011
            ],
            [
              81.5916615220001,
              22.545370010000113
            ],
            [
              81.597234871,
              22.535848159000086
            ],
            [
              81.62170188800016,
              22.538072215000074
            ],
            [
              81.62823864500002,
              22.544308486000034
            ],
            [
              81.623770619,
              22.55558652100015
            ],
            [
              81.62899998300014,
              22.56385647700007
            ],
            [
              81.63445314200005,
              22.565654140000127
            ],
            [
              81.6358341960001,
              22.560587318000117
            ],
            [
              81.64236776400014,
              22.560030287000124
            ],
            [
              81.65416990300011,
              22.56398182000005
            ],
            [
              81.65948965400017,
              22.569679804000057
            ],
            [
              81.65500566899998,
              22.576684095000147
            ],
            [
              81.65752608400007,
              22.584711344000056
            ],
            [
              81.65164252900016,
              22.58094430400012
            ],
            [
              81.64889020700006,
              22.585225082000107
            ],
            [
              81.64512780100007,
              22.585156092000084
            ],
            [
              81.64906083600006,
              22.589500091000062
            ],
            [
              81.64550634800013,
              22.60537606300012
            ],
            [
              81.6477913680001,
              22.61464449500005
            ],
            [
              81.65235596000012,
              22.618866786000083
            ],
            [
              81.66062394400005,
              22.619752747000113
            ],
            [
              81.6629721590001,
              22.62800935200008
            ],
            [
              81.67250065100015,
              22.63320912300008
            ],
            [
              81.68458310500012,
              22.648013683000126
            ],
            [
              81.70070479500008,
              22.645116736000062
            ],
            [
              81.71318538400013,
              22.64871206400009
            ],
            [
              81.7227752260001,
              22.65795294900005
            ],
            [
              81.72558787600012,
              22.674152573000153
            ],
            [
              81.74198984700008,
              22.673649578000102
            ],
            [
              81.75183486400012,
              22.654832127000116
            ],
            [
              81.74665914299997,
              22.65077296100008
            ],
            [
              81.75088812500012,
              22.644311101000106
            ],
            [
              81.75684908100013,
              22.64749608700011
            ],
            [
              81.772325629,
              22.66886555200013
            ],
            [
              81.77218441999995,
              22.685943141000134
            ],
            [
              81.76169709200015,
              22.696862689000078
            ],
            [
              81.75678571300013,
              22.70846123400007
            ],
            [
              81.7540931650001,
              22.730909229000154
            ],
            [
              81.75477643600006,
              22.733637795000053
            ],
            [
              81.7700769810001,
              22.735825184000117
            ],
            [
              81.76948239400002,
              22.744671002000075
            ],
            [
              81.77307256499998,
              22.750803182000038
            ],
            [
              81.7796917660001,
              22.75174702400006
            ],
            [
              81.78844655000007,
              22.763548407000048
            ],
            [
              81.79449949500014,
              22.7663550560001
            ],
            [
              81.78310931400007,
              22.779851584000102
            ],
            [
              81.78040642300007,
              22.789556539000092
            ],
            [
              81.78376896100002,
              22.798804095000072
            ],
            [
              81.78151717100005,
              22.811361161000058
            ],
            [
              81.7696056570001,
              22.827675799000083
            ],
            [
              81.76211335500004,
              22.830815302000143
            ],
            [
              81.76832084300011,
              22.836287040000084
            ],
            [
              81.77726341600008,
              22.854844525000054
            ],
            [
              81.77449260000006,
              22.864078579000072
            ],
            [
              81.7762718820001,
              22.874683255000075
            ],
            [
              81.81738379,
              22.88264023300012
            ],
            [
              81.83237298300004,
              22.883555779000112
            ],
            [
              81.83365148900005,
              22.88122649000012
            ],
            [
              81.83913719200008,
              22.883060601000086
            ],
            [
              81.83781231900015,
              22.8859086380001
            ],
            [
              81.84133834500012,
              22.88562726100009
            ],
            [
              81.84150970000009,
              22.888358294000103
            ],
            [
              81.85012935000007,
              22.887551292000122
            ],
            [
              81.851894317,
              22.891992441000145
            ],
            [
              81.86064623600001,
              22.88935727900007
            ],
            [
              81.86845791700011,
              22.89666082800005
            ],
            [
              81.86633747500008,
              22.901127629000065
            ],
            [
              81.86841940600013,
              22.909384753000076
            ],
            [
              81.86348693800004,
              22.91097889000008
            ],
            [
              81.86470305600012,
              22.915615205000087
            ],
            [
              81.86918422400008,
              22.91745404800009
            ],
            [
              81.87812781300013,
              22.909395751000098
            ],
            [
              81.91883184800002,
              22.94628626600012
            ],
            [
              81.94562299600011,
              22.956377660000108
            ],
            [
              81.94824765700002,
              22.96797991800005
            ],
            [
              81.94569028200009,
              22.973726168000056
            ],
            [
              81.94965131500008,
              22.98282288700008
            ],
            [
              81.94456281800005,
              22.98861737300008
            ],
            [
              81.94537560200015,
              22.994693336000097
            ],
            [
              81.93857421700007,
              23.004606900000116
            ],
            [
              81.93598206500009,
              23.017098433000097
            ],
            [
              81.92938005500015,
              23.02092713300007
            ],
            [
              81.93203319400003,
              23.026093422000052
            ],
            [
              81.92682959500016,
              23.02810660300009
            ],
            [
              81.92202038800015,
              23.04133618400012
            ],
            [
              81.92906471800009,
              23.049698898000074
            ],
            [
              81.92685072000013,
              23.05671947500009
            ],
            [
              81.92952185800007,
              23.061597907000145
            ],
            [
              81.93766883600003,
              23.06212405900007
            ],
            [
              81.9387634870001,
              23.066116926000127
            ],
            [
              81.9428640340001,
              23.06444354900005
            ],
            [
              81.94640148300013,
              23.06905523300006
            ],
            [
              81.9455509780001,
              23.07678851200007
            ],
            [
              81.9420438940001,
              23.07919528900008
            ],
            [
              81.96270072100003,
              23.0752366510001
            ],
            [
              81.9627862920001,
              23.07848539100014
            ],
            [
              81.96762374600014,
              23.080995668000096
            ],
            [
              81.97545557100004,
              23.079204634000142
            ],
            [
              81.98045960900001,
              23.08256950300011
            ],
            [
              81.98107787400009,
              23.0805266210001
            ],
            [
              81.98542308000009,
              23.086165902000136
            ],
            [
              81.99090148600004,
              23.08673689400013
            ],
            [
              82.00862323600015,
              23.07950980100008
            ],
            [
              82.01870703900003,
              23.084539993000078
            ],
            [
              82.02163034699997,
              23.080593588000134
            ],
            [
              82.02690485900011,
              23.083348821000108
            ],
            [
              82.03460003500008,
              23.08042714300013
            ],
            [
              82.04945973200007,
              23.094630089000137
            ],
            [
              82.04759083400008,
              23.096957679000077
            ],
            [
              82.05347866500007,
              23.100207022000077
            ],
            [
              82.05465703000013,
              23.107669389000055
            ],
            [
              82.07197271000003,
              23.1183765460001
            ],
            [
              82.07684946700003,
              23.113744518000093
            ],
            [
              82.0921298230001,
              23.112295293000088
            ],
            [
              82.09753422600006,
              23.108473779000086
            ],
            [
              82.11072066000017,
              23.10927890700009
            ],
            [
              82.12301744400011,
              23.103497945000143
            ],
            [
              82.14859481800013,
              23.07773657500009
            ],
            [
              82.1227081310001,
              23.1038870790001
            ],
            [
              82.13820965100008,
              23.11213345200011
            ],
            [
              82.13642811500011,
              23.124501692000102
            ],
            [
              82.13957070300008,
              23.13174568900013
            ],
            [
              82.15677642700011,
              23.13832605100005
            ],
            [
              82.16134121100006,
              23.143323678000108
            ],
            [
              82.16073980800013,
              23.16180247300005
            ],
            [
              82.14419526200008,
              23.165849647000073
            ],
            [
              82.14928060400003,
              23.176843370000114
            ],
            [
              82.14429033400013,
              23.1796577850001
            ],
            [
              82.1438541610001,
              23.187826242000057
            ],
            [
              82.14765325600003,
              23.189342264000082
            ],
            [
              82.14385269900008,
              23.19479360100011
            ],
            [
              82.14815815400006,
              23.197617437000076
            ],
            [
              82.1534904360001,
              23.212086866000107
            ],
            [
              82.1453686930001,
              23.226697482000095
            ],
            [
              82.15287133500003,
              23.23055959400008
            ],
            [
              82.15951374000011,
              23.246435788000067
            ],
            [
              82.16690934099998,
              23.246129990000078
            ],
            [
              82.17389760699999,
              23.268671529000088
            ],
            [
              82.1925899550001,
              23.27702026300013
            ],
            [
              82.19428134900008,
              23.28429067000012
            ],
            [
              82.19192568400013,
              23.289550139000085
            ],
            [
              82.19695947500016,
              23.300377903000072
            ],
            [
              82.19448222000008,
              23.308442988000092
            ],
            [
              82.19887714800011,
              23.31316615500009
            ],
            [
              82.19183820199999,
              23.326871923000084
            ],
            [
              82.18303239100005,
              23.327134782000073
            ],
            [
              82.16326784900014,
              23.334694689000127
            ],
            [
              82.1618450660001,
              23.342695953000106
            ],
            [
              82.14607750500012,
              23.360901101000056
            ],
            [
              82.14070005699999,
              23.361987795000086
            ],
            [
              82.12280718200003,
              23.35366512100007
            ],
            [
              82.11654023800011,
              23.355691068000098
            ],
            [
              82.10965491500009,
              23.36305749100013
            ],
            [
              82.11396027700007,
              23.38294807500009
            ],
            [
              82.10344807900009,
              23.39817930100009
            ],
            [
              82.093833193,
              23.39316568400013
            ],
            [
              82.09175477900007,
              23.398424193000103
            ],
            [
              82.08125192099996,
              23.393580577000087
            ],
            [
              82.06406875700002,
              23.39277054200012
            ],
            [
              82.0562572590001,
              23.377066479000078
            ],
            [
              82.04501369700009,
              23.37956882300009
            ],
            [
              82.0374545530001,
              23.38825738000009
            ],
            [
              82.03229433900009,
              23.38184503800013
            ],
            [
              82.02197615300017,
              23.386548053000148
            ],
            [
              82.0212883850001,
              23.392252419000062
            ],
            [
              82.02852163200004,
              23.39996635900016
            ],
            [
              82.02362020900013,
              23.40835074500013
            ],
            [
              82.03256010700014,
              23.409810792000055
            ],
            [
              82.02559233199996,
              23.419826668000102
            ],
            [
              82.02528450699998,
              23.42514141800011
            ],
            [
              82.00892903300013,
              23.41230781300007
            ],
            [
              81.99982322800015,
              23.42166818400006
            ],
            [
              81.98528650600015,
              23.41469459400011
            ],
            [
              81.97671085900008,
              23.42421851500013
            ],
            [
              81.98334365500007,
              23.429286057000112
            ],
            [
              81.9836199460001,
              23.434383332000067
            ],
            [
              81.97775548600009,
              23.441947580000036
            ],
            [
              81.98044335100009,
              23.447213485000088
            ],
            [
              81.97008072300012,
              23.45509875300015
            ],
            [
              81.96589407900011,
              23.4646110710001
            ],
            [
              81.95478079200012,
              23.46736305600007
            ],
            [
              81.95734875200006,
              23.500994726000105
            ],
            [
              81.94935796599997,
              23.500544945000104
            ],
            [
              81.94205380400011,
              23.505571594000077
            ],
            [
              81.9325364980001,
              23.521416239000118
            ],
            [
              81.938776352,
              23.520399558000108
            ],
            [
              81.93272714600008,
              23.52145393300004
            ],
            [
              81.91912873000008,
              23.534929813000108
            ],
            [
              81.90845753500017,
              23.53569138500015
            ],
            [
              81.9045364470001,
              23.530090423000086
            ],
            [
              81.87628243100012,
              23.513153120000055
            ],
            [
              81.86928659000012,
              23.51302676300008
            ],
            [
              81.86362538700013,
              23.517785433000086
            ],
            [
              81.85026735400012,
              23.513674867000148
            ],
            [
              81.84331671800012,
              23.514763800000097
            ],
            [
              81.8355682030001,
              23.510592232000086
            ],
            [
              81.820414275,
              23.51581009400016
            ],
            [
              81.8173882710001,
              23.522743733000087
            ],
            [
              81.81920105699999,
              23.530725674000067
            ],
            [
              81.81678590000008,
              23.541392536000064
            ],
            [
              81.81002893700013,
              23.548835147000094
            ],
            [
              81.75916879699994,
              23.549907442000087
            ],
            [
              81.75357431900007,
              23.567754625000084
            ],
            [
              81.7461626280001,
              23.568584873000123
            ],
            [
              81.73593090899996,
              23.566169735000134
            ],
            [
              81.72851122899996,
              23.55715493800014
            ],
            [
              81.72568691800014,
              23.557416115000077
            ],
            [
              81.72278671900007,
              23.543012525000076
            ],
            [
              81.71585361700001,
              23.54107916000007
            ],
            [
              81.71434808800005,
              23.536137989000064
            ],
            [
              81.70198074799995,
              23.527383078000078
            ],
            [
              81.69997204800002,
              23.521568874000046
            ],
            [
              81.6901530650001,
              23.528257102000097
            ],
            [
              81.66858351400005,
              23.5330018100001
            ],
            [
              81.65910851499999,
              23.52899852800007
            ],
            [
              81.66241795199998,
              23.514374729000057
            ],
            [
              81.65467264400004,
              23.49821918200014
            ],
            [
              81.64269210300007,
              23.498942548000127
            ],
            [
              81.6376934700001,
              23.489697390000078
            ],
            [
              81.62700839000011,
              23.491194931000084
            ],
            [
              81.61191757500009,
              23.5108618590001
            ],
            [
              81.61211931800008,
              23.51704553400006
            ],
            [
              81.61551745400006,
              23.519690944000097
            ],
            [
              81.61394488700014,
              23.527657146000106
            ],
            [
              81.61652139700007,
              23.52877921200013
            ],
            [
              81.61347564200004,
              23.532793597000104
            ],
            [
              81.61426941300009,
              23.54581092600007
            ],
            [
              81.61047133300006,
              23.555774424000134
            ],
            [
              81.58431246899998,
              23.553875689000062
            ],
            [
              81.576959503,
              23.586007718000094
            ],
            [
              81.59012235300001,
              23.596367600000093
            ],
            [
              81.59629875899999,
              23.592650392000106
            ],
            [
              81.6121077930001,
              23.595944194000054
            ],
            [
              81.60688914400006,
              23.61430767800005
            ],
            [
              81.61441966199999,
              23.62276696500009
            ],
            [
              81.61794316600012,
              23.63459306600008
            ],
            [
              81.62098002900012,
              23.65182280100006
            ],
            [
              81.61631289900005,
              23.66268070100014
            ],
            [
              81.64547209200005,
              23.657185931000072
            ],
            [
              81.65490396500009,
              23.662595942000056
            ],
            [
              81.65540670800003,
              23.682310109000074
            ],
            [
              81.6843370400001,
              23.690708786000073
            ],
            [
              81.68550043699999,
              23.700669733000105
            ],
            [
              81.69565023000001,
              23.721285183000088
            ],
            [
              81.69057771099997,
              23.723110705000142
            ],
            [
              81.68617020499998,
              23.73329021200005
            ],
            [
              81.67867624000014,
              23.739365280000083
            ],
            [
              81.68600430000002,
              23.74606370400009
            ],
            [
              81.6855136180001,
              23.750020518000095
            ],
            [
              81.6768208120001,
              23.75720148600006
            ],
            [
              81.64527051200015,
              23.769963701000055
            ],
            [
              81.65166641000009,
              23.798788764000115
            ],
            [
              81.64700525500007,
              23.811462306000145
            ],
            [
              81.64162600400006,
              23.81480292100006
            ],
            [
              81.63566085399997,
              23.835309158000065
            ],
            [
              81.61362620400016,
              23.8346247250001
            ],
            [
              81.61211133900014,
              23.84403196600006
            ],
            [
              81.60321490400017,
              23.854353237000062
            ],
            [
              81.60427907500011,
              23.860838251000086
            ],
            [
              81.61582129999996,
              23.86262118700008
            ],
            [
              81.62227890600012,
              23.870122130000052
            ],
            [
              81.60405318200007,
              23.88306294700008
            ],
            [
              81.61171783700009,
              23.89218404400008
            ],
            [
              81.6089473580001,
              23.90291080900006
            ],
            [
              81.62139784400014,
              23.90686257600009
            ],
            [
              81.63295773100005,
              23.906095336000114
            ],
            [
              81.63868040300014,
              23.911148540000063
            ],
            [
              81.65799071400014,
              23.91653853700008
            ],
            [
              81.6631095740001,
              23.924655692000055
            ],
            [
              81.66876784500002,
              23.925111571000116
            ],
            [
              81.67205988300009,
              23.91401343700005
            ],
            [
              81.68315671000013,
              23.911451431000078
            ],
            [
              81.6878386460001,
              23.906532874000078
            ],
            [
              81.6916194140001,
              23.884053187000124
            ],
            [
              81.702972041,
              23.88586632200004
            ],
            [
              81.70705573400011,
              23.883141969000135
            ],
            [
              81.70420953000016,
              23.8766417700001
            ],
            [
              81.71027275200001,
              23.871285097000086
            ],
            [
              81.7079605530001,
              23.861559879000108
            ],
            [
              81.71980777200015,
              23.862137343000104
            ],
            [
              81.73183472600006,
              23.857661625000063
            ],
            [
              81.72570489200002,
              23.840248457000094
            ],
            [
              81.73660351400011,
              23.83996862000012
            ],
            [
              81.74243366700013,
              23.834256839000037
            ],
            [
              81.75353660000015,
              23.83157576900007
            ],
            [
              81.77330066700011,
              23.816581981000088
            ],
            [
              81.79146838900007,
              23.809362416000127
            ],
            [
              81.7958654500001,
              23.81480844700016
            ],
            [
              81.80881262500012,
              23.81376468100013
            ],
            [
              81.81547177099998,
              23.806671627000156
            ],
            [
              81.82277229100006,
              23.808049208000096
            ],
            [
              81.82928371700005,
              23.815335084000036
            ],
            [
              81.83673283100009,
              23.816487942000123
            ],
            [
              81.83718757299997,
              23.82082811900014
            ],
            [
              81.86178046800006,
              23.824135803000082
            ],
            [
              81.87142833200004,
              23.835165707000098
            ],
            [
              81.88812376100005,
              23.83600078100009
            ],
            [
              81.8921488020001,
              23.840674901000117
            ],
            [
              81.89933620499997,
              23.84128954800008
            ],
            [
              81.9048874130001,
              23.845282871000087
            ],
            [
              81.90866978999996,
              23.855551363000075
            ],
            [
              81.91620865099996,
              23.860693082000154
            ],
            [
              81.91997173700011,
              23.870259071000103
            ],
            [
              81.93078862600008,
              23.870706345000073
            ],
            [
              81.9400601710001,
              23.867735795000048
            ],
            [
              81.93854397600015,
              23.862388556000106
            ],
            [
              81.94683302400013,
              23.861952709000104
            ],
            [
              81.946076879,
              23.858751898000122
            ],
            [
              81.95368373800012,
              23.857520192000084
            ],
            [
              81.95771402000017,
              23.852323869000106
            ],
            [
              81.95986800200014,
              23.855802674000085
            ],
            [
              81.96314488200011,
              23.85366953400007
            ],
            [
              81.96931128700005,
              23.857357307000107
            ],
            [
              81.97733656900007,
              23.85657302200014
            ],
            [
              81.98359478399998,
              23.861606590000065
            ],
            [
              82.0085056800001,
              23.861633206000135
            ],
            [
              82.02155714800004,
              23.850386278000105
            ],
            [
              82.03857055500006,
              23.849222639000104
            ],
            [
              82.04407934199996,
              23.8409999710001
            ],
            [
              82.04043588200012,
              23.838490487000122
            ],
            [
              82.04061633500005,
              23.83424004000007
            ],
            [
              82.03843323500007,
              23.83488293800015
            ],
            [
              82.03793540300009,
              23.8273037650001
            ],
            [
              82.05632874000007,
              23.81945025300009
            ],
            [
              82.07725111600014,
              23.818791501000117
            ],
            [
              82.08326760600012,
              23.815762076000105
            ],
            [
              82.10645136700006,
              23.818883437000085
            ],
            [
              82.11564649700006,
              23.81715907900014
            ],
            [
              82.12356230700007,
              23.82221037400011
            ],
            [
              82.14211798200007,
              23.815723938000147
            ],
            [
              82.16364822400007,
              23.82078482400011
            ],
            [
              82.1714299210001,
              23.81851340800011
            ],
            [
              82.17820191800006,
              23.82144759200006
            ],
            [
              82.18126136800007,
              23.8371494810001
            ],
            [
              82.188859501,
              23.84267941600015
            ],
            [
              82.1968750720001,
              23.84187181500012
            ],
            [
              82.2008157880001,
              23.848492023000137
            ],
            [
              82.21181778900012,
              23.85206769300005
            ],
            [
              82.21507353100012,
              23.8407240610001
            ],
            [
              82.208007859,
              23.835187712000053
            ],
            [
              82.20618949300001,
              23.827702432000045
            ],
            [
              82.22550833300009,
              23.820254011000067
            ],
            [
              82.2289982000001,
              23.80648056600007
            ],
            [
              82.23850000000007,
              23.805772984000054
            ],
            [
              82.25949447099997,
              23.821136112000044
            ],
            [
              82.28243505800005,
              23.815783747000122
            ],
            [
              82.29837143600012,
              23.805951434000075
            ],
            [
              82.30516253599998,
              23.807047318000066
            ],
            [
              82.30660702100013,
              23.81198190400006
            ],
            [
              82.31739750000014,
              23.81184128800006
            ],
            [
              82.3346075910001,
              23.80265803400007
            ],
            [
              82.33832118200014,
              23.80683360800006
            ],
            [
              82.35290113000016,
              23.803573818000082
            ],
            [
              82.363979276,
              23.809754705000078
            ],
            [
              82.37743653600003,
              23.81097346300011
            ],
            [
              82.39110576800012,
              23.80488376800011
            ],
            [
              82.39319523000007,
              23.7998298480001
            ],
            [
              82.41915465500009,
              23.804397560000115
            ],
            [
              82.44040731300012,
              23.802742533000135
            ],
            [
              82.44711012099995,
              23.804641205000113
            ],
            [
              82.45299731900016,
              23.8112470520001
            ],
            [
              82.4697767130001,
              23.810969500000137
            ],
            [
              82.47939474000009,
              23.805812567000043
            ],
            [
              82.48945027000013,
              23.789648766000063
            ],
            [
              82.49814664899998,
              23.785371598000108
            ],
            [
              82.526148919,
              23.783956724000102
            ],
            [
              82.53812792600012,
              23.79428173200006
            ],
            [
              82.55159552800012,
              23.791137443000046
            ],
            [
              82.54805569400015,
              23.809267591000097
            ],
            [
              82.53912350200007,
              23.81621368400008
            ],
            [
              82.53912872200006,
              23.819789690000107
            ],
            [
              82.53331707299996,
              23.822215466000088
            ],
            [
              82.54704156200009,
              23.82321154000008
            ],
            [
              82.54679412300004,
              23.82737197800006
            ],
            [
              82.56675812300013,
              23.821800613000136
            ],
            [
              82.57694512300003,
              23.82671181800006
            ],
            [
              82.58401331100008,
              23.822613157000042
            ],
            [
              82.59335959800015,
              23.826218351000087
            ],
            [
              82.59416102700011,
              23.823406570000053
            ],
            [
              82.60929818000005,
              23.83384620600008
            ],
            [
              82.63559759600004,
              23.83772614300012
            ],
            [
              82.64004360900012,
              23.84278066900009
            ],
            [
              82.63742659900012,
              23.84516205800004
            ],
            [
              82.63858935900005,
              23.848985162000083
            ],
            [
              82.64717687100013,
              23.84876519800009
            ],
            [
              82.645143327,
              23.855374490000095
            ],
            [
              82.64762984700003,
              23.85511120300007
            ],
            [
              82.64744603300011,
              23.858928591000087
            ],
            [
              82.65067298200012,
              23.860314796000118
            ],
            [
              82.65358793599998,
              23.857812539000115
            ],
            [
              82.65076880400014,
              23.855764159000096
            ],
            [
              82.66057234300011,
              23.85417680900003
            ],
            [
              82.66095910700014,
              23.862555860000093
            ],
            [
              82.66563865600008,
              23.861901925000076
            ],
            [
              82.66950578299995,
              23.871373912000063
            ],
            [
              82.65150002899998,
              23.886739072000132
            ],
            [
              82.6529603070001,
              23.893979435000126
            ],
            [
              82.66181937100009,
              23.908082281000112
            ],
            [
              82.67277358100014,
              23.905531892000123
            ],
            [
              82.67847137200005,
              23.90960335400011
            ],
            [
              82.68120298800011,
              23.9072781130001
            ],
            [
              82.68895290200008,
              23.909675308000114
            ],
            [
              82.69303772100011,
              23.917605618000085
            ],
            [
              82.69352541600004,
              23.902438119000117
            ],
            [
              82.69339017400004,
              23.920061921000105
            ],
            [
              82.70414724500004,
              23.924350498000027
            ],
            [
              82.751090849,
              23.919315301000058
            ],
            [
              82.75647553700001,
              23.925555369000065
            ],
            [
              82.75449258900008,
              23.934283879000088
            ],
            [
              82.77718855800008,
              23.936861905000143
            ],
            [
              82.7853770670001,
              23.94088349100009
            ],
            [
              82.79790306200009,
              23.950736254000052
            ],
            [
              82.80020418100005,
              23.961380192000107
            ],
            [
              82.82656399599998,
              23.962916077000088
            ],
            [
              82.86083497399997,
              23.93947868600003
            ],
            [
              82.86597816000008,
              23.925376342000085
            ],
            [
              82.88440673100014,
              23.90943122600008
            ],
            [
              82.90604633599995,
              23.898003550000105
            ],
            [
              82.92595906000014,
              23.893508615000073
            ],
            [
              82.93674440600009,
              23.87746022400014
            ],
            [
              82.94646600800012,
              23.872392052000105
            ],
            [
              82.99737741200009,
              23.873130019000058
            ],
            [
              83.00577519800011,
              23.877926415000076
            ],
            [
              83.03479923000002,
              23.880009486000123
            ],
            [
              83.05410605500009,
              23.87934819300012
            ],
            [
              83.07555783400008,
              23.87044831800013
            ],
            [
              83.09334224500003,
              23.872332663000076
            ],
            [
              83.11438832700003,
              23.880103403000078
            ],
            [
              83.14130948900012,
              23.884978907000068
            ],
            [
              83.15417168000013,
              23.897078244000106
            ],
            [
              83.15497140100004,
              23.905280610000116
            ],
            [
              83.16320955799999,
              23.908733570000088
            ],
            [
              83.17171138400009,
              23.907603318000096
            ],
            [
              83.17493175100009,
              23.912633658000107
            ],
            [
              83.19022127500003,
              23.917306830000054
            ],
            [
              83.19909066300008,
              23.914062667000128
            ],
            [
              83.2076549000001,
              23.921567467000063
            ],
            [
              83.20363004000005,
              23.928715171000118
            ],
            [
              83.21648847600011,
              23.938220074000075
            ],
            [
              83.21554577300009,
              23.946896312000035
            ],
            [
              83.21965511100001,
              23.949464874000107
            ],
            [
              83.22312619200007,
              23.95878510100006
            ],
            [
              83.21887674,
              23.972858832000124
            ],
            [
              83.22473420000006,
              23.976368212000146
            ],
            [
              83.22976368400009,
              23.972141758000124
            ],
            [
              83.23291965600009,
              23.97455767300009
            ],
            [
              83.23128076200011,
              23.982249724000063
            ],
            [
              83.22390859500014,
              23.982478637000085
            ],
            [
              83.22292203600004,
              23.98752332400013
            ],
            [
              83.23057089700009,
              23.989678890000135
            ],
            [
              83.23291361200003,
              23.996265216000104
            ],
            [
              83.2424605080001,
              23.997552446000117
            ],
            [
              83.23852245500004,
              24.006010501000056
            ],
            [
              83.24586751100017,
              24.013347992000092
            ],
            [
              83.25531565000014,
              24.014249088000042
            ],
            [
              83.26287300800007,
              24.00917545300009
            ],
            [
              83.27331661600007,
              24.01832484100012
            ],
            [
              83.27944168600007,
              24.018003124000145
            ],
            [
              83.28321481900015,
              24.03099290600005
            ],
            [
              83.28192037300008,
              24.049713873000048
            ],
            [
              83.3002348620001,
              24.078794270000095
            ],
            [
              83.30843902999999,
              24.08191138500008
            ],
            [
              83.32166260400005,
              24.106698508000083
            ],
            [
              83.34828130900009,
              24.09691550800012
            ],
            [
              83.36382272500008,
              24.103656703000112
            ],
            [
              83.38899604000007,
              24.099888073000045
            ],
            [
              83.4006510060001,
              24.092726027000047
            ],
            [
              83.40713839000014,
              24.081150700000023
            ],
            [
              83.42636577400012,
              24.086673559000108
            ],
            [
              83.43312408700011,
              24.085713154000135
            ],
            [
              83.43860133200015,
              24.075522634000116
            ],
            [
              83.43701964300011,
              24.059579433000092
            ],
            [
              83.45065002300008,
              24.04378846200014
            ],
            [
              83.47895293100011,
              24.0414499820001
            ],
            [
              83.51564493100004,
              24.02746040000007
            ],
            [
              83.52361967200014,
              24.010831950000103
            ],
            [
              83.51411609600011,
              23.9992912310001
            ],
            [
              83.51505245500005,
              23.980871218000136
            ],
            [
              83.52552944600015,
              23.961820993000075
            ],
            [
              83.54791733200014,
              23.93534068200013
            ],
            [
              83.54722305500016,
              23.9127237330001
            ],
            [
              83.55342002200015,
              23.897712642000105
            ],
            [
              83.56109926400013,
              23.892621832000064
            ],
            [
              83.57465310300009,
              23.893779257000084
            ],
            [
              83.58590501799999,
              23.8860817070001
            ],
            [
              83.58401957700013,
              23.87782425700006
            ],
            [
              83.56953331200005,
              23.86959444900009
            ],
            [
              83.57168819799999,
              23.861462004000092
            ],
            [
              83.58668705100013,
              23.864013896000117
            ],
            [
              83.61063874100002,
              23.854248522000102
            ],
            [
              83.65669055999999,
              23.84713736600005
            ],
            [
              83.66610763300014,
              23.83398956900004
            ],
            [
              83.66323621900005,
              23.830829543000057
            ],
            [
              83.6653534410001,
              23.8275710630001
            ],
            [
              83.6742536170001,
              23.82737269800012
            ],
            [
              83.68296699900012,
              23.819555773000115
            ],
            [
              83.69277747900004,
              23.82649058900014
            ],
            [
              83.7074843610001,
              23.818334081000106
            ],
            [
              83.70445799200016,
              23.80550743900011
            ],
            [
              83.71217780900012,
              23.80086155600011
            ],
            [
              83.72175147300008,
              23.788480990000075
            ],
            [
              83.72190336500013,
              23.770848330000064
            ],
            [
              83.73762811200011,
              23.759909533000126
            ],
            [
              83.73941324100011,
              23.73448819500005
            ],
            [
              83.74564597700012,
              23.7162518970001
            ],
            [
              83.74215993899999,
              23.703807473000108
            ],
            [
              83.73566517600014,
              23.700876524000073
            ],
            [
              83.72295184100001,
              23.685568657000037
            ],
            [
              83.73698812200008,
              23.668985079000052
            ],
            [
              83.76107336300011,
              23.652058925000144
            ],
            [
              83.76038888099995,
              23.647616388000095
            ],
            [
              83.7515271140001,
              23.639728757000103
            ],
            [
              83.76016179200009,
              23.625786656000095
            ],
            [
              83.77598963100016,
              23.620785099000067
            ],
            [
              83.77178185500017,
              23.61056827800009
            ],
            [
              83.7950319600001,
              23.60532445100009
            ],
            [
              83.80443559600012,
              23.597466595000075
            ],
            [
              83.80729171400009,
              23.587715473000085
            ],
            [
              83.811837777,
              23.588940297000086
            ],
            [
              83.81554522800006,
              23.5958599380001
            ],
            [
              83.82672220299999,
              23.590718596000052
            ],
            [
              83.87517717100012,
              23.581549843000108
            ],
            [
              83.88935504,
              23.580139187000096
            ],
            [
              83.89872184900017,
              23.58315445900009
            ],
            [
              83.90731761400014,
              23.577097626000146
            ],
            [
              83.91796661100007,
              23.57683813300008
            ],
            [
              83.9442997820001,
              23.566687033000125
            ],
            [
              83.94003830400011,
              23.5730179550001
            ],
            [
              83.9377828650001,
              23.59615812400008
            ],
            [
              83.93377298600005,
              23.60218783800009
            ],
            [
              83.93421377700011,
              23.614111455000067
            ],
            [
              83.94161112100012,
              23.625509187000052
            ],
            [
              83.97871382200012,
              23.631935407000096
            ],
            [
              84.01352480400011,
              23.63287163800011
            ],
            [
              84.0069078370001,
              23.627852086000104
            ],
            [
              84.00586501399997,
              23.622171387000105
            ],
            [
              84.01398730800001,
              23.615688224000056
            ],
            [
              84.02012360100014,
              23.604384188000097
            ],
            [
              84.0293054880001,
              23.602643767000156
            ],
            [
              84.02623494400015,
              23.580125802000055
            ],
            [
              84.02968827100007,
              23.56401311100013
            ],
            [
              84.0252037840001,
              23.55542715400009
            ],
            [
              84.027078928,
              23.545213473000107
            ],
            [
              84.01679749900009,
              23.522840291000083
            ],
            [
              84.01423641900011,
              23.503398197000106
            ],
            [
              84.00094939400003,
              23.496601293000033
            ],
            [
              83.99671810200006,
              23.486932275000086
            ],
            [
              83.987710135,
              23.478964289000107
            ],
            [
              83.98433221400002,
              23.46664372900006
            ],
            [
              83.97381982300001,
              23.45978494600011
            ],
            [
              83.97471096000012,
              23.45139880300008
            ],
            [
              83.98585079200008,
              23.435456850000072
            ],
            [
              83.98332162900007,
              23.43160743300007
            ],
            [
              83.98620237800004,
              23.43086671900007
            ],
            [
              83.98370037799997,
              23.428747180000112
            ],
            [
              83.98584325500008,
              23.42601642900012
            ],
            [
              83.98068462100011,
              23.421660502000133
            ],
            [
              83.97992561800011,
              23.413159358000094
            ],
            [
              83.97210192800007,
              23.403014856000063
            ],
            [
              83.96740327500007,
              23.38784503100008
            ],
            [
              83.98076483500009,
              23.36512149600011
            ],
            [
              84.01070064900013,
              23.35401363200004
            ],
            [
              84.01601994800015,
              23.36940455500011
            ],
            [
              84.021860961,
              23.37496778300007
            ],
            [
              84.03360232100009,
              23.37893167500013
            ],
            [
              84.04556387700009,
              23.37741180200005
            ],
            [
              84.049911246,
              23.374225733000134
            ],
            [
              84.04662577100002,
              23.370800080000112
            ],
            [
              84.05143639000006,
              23.36680537700008
            ],
            [
              84.05391587100014,
              23.35194664200008
            ],
            [
              84.06483060400004,
              23.345614769000115
            ],
            [
              84.06754100300003,
              23.33814180500015
            ],
            [
              84.07392414700016,
              23.33390094400009
            ],
            [
              84.06187659400014,
              23.308159667000098
            ],
            [
              84.06718909500005,
              23.294114231000066
            ],
            [
              84.06171303200001,
              23.285088543000057
            ],
            [
              84.06299100300006,
              23.275816161000066
            ],
            [
              84.05356181900007,
              23.248035000000137
            ],
            [
              84.05350363500014,
              23.24250279800008
            ],
            [
              84.0586880270001,
              23.2357875470001
            ],
            [
              84.05555436200008,
              23.218784341000124
            ],
            [
              84.06268725500016,
              23.206584811000056
            ],
            [
              84.05517945799997,
              23.19264560000011
            ],
            [
              84.04248444900003,
              23.18270818700007
            ],
            [
              84.03229610800001,
              23.1606641220001
            ],
            [
              84.03896102900009,
              23.150032942000124
            ],
            [
              84.04136321600008,
              23.135783839000116
            ],
            [
              84.04911484100009,
              23.134405831000052
            ],
            [
              84.05745317800007,
              23.126200384000143
            ],
            [
              84.06364174299999,
              23.112483681000132
            ],
            [
              84.07209426200009,
              23.10987227900007
            ],
            [
              84.08181832100016,
              23.11430290600011
            ],
            [
              84.09422149200002,
              23.1130672520001
            ],
            [
              84.09483008400011,
              23.110225394000064
            ],
            [
              84.10522767200011,
              23.105972276000056
            ],
            [
              84.11521343000007,
              23.08954123000008
            ],
            [
              84.12672841900016,
              23.088664063000067
            ],
            [
              84.13409241299999,
              23.082549658000065
            ],
            [
              84.13518182900008,
              23.069688028000105
            ],
            [
              84.12638107300002,
              23.05803122300009
            ],
            [
              84.12470546800012,
              23.036389756000123
            ],
            [
              84.1403949200001,
              23.010721020000094
            ],
            [
              84.13801378300009,
              23.0037125090001
            ],
            [
              84.14695451600008,
              22.99178743000009
            ],
            [
              84.14982738700002,
              22.965627715000117
            ],
            [
              84.1556089550001,
              22.963922539000073
            ],
            [
              84.1719865650001,
              22.9704172410001
            ],
            [
              84.17810431900011,
              22.97917352100011
            ],
            [
              84.17499905600013,
              22.99753468400009
            ],
            [
              84.17973594000011,
              23.00047940300011
            ],
            [
              84.17511411200014,
              23.010299278000105
            ],
            [
              84.17849893600008,
              23.012060962000117
            ],
            [
              84.18082058999997,
              23.026259994000068
            ],
            [
              84.18704855500013,
              23.027294758000064
            ],
            [
              84.20112104800009,
              23.022241663000123
            ],
            [
              84.20291984699998,
              23.015945290000076
            ],
            [
              84.20043360000005,
              23.0059195340001
            ],
            [
              84.21598484500007,
              22.99044212200007
            ],
            [
              84.21995180800012,
              22.978361420000063
            ],
            [
              84.23076884800001,
              22.983985847000113
            ],
            [
              84.24259351100007,
              22.983535714000084
            ],
            [
              84.24504863800007,
              22.977434704000125
            ],
            [
              84.25295774700007,
              22.972175180000068
            ],
            [
              84.27803362899998,
              22.99399085200006
            ],
            [
              84.28031994000006,
              22.98967139100007
            ],
            [
              84.27373414200014,
              22.983952093000074
            ],
            [
              84.28187068400011,
              22.964041991000098
            ],
            [
              84.30973372199998,
              22.969439769000136
            ],
            [
              84.32900325600006,
              22.982538009000134
            ],
            [
              84.33955080000005,
              22.98112039700008
            ],
            [
              84.3443775670001,
              22.9771080580001
            ],
            [
              84.3510823800001,
              22.979531133000034
            ],
            [
              84.36369795399995,
              22.975436809000108
            ],
            [
              84.37404002800017,
              22.979223087000037
            ],
            [
              84.3839128690001,
              22.96459243600008
            ],
            [
              84.38320355700012,
              22.952438064000106
            ],
            [
              84.39417441300004,
              22.943284021000135
            ],
            [
              84.39641781600012,
              22.926097530000092
            ],
            [
              84.38911789600009,
              22.91586426600009
            ],
            [
              84.38125354100006,
              22.914144892000024
            ],
            [
              84.37570220000002,
              22.906867499000075
            ],
            [
              84.3757856850001,
              22.902765118000104
            ],
            [
              84.38353987900005,
              22.898338115000097
            ],
            [
              84.38369903200008,
              22.894361318000126
            ],
            [
              84.37988058200007,
              22.885750088000126
            ],
            [
              84.38166655100014,
              22.878036379000047
            ],
            [
              84.37363428400008,
              22.872835398000127
            ],
            [
              84.37546545300006,
              22.86638598800012
            ],
            [
              84.36103348700011,
              22.86193832800009
            ],
            [
              84.35262189600012,
              22.86538818000007
            ],
            [
              84.3447512160001,
              22.859871870000084
            ],
            [
              84.335113679,
              22.8626716370001
            ],
            [
              84.32272546500013,
              22.850572694000096
            ],
            [
              84.31979795800012,
              22.838414797000098
            ],
            [
              84.32580762799998,
              22.83898601500011
            ],
            [
              84.32593190799996,
              22.836315638000052
            ],
            [
              84.32336284700011,
              22.826076963000133
            ],
            [
              84.31595717800012,
              22.816731379000036
            ],
            [
              84.31701994200013,
              22.805178915000127
            ],
            [
              84.30790692200017,
              22.804904050000122
            ],
            [
              84.30711980900016,
              22.800576918000118
            ],
            [
              84.29478566900013,
              22.79065215600015
            ],
            [
              84.29011321300007,
              22.781192252000096
            ],
            [
              84.29211581900003,
              22.776560967000062
            ],
            [
              84.28880981900005,
              22.765272136000117
            ],
            [
              84.28601940200001,
              22.763185659000055
            ],
            [
              84.27541861500006,
              22.76929926400008
            ],
            [
              84.25262502100016,
              22.76700687200003
            ],
            [
              84.26002813200012,
              22.76581271700008
            ],
            [
              84.23056609100011,
              22.738697202000072
            ],
            [
              84.22910050100009,
              22.72955590200009
            ],
            [
              84.23386896000001,
              22.70676781000011
            ],
            [
              84.23148429400005,
              22.701726486000076
            ],
            [
              84.23797628100013,
              22.69255055500007
            ],
            [
              84.23371561400012,
              22.67882263800011
            ],
            [
              84.22702841800006,
              22.67228661600013
            ],
            [
              84.2168159610001,
              22.665428619000153
            ],
            [
              84.2122678180001,
              22.665761873000104
            ],
            [
              84.21388178400005,
              22.668306564000066
            ],
            [
              84.19812465400015,
              22.66576469900016
            ],
            [
              84.18855807500006,
              22.655716363000092
            ],
            [
              84.16237886999998,
              22.645567827000082
            ],
            [
              84.15384993800014,
              22.636468210000086
            ],
            [
              84.13935913400012,
              22.6389845480001
            ],
            [
              84.11693491300004,
              22.637692446000127
            ],
            [
              84.11136635500009,
              22.64037933600004
            ],
            [
              84.09489256300003,
              22.635223673000052
            ],
            [
              84.081878766,
              22.638281418000098
            ],
            [
              84.06482826300011,
              22.610294548000113
            ],
            [
              84.05769981700014,
              22.605449690000082
            ],
            [
              84.05561411600014,
              22.598292677000146
            ],
            [
              84.02508438500008,
              22.590956556000044
            ],
            [
              84.02109161400003,
              22.582815762000067
            ],
            [
              84.01075450200014,
              22.5746418170001
            ],
            [
              84.00762177400001,
              22.55326568800015
            ],
            [
              84.0026987540001,
              22.545458158000034
            ],
            [
              84.01183638400003,
              22.527384106000095
            ],
            [
              84.0045439880001,
              22.527105097000103
            ],
            [
              84.002910207,
              22.531910036000117
            ],
            [
              83.99700126000003,
              22.530145409000127
            ],
            [
              83.98085876900014,
              22.521450528000134
            ],
            [
              83.98126757000011,
              22.515902580000105
            ],
            [
              83.97732071100013,
              22.51643520300012
            ],
            [
              83.97534669999996,
              22.511314546000097
            ],
            [
              83.9805438880001,
              22.50740245700015
            ],
            [
              83.98010238400016,
              22.50175178800006
            ],
            [
              84.0183668660001,
              22.490282230000084
            ],
            [
              84.02736552200008,
              22.47598740600011
            ],
            [
              84.04770203300008,
              22.469832546000138
            ],
            [
              84.04645027600007,
              22.44810459700012
            ],
            [
              84.04138974700005,
              22.432433069000105
            ],
            [
              84.0316315460001,
              22.426688763000083
            ],
            [
              84.03189732200015,
              22.42200643000009
            ],
            [
              84.01268556900004,
              22.397298745000086
            ],
            [
              84.00568927399999,
              22.38197848700009
            ],
            [
              84.0098468840001,
              22.372537298000076
            ],
            [
              84.00354838800014,
              22.374245174000077
            ],
            [
              83.982561815,
              22.367580243000088
            ],
            [
              83.97694207200007,
              22.36269102800003
            ],
            [
              83.97770504100005,
              22.356321371000046
            ],
            [
              83.95743836900006,
              22.362406616000122
            ],
            [
              83.94401485300006,
              22.354185087000126
            ],
            [
              83.92092889300012,
              22.357100736000138
            ],
            [
              83.90582812400008,
              22.350149052000138
            ],
            [
              83.90168891100008,
              22.33922145000006
            ],
            [
              83.89013499300015,
              22.336332591000044
            ],
            [
              83.87889304599999,
              22.335393710000076
            ],
            [
              83.86422043300011,
              22.34324892200005
            ],
            [
              83.85403603700016,
              22.337461302000087
            ],
            [
              83.84990591500011,
              22.325267549000053
            ],
            [
              83.83014271900012,
              22.323190782000083
            ],
            [
              83.82412269200012,
              22.31522263600009
            ],
            [
              83.82174464500008,
              22.311668963000045
            ],
            [
              83.825800266,
              22.30547210500006
            ],
            [
              83.82296933200007,
              22.30114834700007
            ],
            [
              83.8265539770001,
              22.292763779000083
            ],
            [
              83.81924124500007,
              22.289781550000068
            ],
            [
              83.80239850599996,
              22.2895994270001
            ],
            [
              83.80449956700008,
              22.29469071000009
            ],
            [
              83.79361844500012,
              22.30040540100006
            ],
            [
              83.80429319100014,
              22.294727382000104
            ],
            [
              83.80237071400015,
              22.28976609500012
            ],
            [
              83.79572154700004,
              22.286184859000105
            ],
            [
              83.79237168500008,
              22.276755042000055
            ],
            [
              83.77890509500016,
              22.27314057700013
            ],
            [
              83.77422153000006,
              22.26516827800006
            ],
            [
              83.77534207400005,
              22.257810964000072
            ],
            [
              83.76005627400015,
              22.25121254800008
            ],
            [
              83.75757327900006,
              22.24034587000007
            ],
            [
              83.71250104700013,
              22.243190005000116
            ],
            [
              83.70484613700012,
              22.247089583000093
            ],
            [
              83.66597743100012,
              22.23297950100013
            ],
            [
              83.65498334800004,
              22.220381273000115
            ],
            [
              83.64821890600008,
              22.22303933400013
            ],
            [
              83.62573746800007,
              22.202917560000138
            ],
            [
              83.61400852700012,
              22.17819538400009
            ],
            [
              83.60860042100012,
              22.15377814900014
            ],
            [
              83.56345152200008,
              22.1043033410001
            ],
            [
              83.56293055300004,
              22.096436536000056
            ],
            [
              83.57682796500009,
              22.090240115000107
            ],
            [
              83.59380744600014,
              22.07404948700004
            ],
            [
              83.60717788000011,
              22.067347682000108
            ],
            [
              83.60151780900013,
              22.058046202000106
            ],
            [
              83.59048599400013,
              22.05490791800006
            ],
            [
              83.5859760940001,
              22.04857910700008
            ],
            [
              83.58188463099997,
              22.055057815000115
            ],
            [
              83.55055689200005,
              22.05332470800007
            ],
            [
              83.54775132400009,
              22.059419976000086
            ],
            [
              83.54274351300008,
              22.056099801000087
            ],
            [
              83.53674387000015,
              22.043222661000087
            ],
            [
              83.53677573500012,
              22.027216258000074
            ],
            [
              83.55545296999996,
              22.00696457000008
            ],
            [
              83.54372099500013,
              21.994007388000117
            ],
            [
              83.54384593300007,
              21.987608372000103
            ],
            [
              83.53773637800012,
              21.97875818100005
            ],
            [
              83.53917311700006,
              21.966614037000124
            ],
            [
              83.56224941800009,
              21.947952879000102
            ],
            [
              83.55727489500008,
              21.93523529800007
            ],
            [
              83.59134814500005,
              21.92948136300005
            ],
            [
              83.59058201600008,
              21.93512023300014
            ],
            [
              83.59783405800006,
              21.93281204000012
            ],
            [
              83.59694986200009,
              21.92994022200009
            ],
            [
              83.61062302600006,
              21.912920902000113
            ],
            [
              83.60017962500007,
              21.90147607700005
            ],
            [
              83.58699879600007,
              21.902508102000088
            ],
            [
              83.5875765440001,
              21.89356521300009
            ],
            [
              83.57819595500013,
              21.888729239000085
            ],
            [
              83.58146477600013,
              21.883152291000055
            ],
            [
              83.57738234700012,
              21.88226988700014
            ],
            [
              83.574590982,
              21.875071248000047
            ],
            [
              83.5928730480001,
              21.851316564000115
            ],
            [
              83.58895116300006,
              21.84434063200015
            ],
            [
              83.57800285500014,
              21.83690874700012
            ],
            [
              83.57977421800005,
              21.832010156000084
            ],
            [
              83.570830641,
              21.832020320000037
            ],
            [
              83.5517232980001,
              21.841084901000066
            ],
            [
              83.5420504290001,
              21.838725962000108
            ],
            [
              83.53216354599998,
              21.831790737000137
            ],
            [
              83.53053397100015,
              21.825335957000128
            ],
            [
              83.54022038100003,
              21.821661646000138
            ],
            [
              83.53773705500008,
              21.812542609000133
            ],
            [
              83.543017431,
              21.805377347000046
            ],
            [
              83.54081316399996,
              21.798625564000154
            ],
            [
              83.5252926940001,
              21.798276713000067
            ],
            [
              83.49303528600008,
              21.81831129800004
            ],
            [
              83.49405766200012,
              21.813278388000082
            ],
            [
              83.4885666390001,
              21.807701383000136
            ],
            [
              83.48638258800013,
              21.797224350000125
            ],
            [
              83.48173914100006,
              21.791314365000073
            ],
            [
              83.46948660200015,
              21.7869017210001
            ],
            [
              83.47705412200011,
              21.779452137000114
            ],
            [
              83.48253146500016,
              21.765115691000073
            ],
            [
              83.47613849900011,
              21.752308848000116
            ],
            [
              83.4871594210001,
              21.7489852450001
            ],
            [
              83.4891668020001,
              21.745264755000107
            ],
            [
              83.48433332000003,
              21.744024622000083
            ],
            [
              83.47150047799997,
              21.717430104000105
            ],
            [
              83.46156837900001,
              21.70949200200011
            ],
            [
              83.45988779900014,
              21.698555440000092
            ],
            [
              83.4524127540001,
              21.69571791000006
            ],
            [
              83.43915962900016,
              21.700536955000086
            ],
            [
              83.43143717400007,
              21.699171862000114
            ],
            [
              83.42471520400007,
              21.692983446000028
            ],
            [
              83.41911144083751,
              21.680900547736726
            ],
            [
              83.4327696580001,
              21.6736106490001
            ],
            [
              83.44668338700015,
              21.658597739000133
            ],
            [
              83.48703944900012,
              21.643753485000087
            ],
            [
              83.48722839300012,
              21.64055487300011
            ],
            [
              83.49274188599996,
              21.638175202000124
            ],
            [
              83.48911700900007,
              21.630764842000097
            ],
            [
              83.47388521300002,
              21.632819899000047
            ],
            [
              83.46653447500013,
              21.60969766200004
            ],
            [
              83.46030974200006,
              21.60836870900013
            ],
            [
              83.45246906000004,
              21.612685712000093
            ],
            [
              83.45310169799998,
              21.62275979700007
            ],
            [
              83.44384213999999,
              21.623892089000055
            ],
            [
              83.44363009500012,
              21.635624713000038
            ],
            [
              83.45062307900017,
              21.651151814000094
            ],
            [
              83.44310958900013,
              21.655410946000156
            ],
            [
              83.42923213900005,
              21.64736544000007
            ],
            [
              83.42796082100011,
              21.64339501400009
            ],
            [
              83.41591229100001,
              21.64090159700011
            ],
            [
              83.40373481800009,
              21.630885474000042
            ],
            [
              83.3914729760001,
              21.626806361000043
            ],
            [
              83.39009108499998,
              21.61784729300013
            ],
            [
              83.3827747430001,
              21.620047097000064
            ],
            [
              83.38132805100012,
              21.608678499000092
            ],
            [
              83.36925826800014,
              21.59964822700006
            ],
            [
              83.37070716300002,
              21.590992084000074
            ],
            [
              83.36794529000012,
              21.59169025100011
            ],
            [
              83.369278134,
              21.58504499300006
            ],
            [
              83.36492009700011,
              21.576005366000143
            ],
            [
              83.37208985600012,
              21.564653004000093
            ],
            [
              83.37071541600008,
              21.558944568000108
            ],
            [
              83.3734250440001,
              21.558548711000128
            ],
            [
              83.36654779100013,
              21.551226744000132
            ],
            [
              83.36645886399997,
              21.546703749000088
            ],
            [
              83.36032411500015,
              21.542832740000076
            ],
            [
              83.350321981,
              21.5131112980001
            ],
            [
              83.34298802300007,
              21.50966680600012
            ],
            [
              83.3383906710001,
              21.501405967000068
            ],
            [
              83.34768662300009,
              21.488280107000094
            ],
            [
              83.34693398099998,
              21.47019001000007
            ],
            [
              83.35403440200012,
              21.44785849600012
            ],
            [
              83.37357082600009,
              21.442837184000055
            ],
            [
              83.37150484100012,
              21.435132767000034
            ],
            [
              83.37558636400014,
              21.43311282800006
            ],
            [
              83.38461652200007,
              21.413808020000072
            ],
            [
              83.39839398500006,
              21.40425043700011
            ],
            [
              83.39650476800014,
              21.387722178000082
            ],
            [
              83.40027237400012,
              21.374147298000082
            ],
            [
              83.39657900000007,
              21.366722980000144
            ],
            [
              83.40874319400005,
              21.359095060000147
            ],
            [
              83.406350838,
              21.351299620000145
            ],
            [
              83.39238778500012,
              21.342524418000078
            ],
            [
              83.34793018499998,
              21.353675043000134
            ],
            [
              83.34650446700006,
              21.357724576000084
            ],
            [
              83.32322466399998,
              21.362490098000034
            ],
            [
              83.31252508700013,
              21.370471596000154
            ],
            [
              83.28349782700012,
              21.38050496900014
            ],
            [
              83.27325640700015,
              21.379686962000136
            ],
            [
              83.27476150600008,
              21.363206136000038
            ],
            [
              83.27024963100006,
              21.348589972000124
            ],
            [
              83.25769485100008,
              21.333966138000108
            ],
            [
              83.26657621700005,
              21.33052516400006
            ],
            [
              83.26303002100009,
              21.329922139000082
            ],
            [
              83.25728379500009,
              21.320089100000153
            ],
            [
              83.26188761000007,
              21.30812102600005
            ],
            [
              83.27622849000012,
              21.302134510000062
            ],
            [
              83.27968983100008,
              21.29421993300006
            ],
            [
              83.27170519700014,
              21.27289971300012
            ],
            [
              83.2562705260001,
              21.28261912100006
            ],
            [
              83.25083869400008,
              21.282185194000128
            ],
            [
              83.24535256700011,
              21.28079293300013
            ],
            [
              83.23664544900008,
              21.269550418000108
            ],
            [
              83.2298163980001,
              21.27170650700007
            ],
            [
              83.22244022100006,
              21.266000014000067
            ],
            [
              83.21744949500012,
              21.25463993000009
            ],
            [
              83.22252484400013,
              21.228824322000076
            ],
            [
              83.21801627100012,
              21.226707940000114
            ],
            [
              83.21746992100005,
              21.21364132300007
            ],
            [
              83.210658472,
              21.204542193000112
            ],
            [
              83.21474214000003,
              21.19448605100011
            ],
            [
              83.20309906800017,
              21.17679165300014
            ],
            [
              83.20467849600011,
              21.165638046000105
            ],
            [
              83.19895528199997,
              21.163826776000075
            ],
            [
              83.1981860820001,
              21.14528390700016
            ],
            [
              83.18727732800008,
              21.137075534000097
            ],
            [
              83.17799993200002,
              21.13517542900009
            ],
            [
              83.16701110200012,
              21.138598875000106
            ],
            [
              83.13982933300014,
              21.113504033000044
            ],
            [
              83.13966638900015,
              21.10998007900006
            ],
            [
              83.13213792699995,
              21.105818028000126
            ],
            [
              83.11311617500012,
              21.112643286000058
            ],
            [
              83.1007101220001,
              21.109942550000063
            ],
            [
              83.09502804100008,
              21.113225403000083
            ],
            [
              83.07818088800013,
              21.1119557220001
            ],
            [
              83.05283561900013,
              21.126043779000106
            ],
            [
              83.04587860100004,
              21.123691907000023
            ],
            [
              83.03900048600009,
              21.131614051000117
            ],
            [
              83.03421861000012,
              21.13171823000012
            ],
            [
              83.03499569900002,
              21.136648469000022
            ],
            [
              83.023970018,
              21.13640241100009
            ],
            [
              83.01668272600013,
              21.146222738000123
            ],
            [
              83.01053593600011,
              21.14494994300006
            ],
            [
              83.00457857900004,
              21.136871909000035
            ],
            [
              82.99068252800002,
              21.13991687700009
            ],
            [
              82.98621979299999,
              21.151294908000132
            ],
            [
              82.99359109100007,
              21.162023628000096
            ],
            [
              83.00400311400013,
              21.16707293500008
            ],
            [
              83.00179701700011,
              21.170455352000076
            ],
            [
              82.97983252600007,
              21.170147516000096
            ],
            [
              82.98881240200001,
              21.182606842000077
            ],
            [
              82.98316429900014,
              21.180001758000092
            ],
            [
              82.97450688200013,
              21.1821691380001
            ],
            [
              82.9648777160001,
              21.17588550700004
            ],
            [
              82.96707955900013,
              21.184720063000043
            ],
            [
              82.96324475000009,
              21.192950740000086
            ],
            [
              82.94324985200011,
              21.17879864600011
            ],
            [
              82.94643285100013,
              21.175456910000104
            ],
            [
              82.94264811600006,
              21.17215324200005
            ],
            [
              82.94774594199997,
              21.161794991000097
            ],
            [
              82.93999506700001,
              21.16048877900011
            ],
            [
              82.93759017899998,
              21.169824074000157
            ],
            [
              82.93284384700011,
              21.163377739000136
            ],
            [
              82.9151102080001,
              21.161902868000052
            ],
            [
              82.90174603300012,
              21.16727882900006
            ],
            [
              82.88333728600011,
              21.14762032100012
            ],
            [
              82.87990915699997,
              21.150659613000148
            ],
            [
              82.877173338,
              21.163398095000133
            ],
            [
              82.87259625000002,
              21.162081092000054
            ],
            [
              82.87140102500015,
              21.15706586600005
            ],
            [
              82.86593188100008,
              21.163654105000088
            ],
            [
              82.86382234500014,
              21.160898303000067
            ],
            [
              82.85269507700016,
              21.15973210100003
            ],
            [
              82.85079129400012,
              21.16783977700011
            ],
            [
              82.8122551690001,
              21.16119889400007
            ],
            [
              82.7996969070001,
              21.155372855000124
            ],
            [
              82.79307764100015,
              21.14236732000007
            ],
            [
              82.78635901400017,
              21.14442742500008
            ],
            [
              82.78046893900007,
              21.153133033000074
            ],
            [
              82.76883315200011,
              21.157910997000076
            ],
            [
              82.76404097600009,
              21.16404414000012
            ],
            [
              82.75575638100011,
              21.166337585000075
            ],
            [
              82.74897438000012,
              21.16428794800004
            ],
            [
              82.72053830400009,
              21.166782857000058
            ],
            [
              82.71860002600012,
              21.159067654000122
            ],
            [
              82.70935160600007,
              21.160848693000048
            ],
            [
              82.70114414500009,
              21.157566389000074
            ],
            [
              82.69559371300002,
              21.160563020000126
            ],
            [
              82.69697849400012,
              21.164302182000064
            ],
            [
              82.69214565700001,
              21.16589718400014
            ],
            [
              82.66281408800015,
              21.154577234000108
            ],
            [
              82.65483711900005,
              21.156907413000084
            ],
            [
              82.64041227900006,
              21.1545932510001
            ],
            [
              82.63650592900015,
              21.14871680300007
            ],
            [
              82.63769612100003,
              21.14342421500012
            ],
            [
              82.64242828800016,
              21.13560329500014
            ],
            [
              82.65354528900009,
              21.131171964000043
            ],
            [
              82.65093114000007,
              21.125180840000116
            ],
            [
              82.63963567100011,
              21.116669208000097
            ],
            [
              82.64200287199995,
              21.111292602000123
            ],
            [
              82.64859098900016,
              21.109689448000083
            ],
            [
              82.6491120990001,
              21.104424584000117
            ],
            [
              82.63778821800011,
              21.094217457000145
            ],
            [
              82.62970302100011,
              21.079438911000118
            ],
            [
              82.61579399000009,
              21.078866984000136
            ],
            [
              82.6114476950001,
              21.073467227000112
            ],
            [
              82.61842872100013,
              21.05419360400004
            ],
            [
              82.628195719,
              21.045452901000075
            ],
            [
              82.62897758999995,
              21.038330653000084
            ],
            [
              82.61376890800013,
              21.02336823100012
            ],
            [
              82.61091431800001,
              21.01258718800009
            ],
            [
              82.58853955900013,
              20.993188187000126
            ],
            [
              82.58040560000009,
              20.979120550000122
            ],
            [
              82.5714778810001,
              20.972603053000075
            ],
            [
              82.56239034100014,
              20.952895422000065
            ],
            [
              82.55432534400012,
              20.94353808100006
            ],
            [
              82.54059033000001,
              20.9351173320001
            ],
            [
              82.52683527900012,
              20.933632467000077
            ],
            [
              82.51755251200007,
              20.923128617000067
            ],
            [
              82.50148455100012,
              20.918547951000136
            ],
            [
              82.4890527900001,
              20.909779649000107
            ],
            [
              82.49088421400012,
              20.881632847000123
            ],
            [
              82.48618292300006,
              20.870509632000115
            ],
            [
              82.48670326400013,
              20.861712538000102
            ],
            [
              82.48183647400006,
              20.852680057000065
            ],
            [
              82.46655134100013,
              20.84480813500013
            ],
            [
              82.46794089999999,
              20.834498886000144
            ],
            [
              82.46073859200013,
              20.827683992000093
            ],
            [
              82.44518870100013,
              20.830599254000074
            ],
            [
              82.43941542700011,
              20.83587688700012
            ],
            [
              82.42000915400008,
              20.831858789000105
            ],
            [
              82.4187481130001,
              20.83700975400015
            ],
            [
              82.41031900400007,
              20.842201481000103
            ],
            [
              82.41303977800013,
              20.850970663000115
            ],
            [
              82.4069625800001,
              20.859071553000078
            ],
            [
              82.40509204100005,
              20.870255214000114
            ],
            [
              82.3943774960001,
              20.871040519000076
            ],
            [
              82.3879078420001,
              20.875195157000107
            ],
            [
              82.3740053990001,
              20.868600688000086
            ],
            [
              82.36392797200001,
              20.87113861800011
            ],
            [
              82.359762812,
              20.873731568000068
            ],
            [
              82.36384752200011,
              20.888667930000096
            ],
            [
              82.35115345100016,
              20.889871275000097
            ],
            [
              82.34602633189168,
              20.8726957778474
            ],
            [
              82.344616322,
              20.85539152400006
            ],
            [
              82.34006875300014,
              20.846865651000105
            ],
            [
              82.3409281070001,
              20.814056279000074
            ],
            [
              82.3462686520001,
              20.7977970160001
            ],
            [
              82.34075486299997,
              20.765349141000137
            ],
            [
              82.3534906890001,
              20.7363558130001
            ],
            [
              82.34603912700013,
              20.731170003000102
            ],
            [
              82.35395585500012,
              20.722223503000073
            ],
            [
              82.35120975000011,
              20.71909923000012
            ],
            [
              82.35045319100013,
              20.706326296000125
            ],
            [
              82.35988565300013,
              20.68422590400011
            ],
            [
              82.36685498499999,
              20.68035632800013
            ],
            [
              82.37294030200016,
              20.6692446460001
            ],
            [
              82.36872072000008,
              20.65965087500007
            ],
            [
              82.36891531100011,
              20.648560463000024
            ],
            [
              82.37715616300011,
              20.632002580000123
            ],
            [
              82.3644367090001,
              20.62200976400012
            ],
            [
              82.36631883000013,
              20.616144374000115
            ],
            [
              82.36359335700013,
              20.610522073000062
            ],
            [
              82.35528839500007,
              20.608809271000098
            ],
            [
              82.35210947400003,
              20.603003662000066
            ],
            [
              82.3449728870001,
              20.600068376000028
            ],
            [
              82.34432503000005,
              20.59181882100011
            ],
            [
              82.35087184300004,
              20.581479524000038
            ],
            [
              82.34501272300011,
              20.57232515300013
            ],
            [
              82.33284660000005,
              20.569206267000087
            ],
            [
              82.33466377800003,
              20.564196926000037
            ],
            [
              82.33194002400009,
              20.563340150000112
            ],
            [
              82.33563983000006,
              20.55563987200008
            ],
            [
              82.34841713000006,
              20.54648121100008
            ],
            [
              82.35658995000011,
              20.52922173900004
            ],
            [
              82.38940117900012,
              20.517922408000114
            ],
            [
              82.38874879100014,
              20.49510053300009
            ],
            [
              82.39399859100001,
              20.48248257400013
            ],
            [
              82.39218145100013,
              20.478388643000148
            ],
            [
              82.39646026499994,
              20.476616924000105
            ],
            [
              82.39794961300008,
              20.469834522000077
            ],
            [
              82.3958727800001,
              20.458835643000054
            ],
            [
              82.40371657600011,
              20.459263225000083
            ],
            [
              82.4079951710001,
              20.463112923000107
            ],
            [
              82.41668731700013,
              20.481199119000074
            ],
            [
              82.42744349600014,
              20.468915590000073
            ],
            [
              82.426061402,
              20.447228154000122
            ],
            [
              82.43513248800004,
              20.447069526000142
            ],
            [
              82.43931626000008,
              20.438798969000086
            ],
            [
              82.43879895000009,
              20.434343778000056
            ],
            [
              82.43208905400012,
              20.428368137000078
            ],
            [
              82.43402084500016,
              20.416968029000074
            ],
            [
              82.416142674,
              20.40784436000013
            ],
            [
              82.42154698299996,
              20.39224338200009
            ],
            [
              82.41756272699999,
              20.386625471000134
            ],
            [
              82.41794280000009,
              20.379249037000072
            ],
            [
              82.41004110900009,
              20.371274892000116
            ],
            [
              82.4093263570001,
              20.364187002000126
            ],
            [
              82.4044013710001,
              20.35777139100007
            ],
            [
              82.40588969900014,
              20.352821840000082
            ],
            [
              82.3997339730001,
              20.34270939000004
            ],
            [
              82.40180520700005,
              20.336904749000087
            ],
            [
              82.40828052999998,
              20.332871787000087
            ],
            [
              82.40827914699996,
              20.328227853000072
            ],
            [
              82.4214242200001,
              20.323613344000094
            ],
            [
              82.43022676700012,
              20.313591638000098
            ],
            [
              82.42996259200002,
              20.3009431950001
            ],
            [
              82.43746936700003,
              20.292296127000068
            ],
            [
              82.43163583800009,
              20.27922125800014
            ],
            [
              82.41603158200004,
              20.27329617900008
            ],
            [
              82.41201565700013,
              20.266239132000067
            ],
            [
              82.41149561099999,
              20.260495579000107
            ],
            [
              82.4224953350001,
              20.24772416100015
            ],
            [
              82.4122675510001,
              20.24583130600012
            ],
            [
              82.41155411900013,
              20.241340532000077
            ],
            [
              82.41646747099996,
              20.224659049000074
            ],
            [
              82.42326067700009,
              20.220809140000032
            ],
            [
              82.42202731700009,
              20.20892458000009
            ],
            [
              82.4138714040001,
              20.200432336000077
            ],
            [
              82.4121816500001,
              20.18188812900014
            ],
            [
              82.40732994200012,
              20.181155234000073
            ],
            [
              82.39005198200006,
              20.164443982000094
            ],
            [
              82.39451294200012,
              20.152407121000074
            ],
            [
              82.38603856999998,
              20.146724033000055
            ],
            [
              82.3939234540001,
              20.137647537000106
            ],
            [
              82.39845240800011,
              20.122315133000082
            ],
            [
              82.40135262600009,
              20.08250813600007
            ],
            [
              82.39514336500005,
              20.067981414000094
            ],
            [
              82.397823172,
              20.057976170000128
            ],
            [
              82.40981334999998,
              20.051759413000095
            ],
            [
              82.429237719,
              20.05015348600009
            ],
            [
              82.44568438500012,
              20.041336545000036
            ],
            [
              82.46081097300008,
              20.04159128200015
            ],
            [
              82.47074345500006,
              20.034691615000103
            ],
            [
              82.47887875100002,
              20.03807057200008
            ],
            [
              82.49343400300015,
              20.024930716000103
            ],
            [
              82.50965082399998,
              20.01793201000012
            ],
            [
              82.5513043460001,
              20.017152481000103
            ],
            [
              82.58406153500007,
              20.003277200000117
            ],
            [
              82.58466058900008,
              19.99545083300013
            ],
            [
              82.601769381,
              19.990171395000115
            ],
            [
              82.62155581200014,
              19.99216424500007
            ],
            [
              82.63082209900007,
              20.00302840900005
            ],
            [
              82.6426712040001,
              20.00694103900004
            ],
            [
              82.64335647400004,
              20.004107430000065
            ],
            [
              82.6522260340001,
              20.00603244700009
            ],
            [
              82.66835384900003,
              20.00135692500004
            ],
            [
              82.70756785,
              19.99948601800005
            ],
            [
              82.71556329900012,
              19.996414828000134
            ],
            [
              82.71817053800011,
              19.989851616000124
            ],
            [
              82.717670103,
              19.965205071000117
            ],
            [
              82.71472497100004,
              19.9590002950001
            ],
            [
              82.71994976400006,
              19.948842790000146
            ],
            [
              82.7128020200001,
              19.93934573900004
            ],
            [
              82.71232925500006,
              19.917435854000157
            ],
            [
              82.70763303100007,
              19.912654571000147
            ],
            [
              82.70780991300005,
              19.902602656000138
            ],
            [
              82.71360896300007,
              19.877631228000073
            ],
            [
              82.72365702500012,
              19.874856470000083
            ],
            [
              82.71997425800005,
              19.867442059000076
            ],
            [
              82.7199490830001,
              19.857264204000128
            ],
            [
              82.71176130500005,
              19.850959059000065
            ],
            [
              82.71311464400011,
              19.843817374000064
            ],
            [
              82.70586915199996,
              19.83205003300005
            ],
            [
              82.65206132400006,
              19.832029927000075
            ],
            [
              82.64714993000003,
              19.81854431500009
            ],
            [
              82.63658820000012,
              19.812424485000083
            ],
            [
              82.62692723000012,
              19.79394798200015
            ],
            [
              82.60348323100006,
              19.788136471000076
            ],
            [
              82.60220467600004,
              19.780976294000055
            ],
            [
              82.59140652200011,
              19.775515395000124
            ],
            [
              82.58280708600002,
              19.778580216000044
            ],
            [
              82.5814169350001,
              19.78302962600004
            ],
            [
              82.58439627200006,
              19.788244523000134
            ],
            [
              82.58327202200012,
              19.79848577900009
            ],
            [
              82.58672757699995,
              19.803082513000106
            ],
            [
              82.57757335000005,
              19.80940589600008
            ],
            [
              82.5799182520001,
              19.830313622000087
            ],
            [
              82.57602775900007,
              19.828635087000116
            ],
            [
              82.57539196800013,
              19.83328772400014
            ],
            [
              82.58011832800013,
              19.8407477520001
            ],
            [
              82.58817084000009,
              19.84420330400011
            ],
            [
              82.58643988400013,
              19.847887644000043
            ],
            [
              82.59674082800014,
              19.855420360000068
            ],
            [
              82.59623535700005,
              19.85884269300008
            ],
            [
              82.60016977899998,
              19.860333866000094
            ],
            [
              82.60318277000006,
              19.86690085500006
            ],
            [
              82.5962626450001,
              19.872865337000093
            ],
            [
              82.58172858199995,
              19.870367542000103
            ],
            [
              82.57321290500013,
              19.877618211000062
            ],
            [
              82.5589741980001,
              19.8740483550001
            ],
            [
              82.5557699320001,
              19.880541116000142
            ],
            [
              82.5487872040001,
              19.875544974000118
            ],
            [
              82.54208073299996,
              19.883628896000097
            ],
            [
              82.53428841900013,
              19.887184747000056
            ],
            [
              82.53060567300015,
              19.878112257000083
            ],
            [
              82.52306580700017,
              19.882680416000046
            ],
            [
              82.51915252300012,
              19.891305503000126
            ],
            [
              82.51023864300012,
              19.888693150000073
            ],
            [
              82.50423361100002,
              19.891177652000117
            ],
            [
              82.50509683500003,
              19.900792060000075
            ],
            [
              82.50072590800013,
              19.90277883700006
            ],
            [
              82.49065985800011,
              19.903414717000093
            ],
            [
              82.48292718200015,
              19.907763922000147
            ],
            [
              82.47269613500006,
              19.906704032000114
            ],
            [
              82.47243285200004,
              19.901580318000104
            ],
            [
              82.46427039400005,
              19.90077961400011
            ],
            [
              82.44595624300014,
              19.91013499100013
            ],
            [
              82.43783377899999,
              19.90500899000011
            ],
            [
              82.418189811,
              19.90404756200014
            ],
            [
              82.417339615,
              19.89916797700008
            ],
            [
              82.39445020599999,
              19.888132388000038
            ],
            [
              82.37572554600004,
              19.860408521000142
            ],
            [
              82.36087312500013,
              19.86305131300005
            ],
            [
              82.36061123300013,
              19.857511418000065
            ],
            [
              82.36493604900002,
              19.85160104100007
            ],
            [
              82.3611359020001,
              19.851021226000057
            ],
            [
              82.34912452800015,
              19.8370453750001
            ],
            [
              82.34397092500015,
              19.836237124000103
            ],
            [
              82.332570052,
              19.843797727000037
            ],
            [
              82.32535809500004,
              19.862294110000104
            ],
            [
              82.30267498200004,
              19.890062658000055
            ],
            [
              82.30078966200001,
              19.905088532000118
            ],
            [
              82.2786141830001,
              19.94281729400013
            ],
            [
              82.27488757900014,
              19.96309196700007
            ],
            [
              82.26893401600012,
              19.976502159000123
            ],
            [
              82.2570379090001,
              19.983189544000105
            ],
            [
              82.23729730100013,
              20.00361109400012
            ],
            [
              82.21683726200003,
              19.997098061000088
            ],
            [
              82.2107085740001,
              19.98644826400008
            ],
            [
              82.19301569700016,
              19.987207724000037
            ],
            [
              82.18498852699999,
              19.983681158000103
            ],
            [
              82.18526929500013,
              19.988196464000133
            ],
            [
              82.17797395300012,
              19.997768604000058
            ],
            [
              82.17557657000009,
              19.996517201000078
            ],
            [
              82.1713623860001,
              20.005852033000085
            ],
            [
              82.1541742120001,
              20.008287842000097
            ],
            [
              82.13714769400015,
              20.019651031000066
            ],
            [
              82.12875760300005,
              20.015627571000053
            ],
            [
              82.12425157100009,
              20.016943519000133
            ],
            [
              82.1036512400001,
              20.030782575000053
            ],
            [
              82.1013829420001,
              20.040882244000105
            ],
            [
              82.09027828300012,
              20.038422706000084
            ],
            [
              82.08588183199997,
              20.05073453300003
            ],
            [
              82.066099561,
              20.056794481000054
            ],
            [
              82.0566898120001,
              20.041683523000145
            ],
            [
              82.03846942500005,
              20.0296881990001
            ],
            [
              82.04058248100009,
              20.023089154000054
            ],
            [
              82.03303249100014,
              20.01598286700005
            ],
            [
              82.021645777,
              20.023523067000074
            ],
            [
              82.0232011790001,
              20.031898053000155
            ],
            [
              82.01809655611413,
              20.04836143236191
            ],
            [
              82.01184468100014,
              20.05427827100005
            ],
            [
              81.99500230099997,
              20.053844253000022
            ],
            [
              81.98746976900014,
              20.06076070200004
            ],
            [
              81.98366344300015,
              20.073772086000133
            ],
            [
              81.94677185400013,
              20.105189676000116
            ],
            [
              81.93691895700007,
              20.10236593800007
            ],
            [
              81.93512711500014,
              20.096796366000117
            ],
            [
              81.92489384400014,
              20.09105343300012
            ],
            [
              81.91684651500007,
              20.07305757600008
            ],
            [
              81.90230030600009,
              20.059075325000123
            ],
            [
              81.89584543699998,
              20.048396905000146
            ],
            [
              81.88689433600001,
              20.043932299000137
            ],
            [
              81.87582894021733,
              20.0512751665311
            ],
            [
              81.86486874199997,
              20.02670249300015
            ],
            [
              81.86689570700008,
              20.01131679700007
            ],
            [
              81.86159353200014,
              20.005211882000054
            ],
            [
              81.8548678060001,
              19.97198394400012
            ],
            [
              81.84536436399999,
              19.95895401600009
            ],
            [
              81.8453334190001,
              19.9515516160001
            ],
            [
              81.85692700600012,
              19.947349021000097
            ],
            [
              81.85302169900002,
              19.918682119000067
            ],
            [
              81.86964856200004,
              19.90236567600007
            ],
            [
              81.88376003700012,
              19.89483529600006
            ],
            [
              81.96823759600012,
              19.860006857000037
            ],
            [
              81.96536975700016,
              19.836794248000103
            ],
            [
              81.98686957100013,
              19.804097479000063
            ],
            [
              81.98620080900004,
              19.80096178100014
            ],
            [
              81.99586189000013,
              19.796876607000083
            ],
            [
              82.00894396700012,
              19.804345928000103
            ],
            [
              82.03429970100001,
              19.797368113000072
            ],
            [
              82.04875322900006,
              19.796979484000158
            ],
            [
              82.05256756500009,
              19.79259421600014
            ],
            [
              82.05940274300013,
              19.796699886000116
            ],
            [
              82.06604005400006,
              19.78658897000011
            ],
            [
              82.06065018100014,
              19.76607362700006
            ],
            [
              82.06448973300003,
              19.759021056000062
            ],
            [
              82.05108441000012,
              19.747477811000117
            ],
            [
              82.04807664500012,
              19.72611124600016
            ],
            [
              82.04981156999996,
              19.716690822000086
            ],
            [
              82.04442262100012,
              19.700039992000043
            ],
            [
              82.05552215600012,
              19.666105807000115
            ],
            [
              82.05171906200005,
              19.659690656000098
            ],
            [
              82.05586187300017,
              19.655158638000106
            ],
            [
              82.05237679400011,
              19.64645465900007
            ],
            [
              82.0574208040001,
              19.639598431000064
            ],
            [
              82.05916226600013,
              19.629097599000037
            ],
            [
              82.05069911500013,
              19.616818568000053
            ],
            [
              82.05169552000005,
              19.60818072300007
            ],
            [
              82.04441681800009,
              19.60552259400005
            ],
            [
              82.03984347500014,
              19.596464856000143
            ],
            [
              82.04412753300014,
              19.588917810000087
            ],
            [
              82.04358020900014,
              19.58256754600011
            ],
            [
              82.04972180900009,
              19.574042277000117
            ],
            [
              82.0459016070001,
              19.562570401000126
            ],
            [
              82.05060275699996,
              19.548323298000106
            ],
            [
              82.04776150200016,
              19.53253180000011
            ],
            [
              82.03741660100016,
              19.527539675000153
            ],
            [
              82.03453312800005,
              19.513704665000034
            ],
            [
              82.03168960200014,
              19.513993057000093
            ],
            [
              82.02878592800006,
              19.50789340500007
            ],
            [
              82.06597909600008,
              19.510424406000052
            ],
            [
              82.0761536690001,
              19.523751394000058
            ],
            [
              82.10000537099998,
              19.51685687200008
            ],
            [
              82.09741779700012,
              19.499686013000087
            ],
            [
              82.10803645700013,
              19.49446632600013
            ],
            [
              82.10724556700005,
              19.47384043300008
            ],
            [
              82.10286451800012,
              19.46622081400006
            ],
            [
              82.11358223000015,
              19.460415405000134
            ],
            [
              82.11361926800011,
              19.448211467000146
            ],
            [
              82.12614860900001,
              19.42922416200005
            ],
            [
              82.17136074900006,
              19.437191037000115
            ],
            [
              82.17827906500014,
              19.43674869600011
            ],
            [
              82.186159772,
              19.426690400000105
            ],
            [
              82.1898386150001,
              19.42648673700013
            ],
            [
              82.18944821600013,
              19.41534991100015
            ],
            [
              82.18248259500012,
              19.40948230700014
            ],
            [
              82.18429359700013,
              19.400684001000116
            ],
            [
              82.18059979400013,
              19.39257446000006
            ],
            [
              82.1818241930001,
              19.3842020090001
            ],
            [
              82.17754689800013,
              19.38300094700011
            ],
            [
              82.17886562400008,
              19.379120854000146
            ],
            [
              82.17329316800007,
              19.37709552600008
            ],
            [
              82.17142200700006,
              19.372882552000107
            ],
            [
              82.15310565400014,
              19.376925386000124
            ],
            [
              82.14816253500007,
              19.372045954000075
            ],
            [
              82.14734088000012,
              19.36566542900008
            ],
            [
              82.14858661300016,
              19.353981055000094
            ],
            [
              82.17787910500009,
              19.34359382200014
            ],
            [
              82.17796731600001,
              19.33984527800005
            ],
            [
              82.18678388300003,
              19.337323139000087
            ],
            [
              82.18783079800006,
              19.329767468000117
            ],
            [
              82.19348128800004,
              19.326896769000093
            ],
            [
              82.18088517200012,
              19.32374971400003
            ],
            [
              82.1751462570001,
              19.295811035000124
            ],
            [
              82.16580904800016,
              19.2882310980001
            ],
            [
              82.15851729400009,
              19.268287331000092
            ],
            [
              82.15828903600003,
              19.227117401000108
            ],
            [
              82.16953941099999,
              19.212730147000126
            ],
            [
              82.16163437600007,
              19.20211183300006
            ],
            [
              82.1681355570001,
              19.19546728800007
            ],
            [
              82.18120937500012,
              19.191403164000068
            ],
            [
              82.17569433400006,
              19.182441492000116
            ],
            [
              82.1816578680001,
              19.17828824300011
            ],
            [
              82.18234217000014,
              19.174190252000148
            ],
            [
              82.17673488900009,
              19.17224434200008
            ],
            [
              82.187093782,
              19.167645219000132
            ],
            [
              82.17821334100012,
              19.154521676000083
            ],
            [
              82.18144608300017,
              19.152586048000067
            ],
            [
              82.18034033700016,
              19.149416874000128
            ],
            [
              82.1738152450001,
              19.150269166000125
            ],
            [
              82.17005785900008,
              19.14641779200005
            ],
            [
              82.17629877500006,
              19.138872347000127
            ],
            [
              82.16666654800005,
              19.13364250300004
            ],
            [
              82.17319113600016,
              19.11883031600007
            ],
            [
              82.17693811400012,
              19.11901730500009
            ],
            [
              82.18352697000012,
              19.13392207300008
            ],
            [
              82.19719519200002,
              19.12175403100004
            ],
            [
              82.20908316800008,
              19.123650616000113
            ],
            [
              82.20970144900016,
              19.11750400700011
            ],
            [
              82.20635339500008,
              19.116509471000068
            ],
            [
              82.20312993499999,
              19.107897260000076
            ],
            [
              82.20777465999998,
              19.10188966000012
            ],
            [
              82.20556237900009,
              19.096922041000056
            ],
            [
              82.21444865000011,
              19.099464201000075
            ],
            [
              82.21903965600009,
              19.0948411690001
            ],
            [
              82.21378362400006,
              19.0828871880001
            ],
            [
              82.20383826000007,
              19.074762059000086
            ],
            [
              82.20123807800005,
              19.066761611000086
            ],
            [
              82.22446365500016,
              19.034710471000086
            ],
            [
              82.23248078100004,
              19.038466942000124
            ],
            [
              82.23639377700006,
              19.03263686400011
            ],
            [
              82.2372412760001,
              19.01991692000015
            ],
            [
              82.23484341800012,
              19.012945413000107
            ],
            [
              82.23270601600011,
              19.016624200000024
            ],
            [
              82.23310633400001,
              19.009618542000087
            ],
            [
              82.24614894300012,
              18.917846963000088
            ],
            [
              82.23999369200011,
              18.91287309800004
            ],
            [
              82.23580335800006,
              18.9135200110001
            ],
            [
              82.23052758300017,
              18.91858098000007
            ],
            [
              82.2178804470001,
              18.922323120000076
            ],
            [
              82.19218371100007,
              18.90751965900012
            ],
            [
              82.18110450700006,
              18.906909658000096
            ],
            [
              82.17601852100015,
              18.902475577000125
            ],
            [
              82.176520144,
              18.886779597000128
            ],
            [
              82.16910525100013,
              18.88174570400009
            ],
            [
              82.1650879560001,
              18.883190747000103
            ],
            [
              82.16085443800002,
              18.878579935000076
            ],
            [
              82.16917982199999,
              18.87301474700013
            ],
            [
              82.16659185000009,
              18.864943634000056
            ],
            [
              82.16183899200013,
              18.86186895400012
            ],
            [
              82.16241653600012,
              18.855087305000065
            ],
            [
              82.16740172100005,
              18.852509439000112
            ],
            [
              82.16569153800012,
              18.84421532500006
            ],
            [
              82.16890904600015,
              18.836388327000112
            ],
            [
              82.16041776300013,
              18.820015967000106
            ],
            [
              82.16590783200016,
              18.813838843000067
            ],
            [
              82.16089319300012,
              18.81205791600015
            ],
            [
              82.15663941900006,
              18.80419570000004
            ],
            [
              82.16452489600013,
              18.802115809000078
            ],
            [
              82.16556797000011,
              18.798978429000105
            ],
            [
              82.15994684000006,
              18.79527732900012
            ],
            [
              82.16081415600006,
              18.789580218000093
            ],
            [
              82.15728997799997,
              18.78550643100009
            ],
            [
              82.14085452499998,
              18.778676451000035
            ],
            [
              82.13334608400001,
              18.78055031200009
            ],
            [
              82.13324219300003,
              18.765810146000042
            ],
            [
              82.11996738400008,
              18.770077261000054
            ],
            [
              82.11070356600008,
              18.76597199200011
            ],
            [
              82.09079562200012,
              18.765100965000073
            ],
            [
              82.08852480400007,
              18.760756809000082
            ],
            [
              82.09311325400012,
              18.74195754100009
            ],
            [
              82.08593935400012,
              18.719159483000084
            ],
            [
              82.06846464300011,
              18.72599945600008
            ],
            [
              82.05936895800009,
              18.71802539400013
            ],
            [
              82.05404534600015,
              18.722716785000074
            ],
            [
              82.02861062400012,
              18.72302671700005
            ],
            [
              82.00889285699998,
              18.713218914000077
            ],
            [
              82.0020595220001,
              18.71356522200013
            ],
            [
              81.99448900000004,
              18.70450624000012
            ],
            [
              81.98765520600003,
              18.70521363400012
            ],
            [
              81.96761745100015,
              18.69665032700009
            ],
            [
              81.96009274000008,
              18.68882736900003
            ],
            [
              81.96870580700005,
              18.673628664000056
            ],
            [
              81.95386148400009,
              18.663510807000097
            ],
            [
              81.94856651100012,
              18.64359712300009
            ],
            [
              81.92144561100011,
              18.642105798000067
            ]
          ]
        ]
      }
    }
  ]
}